<?xml version="1.0" encoding="UTF-8"?>
<osm version="0.6" generator="openstreetmap-cgimap 2.1.0 (202845 spike-06.openstreetmap.org)" copyright="OpenStreetMap and contributors" attribution="http://www.openstreetmap.org/copyright" license="http://opendatacommons.org/licenses/odbl/1-0/">
 <bounds minlat="7.1391760" minlon="-73.1234870" maxlat="7.1422690" maxlon="-73.1159880"/>
 <node id="652471884" visible="true" version="10" changeset="164305061" timestamp="2025-03-30T20:53:58Z" user="Facalderonm" uid="1759764" lat="7.1399450" lon="-73.1230408"/>
 <node id="839087688" visible="true" version="10" changeset="164792155" timestamp="2025-04-11T00:05:25Z" user="Facalderonm" uid="1759764" lat="7.1416174" lon="-73.1320418"/>
 <node id="839088215" visible="true" version="11" changeset="164790072" timestamp="2025-04-10T22:25:57Z" user="Facalderonm" uid="1759764" lat="7.1391587" lon="-73.1274457"/>
 <node id="839088314" visible="true" version="12" changeset="164299848" timestamp="2025-03-30T18:41:33Z" user="Facalderonm" uid="1759764" lat="7.1393013" lon="-73.1192315"/>
 <node id="839089340" visible="true" version="13" changeset="164790740" timestamp="2025-04-10T22:56:27Z" user="Facalderonm" uid="1759764" lat="7.1386679" lon="-73.1299685"/>
 <node id="839090233" visible="true" version="14" changeset="164790740" timestamp="2025-04-10T22:56:27Z" user="Facalderonm" uid="1759764" lat="7.1398159" lon="-73.1240678"/>
 <node id="839090828" visible="true" version="12" changeset="164307816" timestamp="2025-03-30T22:46:34Z" user="Facalderonm" uid="1759764" lat="7.1404743" lon="-73.1211625"/>
 <node id="839091399" visible="true" version="7" changeset="157471523" timestamp="2024-10-04T17:23:43Z" user="JuanoDavo" uid="11097243" lat="7.1397475" lon="-73.1229963"/>
 <node id="839091666" visible="true" version="15" changeset="174778987" timestamp="2025-11-17T16:04:15Z" user="JuanMelo" uid="12906384" lat="7.1388296" lon="-73.1291378"/>
 <node id="839091693" visible="true" version="8" changeset="164227985" timestamp="2025-03-28T21:33:38Z" user="Facalderonm" uid="1759764" lat="7.1383119" lon="-73.1177418"/>
 <node id="839091980" visible="true" version="10" changeset="164299848" timestamp="2025-03-30T18:41:33Z" user="Facalderonm" uid="1759764" lat="7.1411184" lon="-73.1234436"/>
 <node id="839092984" visible="true" version="12" changeset="164790740" timestamp="2025-04-10T22:56:27Z" user="Facalderonm" uid="1759764" lat="7.1405000" lon="-73.1250808"/>
 <node id="839094512" visible="true" version="13" changeset="164300738" timestamp="2025-03-30T19:00:03Z" user="Facalderonm" uid="1759764" lat="7.1392031" lon="-73.1202051"/>
 <node id="839095713" visible="true" version="6" changeset="56454345" timestamp="2018-02-18T04:33:26Z" user="Lauretta_J" uid="7473667" lat="7.1423319" lon="-73.1225211"/>
 <node id="839096390" visible="true" version="13" changeset="164790740" timestamp="2025-04-10T22:56:27Z" user="Facalderonm" uid="1759764" lat="7.1394887" lon="-73.1257498"/>
 <node id="839097339" visible="true" version="14" changeset="164302575" timestamp="2025-03-30T19:41:52Z" user="Facalderonm" uid="1759764" lat="7.1404590" lon="-73.1201872"/>
 <node id="839097843" visible="true" version="8" changeset="164307755" timestamp="2025-03-30T22:43:53Z" user="Facalderonm" uid="1759764" lat="7.1393633" lon="-73.1180004"/>
 <node id="839098130" visible="true" version="8" changeset="164231513" timestamp="2025-03-29T00:29:01Z" user="Facalderonm" uid="1759764" lat="7.1393687" lon="-73.1171482"/>
 <node id="839098435" visible="true" version="8" changeset="164299848" timestamp="2025-03-30T18:41:33Z" user="Facalderonm" uid="1759764" lat="7.1395129" lon="-73.1214966"/>
 <node id="839099281" visible="true" version="10" changeset="164790072" timestamp="2025-04-10T22:25:57Z" user="Facalderonm" uid="1759764" lat="7.1382751" lon="-73.1319875"/>
 <node id="839100278" visible="true" version="14" changeset="164790740" timestamp="2025-04-10T22:56:27Z" user="Facalderonm" uid="1759764" lat="7.1406615" lon="-73.1242337"/>
 <node id="839100982" visible="true" version="7" changeset="164299848" timestamp="2025-03-30T18:41:33Z" user="Facalderonm" uid="1759764" lat="7.1418742" lon="-73.1231410"/>
 <node id="839101016" visible="true" version="12" changeset="164994246" timestamp="2025-04-15T16:39:28Z" user="Facalderonm" uid="1759764" lat="7.1389957" lon="-73.1282832"/>
 <node id="839101646" visible="true" version="15" changeset="164299848" timestamp="2025-03-30T18:41:33Z" user="Facalderonm" uid="1759764" lat="7.1393321" lon="-73.1200919"/>
 <node id="839101960" visible="true" version="13" changeset="164790740" timestamp="2025-04-10T22:56:27Z" user="Facalderonm" uid="1759764" lat="7.1396511" lon="-73.1249156"/>
 <node id="839101996" visible="true" version="17" changeset="164791217" timestamp="2025-04-10T23:19:41Z" user="Facalderonm" uid="1759764" lat="7.1387127" lon="-73.1229677"/>
 <node id="839103737" visible="true" version="10" changeset="164790740" timestamp="2025-04-10T22:56:27Z" user="Facalderonm" uid="1759764" lat="7.1403387" lon="-73.1259123"/>
 <node id="839104012" visible="true" version="13" changeset="164790740" timestamp="2025-04-10T22:56:27Z" user="Facalderonm" uid="1759764" lat="7.1393259" lon="-73.1265859"/>
 <node id="839104401" visible="true" version="11" changeset="164307755" timestamp="2025-03-30T22:43:53Z" user="Facalderonm" uid="1759764" lat="7.1408826" lon="-73.1202639"/>
 <node id="948467265" visible="true" version="7" changeset="164790072" timestamp="2025-04-10T22:25:57Z" user="Facalderonm" uid="1759764" lat="7.1383975" lon="-73.1313587"/>
 <node id="948467468" visible="true" version="9" changeset="164790740" timestamp="2025-04-10T22:56:27Z" user="Facalderonm" uid="1759764" lat="7.1385210" lon="-73.1307236"/>
 <node id="951833639" visible="true" version="9" changeset="164305061" timestamp="2025-03-30T20:53:58Z" user="Facalderonm" uid="1759764" lat="7.1404599" lon="-73.1202631"/>
 <node id="1102541569" visible="true" version="10" changeset="164395759" timestamp="2025-04-01T22:12:40Z" user="Facalderonm" uid="1759764" lat="7.1396566" lon="-73.1167968"/>
 <node id="1102541598" visible="true" version="11" changeset="164792155" timestamp="2025-04-11T00:05:25Z" user="Facalderonm" uid="1759764" lat="7.1416911" lon="-73.1310149"/>
 <node id="1329838998" visible="true" version="13" changeset="164525254" timestamp="2025-04-04T19:15:50Z" user="Facalderonm" uid="1759764" lat="7.1345919" lon="-73.1166537">
  <tag k="access" v="no"/>
  <tag k="barrier" v="gate"/>
 </node>
 <node id="1329929625" visible="true" version="4" changeset="157470043" timestamp="2024-10-04T16:45:58Z" user="JuanoDavo" uid="11097243" lat="7.1412674" lon="-73.1181458"/>
 <node id="1329929626" visible="true" version="4" changeset="157470043" timestamp="2024-10-04T16:45:58Z" user="JuanoDavo" uid="11097243" lat="7.1414701" lon="-73.1187204"/>
 <node id="1329929627" visible="true" version="4" changeset="157470043" timestamp="2024-10-04T16:45:58Z" user="JuanoDavo" uid="11097243" lat="7.1415180" lon="-73.1186309"/>
 <node id="1329929628" visible="true" version="4" changeset="157470043" timestamp="2024-10-04T16:45:58Z" user="JuanoDavo" uid="11097243" lat="7.1403889" lon="-73.1181505"/>
 <node id="1329929629" visible="true" version="4" changeset="157470043" timestamp="2024-10-04T16:45:58Z" user="JuanoDavo" uid="11097243" lat="7.1401207" lon="-73.1185576"/>
 <node id="1329929630" visible="true" version="4" changeset="157470043" timestamp="2024-10-04T16:45:58Z" user="JuanoDavo" uid="11097243" lat="7.1402422" lon="-73.1187647"/>
 <node id="1329929631" visible="true" version="4" changeset="157470043" timestamp="2024-10-04T16:45:58Z" user="JuanoDavo" uid="11097243" lat="7.1404865" lon="-73.1188730"/>
 <node id="1329929632" visible="true" version="4" changeset="157470043" timestamp="2024-10-04T16:45:58Z" user="JuanoDavo" uid="11097243" lat="7.1415374" lon="-73.1184519"/>
 <node id="1329929634" visible="true" version="4" changeset="157470043" timestamp="2024-10-04T16:45:58Z" user="JuanoDavo" uid="11097243" lat="7.1401717" lon="-73.1183104"/>
 <node id="1329929635" visible="true" version="4" changeset="157470043" timestamp="2024-10-04T16:45:58Z" user="JuanoDavo" uid="11097243" lat="7.1414327" lon="-73.1182408"/>
 <node id="1329929636" visible="true" version="4" changeset="157470043" timestamp="2024-10-04T16:45:58Z" user="JuanoDavo" uid="11097243" lat="7.1404485" lon="-73.1181423"/>
 <node id="1329929637" visible="true" version="4" changeset="157470043" timestamp="2024-10-04T16:45:58Z" user="JuanoDavo" uid="11097243" lat="7.1413938" lon="-73.1187980"/>
 <node id="1329929638" visible="true" version="4" changeset="157470043" timestamp="2024-10-04T16:45:58Z" user="JuanoDavo" uid="11097243" lat="7.1413799" lon="-73.1181971"/>
 <node id="1329929639" visible="true" version="4" changeset="157470043" timestamp="2024-10-04T16:45:58Z" user="JuanoDavo" uid="11097243" lat="7.1402782" lon="-73.1181988"/>
 <node id="1329929640" visible="true" version="4" changeset="157470043" timestamp="2024-10-04T16:45:58Z" user="JuanoDavo" uid="11097243" lat="7.1412144" lon="-73.1181408"/>
 <node id="1329929641" visible="true" version="4" changeset="157470043" timestamp="2024-10-04T16:45:58Z" user="JuanoDavo" uid="11097243" lat="7.1401351" lon="-73.1183888"/>
 <node id="1329929642" visible="true" version="4" changeset="157470043" timestamp="2024-10-04T16:45:58Z" user="JuanoDavo" uid="11097243" lat="7.1404164" lon="-73.1188651"/>
 <node id="1329929643" visible="true" version="4" changeset="157470043" timestamp="2024-10-04T16:45:58Z" user="JuanoDavo" uid="11097243" lat="7.1403276" lon="-73.1181731"/>
 <node id="1329929645" visible="true" version="4" changeset="157470043" timestamp="2024-10-04T16:45:58Z" user="JuanoDavo" uid="11097243" lat="7.1403503" lon="-73.1188420"/>
 <node id="1329929646" visible="true" version="4" changeset="157470043" timestamp="2024-10-04T16:45:58Z" user="JuanoDavo" uid="11097243" lat="7.1413147" lon="-73.1181617"/>
 <node id="1329929647" visible="true" version="4" changeset="157470043" timestamp="2024-10-04T16:45:58Z" user="JuanoDavo" uid="11097243" lat="7.1412703" lon="-73.1188584"/>
 <node id="1329929648" visible="true" version="4" changeset="157470043" timestamp="2024-10-04T16:45:58Z" user="JuanoDavo" uid="11097243" lat="7.1402136" lon="-73.1187395"/>
 <node id="1329929649" visible="true" version="4" changeset="157470043" timestamp="2024-10-04T16:45:58Z" user="JuanoDavo" uid="11097243" lat="7.1402885" lon="-73.1188046"/>
 <node id="1329929650" visible="true" version="4" changeset="157470043" timestamp="2024-10-04T16:45:58Z" user="JuanoDavo" uid="11097243" lat="7.1402288" lon="-73.1182371"/>
 <node id="1329929651" visible="true" version="4" changeset="157470043" timestamp="2024-10-04T16:45:58Z" user="JuanoDavo" uid="11097243" lat="7.1415314" lon="-73.1185858"/>
 <node id="1329929652" visible="true" version="4" changeset="157470043" timestamp="2024-10-04T16:45:58Z" user="JuanoDavo" uid="11097243" lat="7.1401574" lon="-73.1186563"/>
 <node id="1329929655" visible="true" version="4" changeset="157470043" timestamp="2024-10-04T16:45:58Z" user="JuanoDavo" uid="11097243" lat="7.1413161" lon="-73.1188426"/>
 <node id="1329929656" visible="true" version="4" changeset="157470043" timestamp="2024-10-04T16:45:58Z" user="JuanoDavo" uid="11097243" lat="7.1414948" lon="-73.1186816"/>
 <node id="1329929657" visible="true" version="4" changeset="157470043" timestamp="2024-10-04T16:45:58Z" user="JuanoDavo" uid="11097243" lat="7.1401160" lon="-73.1184769"/>
 <node id="1329929658" visible="true" version="4" changeset="157470043" timestamp="2024-10-04T16:45:58Z" user="JuanoDavo" uid="11097243" lat="7.1415403" lon="-73.1185231"/>
 <node id="1329929660" visible="true" version="4" changeset="157470043" timestamp="2024-10-04T16:45:58Z" user="JuanoDavo" uid="11097243" lat="7.1414845" lon="-73.1183058"/>
 <node id="1329929661" visible="true" version="4" changeset="157470043" timestamp="2024-10-04T16:45:58Z" user="JuanoDavo" uid="11097243" lat="7.1415165" lon="-73.1183703"/>
 <node id="1329929662" visible="true" version="4" changeset="157470043" timestamp="2024-10-04T16:45:58Z" user="JuanoDavo" uid="11097243" lat="7.1414380" lon="-73.1187588"/>
 <node id="1480041128" visible="true" version="2" changeset="164792155" timestamp="2025-04-11T00:05:25Z" user="Facalderonm" uid="1759764" lat="7.1419787" lon="-73.1331080"/>
 <node id="1480041165" visible="true" version="2" changeset="164792155" timestamp="2025-04-11T00:05:25Z" user="Facalderonm" uid="1759764" lat="7.1416516" lon="-73.1320486"/>
 <node id="1480041278" visible="true" version="2" changeset="164792155" timestamp="2025-04-11T00:05:25Z" user="Facalderonm" uid="1759764" lat="7.1419353" lon="-73.1333308"/>
 <node id="1686596977" visible="true" version="3" changeset="157470043" timestamp="2024-10-04T16:45:58Z" user="JuanoDavo" uid="11097243" lat="7.1405317" lon="-73.1175977"/>
 <node id="1686597005" visible="true" version="8" changeset="164299848" timestamp="2025-03-30T18:41:33Z" user="Facalderonm" uid="1759764" lat="7.1392685" lon="-73.1201309"/>
 <node id="1686597009" visible="true" version="4" changeset="164227985" timestamp="2025-03-28T21:33:38Z" user="Facalderonm" uid="1759764" lat="7.1377162" lon="-73.1179258"/>
 <node id="1686597012" visible="true" version="5" changeset="164307755" timestamp="2025-03-30T22:43:53Z" user="Facalderonm" uid="1759764" lat="7.1405815" lon="-73.1161363"/>
 <node id="1686597013" visible="true" version="3" changeset="157470043" timestamp="2024-10-04T16:45:58Z" user="JuanoDavo" uid="11097243" lat="7.1397734" lon="-73.1169159"/>
 <node id="1686597027" visible="true" version="5" changeset="164307755" timestamp="2025-03-30T22:43:53Z" user="Facalderonm" uid="1759764" lat="7.1391770" lon="-73.1173859"/>
 <node id="1686597029" visible="true" version="3" changeset="164227985" timestamp="2025-03-28T21:33:38Z" user="Facalderonm" uid="1759764" lat="7.1378473" lon="-73.1195396"/>
 <node id="1686597034" visible="true" version="8" changeset="164302575" timestamp="2025-03-30T19:41:52Z" user="Facalderonm" uid="1759764" lat="7.1390641" lon="-73.1201486"/>
 <node id="1686597038" visible="true" version="3" changeset="164227985" timestamp="2025-03-28T21:33:38Z" user="Facalderonm" uid="1759764" lat="7.1378139" lon="-73.1198770"/>
 <node id="1686597039" visible="true" version="2" changeset="56453754" timestamp="2018-02-18T03:05:07Z" user="Lauretta_J" uid="7473667" lat="7.1398574" lon="-73.1167928"/>
 <node id="1686597040" visible="true" version="3" changeset="157470043" timestamp="2024-10-04T16:45:58Z" user="JuanoDavo" uid="11097243" lat="7.1397956" lon="-73.1168677"/>
 <node id="1686597044" visible="true" version="3" changeset="164227985" timestamp="2025-03-28T21:33:38Z" user="Facalderonm" uid="1759764" lat="7.1377370" lon="-73.1185456"/>
 <node id="1686597066" visible="true" version="4" changeset="164227985" timestamp="2025-03-28T21:33:38Z" user="Facalderonm" uid="1759764" lat="7.1385291" lon="-73.1176964"/>
 <node id="1686597074" visible="true" version="4" changeset="164227985" timestamp="2025-03-28T21:33:38Z" user="Facalderonm" uid="1759764" lat="7.1385012" lon="-73.1178159"/>
 <node id="1686597093" visible="true" version="3" changeset="164227985" timestamp="2025-03-28T21:33:38Z" user="Facalderonm" uid="1759764" lat="7.1378800" lon="-73.1199712"/>
 <node id="1686597094" visible="true" version="4" changeset="164227985" timestamp="2025-03-28T21:33:38Z" user="Facalderonm" uid="1759764" lat="7.1382682" lon="-73.1201374"/>
 <node id="1686597105" visible="true" version="4" changeset="157470043" timestamp="2024-10-04T16:45:58Z" user="JuanoDavo" uid="11097243" lat="7.1410425" lon="-73.1172140"/>
 <node id="1686597107" visible="true" version="5" changeset="164227985" timestamp="2025-03-28T21:33:38Z" user="Facalderonm" uid="1759764" lat="7.1383779" lon="-73.1201476"/>
 <node id="1686599626" visible="true" version="11" changeset="164305254" timestamp="2025-03-30T21:00:57Z" user="Facalderonm" uid="1759764" lat="7.1402206" lon="-73.1192149"/>
 <node id="1686599628" visible="true" version="6" changeset="164307755" timestamp="2025-03-30T22:43:53Z" user="Facalderonm" uid="1759764" lat="7.1393699" lon="-73.1188661"/>
 <node id="1686599632" visible="true" version="7" changeset="164307755" timestamp="2025-03-30T22:43:53Z" user="Facalderonm" uid="1759764" lat="7.1393768" lon="-73.1175934"/>
 <node id="1686599648" visible="true" version="10" changeset="164305061" timestamp="2025-03-30T20:53:58Z" user="Facalderonm" uid="1759764" lat="7.1414887" lon="-73.1191920"/>
 <node id="1686599650" visible="true" version="6" changeset="164307755" timestamp="2025-03-30T22:43:53Z" user="Facalderonm" uid="1759764" lat="7.1398928" lon="-73.1179962"/>
 <node id="1686599653" visible="true" version="6" changeset="164307755" timestamp="2025-03-30T22:43:53Z" user="Facalderonm" uid="1759764" lat="7.1398994" lon="-73.1188620"/>
 <node id="1686599655" visible="true" version="6" changeset="164307755" timestamp="2025-03-30T22:43:53Z" user="Facalderonm" uid="1759764" lat="7.1399004" lon="-73.1175888"/>
 <node id="1686599657" visible="true" version="6" changeset="164307755" timestamp="2025-03-30T22:43:53Z" user="Facalderonm" uid="1759764" lat="7.1393799" lon="-73.1179535"/>
 <node id="1686599659" visible="true" version="6" changeset="164307755" timestamp="2025-03-30T22:43:53Z" user="Facalderonm" uid="1759764" lat="7.1398676" lon="-73.1179492"/>
 <node id="1742250650" visible="true" version="5" changeset="164305061" timestamp="2025-03-30T20:53:58Z" user="Facalderonm" uid="1759764" lat="7.1408596" lon="-73.1211222"/>
 <node id="1742250651" visible="true" version="6" changeset="164305061" timestamp="2025-03-30T20:53:58Z" user="Facalderonm" uid="1759764" lat="7.1408510" lon="-73.1207099"/>
 <node id="1742250652" visible="true" version="5" changeset="164305061" timestamp="2025-03-30T20:53:58Z" user="Facalderonm" uid="1759764" lat="7.1411667" lon="-73.1211157"/>
 <node id="1742250653" visible="true" version="5" changeset="164305061" timestamp="2025-03-30T20:53:58Z" user="Facalderonm" uid="1759764" lat="7.1411581" lon="-73.1207033"/>
 <node id="1881688619" visible="true" version="2" changeset="164297914" timestamp="2025-03-30T17:50:05Z" user="Facalderonm" uid="1759764" lat="7.1525607" lon="-73.1239756"/>
 <node id="1881688627" visible="true" version="2" changeset="164297914" timestamp="2025-03-30T17:50:05Z" user="Facalderonm" uid="1759764" lat="7.1532176" lon="-73.1226135"/>
 <node id="1881688646" visible="true" version="2" changeset="164297914" timestamp="2025-03-30T17:50:05Z" user="Facalderonm" uid="1759764" lat="7.1523159" lon="-73.1246568"/>
 <node id="1881688661" visible="true" version="2" changeset="164297914" timestamp="2025-03-30T17:50:05Z" user="Facalderonm" uid="1759764" lat="7.1527443" lon="-73.1235528"/>
 <node id="1881688716" visible="true" version="2" changeset="164297914" timestamp="2025-03-30T17:50:05Z" user="Facalderonm" uid="1759764" lat="7.1522870" lon="-73.1249089"/>
 <node id="1883250880" visible="true" version="2" changeset="56302224" timestamp="2018-02-12T18:34:29Z" user="Lauretta_J" uid="7473667" lat="7.1436106" lon="-73.1097616"/>
 <node id="1883250883" visible="true" version="2" changeset="164297914" timestamp="2025-03-30T17:50:05Z" user="Facalderonm" uid="1759764" lat="7.1483434" lon="-73.1068444"/>
 <node id="1883250885" visible="true" version="2" changeset="164441019" timestamp="2025-04-02T21:53:13Z" user="Facalderonm" uid="1759764" lat="7.1427975" lon="-73.1101805"/>
 <node id="1883250886" visible="true" version="1" changeset="12861245" timestamp="2012-08-25T23:40:45Z" user="bastien59360" uid="273304" lat="7.1468094" lon="-73.1102372"/>
 <node id="1883250888" visible="true" version="2" changeset="164441019" timestamp="2025-04-02T21:53:13Z" user="Facalderonm" uid="1759764" lat="7.1423778" lon="-73.1103000"/>
 <node id="1883250899" visible="true" version="1" changeset="12861245" timestamp="2012-08-25T23:40:46Z" user="bastien59360" uid="273304" lat="7.1462452" lon="-73.1101514"/>
 <node id="1883250903" visible="true" version="1" changeset="12861245" timestamp="2012-08-25T23:40:46Z" user="bastien59360" uid="273304" lat="7.1452764" lon="-73.1120825"/>
 <node id="1883250904" visible="true" version="1" changeset="12861245" timestamp="2012-08-25T23:40:46Z" user="bastien59360" uid="273304" lat="7.1459790" lon="-73.1137992"/>
 <node id="1883250906" visible="true" version="1" changeset="12861245" timestamp="2012-08-25T23:40:46Z" user="bastien59360" uid="273304" lat="7.1448187" lon="-73.1099582"/>
 <node id="1883250909" visible="true" version="1" changeset="12861245" timestamp="2012-08-25T23:40:46Z" user="bastien59360" uid="273304" lat="7.1452977" lon="-73.1108702"/>
 <node id="1883250918" visible="true" version="1" changeset="12861245" timestamp="2012-08-25T23:40:46Z" user="bastien59360" uid="273304" lat="7.1430941" lon="-73.1090785"/>
 <node id="1883250919" visible="true" version="2" changeset="164296571" timestamp="2025-03-30T17:14:35Z" user="Facalderonm" uid="1759764" lat="7.1461605" lon="-73.1163389"/>
 <node id="1883250921" visible="true" version="2" changeset="164296571" timestamp="2025-03-30T17:14:35Z" user="Facalderonm" uid="1759764" lat="7.1405351" lon="-73.1152844"/>
 <node id="1883250925" visible="true" version="1" changeset="12861245" timestamp="2012-08-25T23:40:47Z" user="bastien59360" uid="273304" lat="7.1470223" lon="-73.1106234"/>
 <node id="1883250936" visible="true" version="2" changeset="164296571" timestamp="2025-03-30T17:14:35Z" user="Facalderonm" uid="1759764" lat="7.1418422" lon="-73.1102532"/>
 <node id="1883250940" visible="true" version="2" changeset="55525615" timestamp="2018-01-17T15:56:57Z" user="edwige15" uid="7490097" lat="7.1437323" lon="-73.1103307"/>
 <node id="1883250942" visible="true" version="3" changeset="164441019" timestamp="2025-04-02T21:53:13Z" user="Facalderonm" uid="1759764" lat="7.1413708" lon="-73.1098196"/>
 <node id="1883250948" visible="true" version="1" changeset="12861245" timestamp="2012-08-25T23:40:48Z" user="bastien59360" uid="273304" lat="7.1437648" lon="-73.1112886"/>
 <node id="1883250949" visible="true" version="1" changeset="12861245" timestamp="2012-08-25T23:40:48Z" user="bastien59360" uid="273304" lat="7.1462084" lon="-73.1070105"/>
 <node id="1883250950" visible="true" version="1" changeset="12861245" timestamp="2012-08-25T23:40:48Z" user="bastien59360" uid="273304" lat="7.1449358" lon="-73.1085098"/>
 <node id="1883250951" visible="true" version="2" changeset="164296571" timestamp="2025-03-30T17:14:35Z" user="Facalderonm" uid="1759764" lat="7.1462289" lon="-73.1143205"/>
 <node id="1883250953" visible="true" version="2" changeset="164296571" timestamp="2025-03-30T17:14:35Z" user="Facalderonm" uid="1759764" lat="7.1446318" lon="-73.1161758"/>
 <node id="1883250956" visible="true" version="2" changeset="164441019" timestamp="2025-04-02T21:53:13Z" user="Facalderonm" uid="1759764" lat="7.1428380" lon="-73.1095217"/>
 <node id="1883250959" visible="true" version="1" changeset="12861245" timestamp="2012-08-25T23:40:48Z" user="bastien59360" uid="273304" lat="7.1455697" lon="-73.1074611"/>
 <node id="1883250960" visible="true" version="1" changeset="12861245" timestamp="2012-08-25T23:40:48Z" user="bastien59360" uid="273304" lat="7.1469217" lon="-73.1068174"/>
 <node id="1883250961" visible="true" version="2" changeset="164296571" timestamp="2025-03-30T17:14:35Z" user="Facalderonm" uid="1759764" lat="7.1430262" lon="-73.1124322"/>
 <node id="1883250962" visible="true" version="2" changeset="164296571" timestamp="2025-03-30T17:14:35Z" user="Facalderonm" uid="1759764" lat="7.1438369" lon="-73.1151864"/>
 <node id="1883250977" visible="true" version="1" changeset="12861245" timestamp="2012-08-25T23:40:49Z" user="bastien59360" uid="273304" lat="7.1466178" lon="-73.1100870"/>
 <node id="1883250978" visible="true" version="2" changeset="164296571" timestamp="2025-03-30T17:14:35Z" user="Facalderonm" uid="1759764" lat="7.1430215" lon="-73.1131603"/>
 <node id="1883250979" visible="true" version="1" changeset="12861245" timestamp="2012-08-25T23:40:49Z" user="bastien59360" uid="273304" lat="7.1476717" lon="-73.1067503"/>
 <node id="1883250980" visible="true" version="1" changeset="12861245" timestamp="2012-08-25T23:40:49Z" user="bastien59360" uid="273304" lat="7.1436477" lon="-73.1111921"/>
 <node id="1883250982" visible="true" version="1" changeset="12861245" timestamp="2012-08-25T23:40:49Z" user="bastien59360" uid="273304" lat="7.1472991" lon="-73.1111706"/>
 <node id="1883250983" visible="true" version="2" changeset="164297914" timestamp="2025-03-30T17:50:05Z" user="Facalderonm" uid="1759764" lat="7.1481399" lon="-73.1127671"/>
 <node id="1883250984" visible="true" version="1" changeset="12861245" timestamp="2012-08-25T23:40:49Z" user="bastien59360" uid="273304" lat="7.1446861" lon="-73.1106798"/>
 <node id="1883250988" visible="true" version="1" changeset="12861245" timestamp="2012-08-25T23:40:49Z" user="bastien59360" uid="273304" lat="7.1444200" lon="-73.1112377"/>
 <node id="1883250989" visible="true" version="1" changeset="12861245" timestamp="2012-08-25T23:40:49Z" user="bastien59360" uid="273304" lat="7.1452232" lon="-73.1077910"/>
 <node id="1883250990" visible="true" version="1" changeset="12861245" timestamp="2012-08-25T23:40:49Z" user="bastien59360" uid="273304" lat="7.1434986" lon="-73.1104840"/>
 <node id="1883250991" visible="true" version="2" changeset="164296571" timestamp="2025-03-30T17:14:35Z" user="Facalderonm" uid="1759764" lat="7.1459072" lon="-73.1166081"/>
 <node id="1883251000" visible="true" version="2" changeset="164296571" timestamp="2025-03-30T17:14:35Z" user="Facalderonm" uid="1759764" lat="7.1432535" lon="-73.1138818"/>
 <node id="1883251003" visible="true" version="2" changeset="164441019" timestamp="2025-04-02T21:53:13Z" user="Facalderonm" uid="1759764" lat="7.1428876" lon="-73.1097884"/>
 <node id="1883251005" visible="true" version="2" changeset="164297914" timestamp="2025-03-30T17:50:05Z" user="Facalderonm" uid="1759764" lat="7.1494729" lon="-73.1144887"/>
 <node id="1883251008" visible="true" version="2" changeset="164296571" timestamp="2025-03-30T17:14:35Z" user="Facalderonm" uid="1759764" lat="7.1408801" lon="-73.1094456"/>
 <node id="1883251009" visible="true" version="1" changeset="12861245" timestamp="2012-08-25T23:40:50Z" user="bastien59360" uid="273304" lat="7.1455958" lon="-73.1126404"/>
 <node id="1883251011" visible="true" version="1" changeset="12861245" timestamp="2012-08-25T23:40:50Z" user="bastien59360" uid="273304" lat="7.1447867" lon="-73.1093145"/>
 <node id="1883251015" visible="true" version="1" changeset="12861245" timestamp="2012-08-25T23:40:50Z" user="bastien59360" uid="273304" lat="7.1434880" lon="-73.1093145"/>
 <node id="1883251019" visible="true" version="2" changeset="164297914" timestamp="2025-03-30T17:50:05Z" user="Facalderonm" uid="1759764" lat="7.1496737" lon="-73.1070154"/>
 <node id="1883251022" visible="true" version="2" changeset="164296571" timestamp="2025-03-30T17:14:35Z" user="Facalderonm" uid="1759764" lat="7.1424692" lon="-73.1128088"/>
 <node id="2235743167" visible="true" version="4" changeset="164439538" timestamp="2025-04-02T20:55:09Z" user="Facalderonm" uid="1759764" lat="7.1345412" lon="-73.1124361"/>
 <node id="2246907776" visible="true" version="1" changeset="15597201" timestamp="2013-04-03T16:54:17Z" user="HMac" uid="1223983" lat="7.1391717" lon="-73.1086136"/>
 <node id="2791578977" visible="true" version="4" changeset="164299848" timestamp="2025-03-30T18:41:33Z" user="Facalderonm" uid="1759764" lat="7.1417548" lon="-73.1232282"/>
 <node id="2791578979" visible="true" version="3" changeset="56454345" timestamp="2018-02-18T04:33:26Z" user="Lauretta_J" uid="7473667" lat="7.1421313" lon="-73.1227897"/>
 <node id="2791578981" visible="true" version="6" changeset="164296571" timestamp="2025-03-30T17:14:35Z" user="Facalderonm" uid="1759764" lat="7.1430800" lon="-73.1217877">
  <tag k="highway" v="turning_circle"/>
 </node>
 <node id="2791578992" visible="true" version="7" changeset="164299848" timestamp="2025-03-30T18:41:33Z" user="Facalderonm" uid="1759764" lat="7.1399811" lon="-73.1232186"/>
 <node id="2791579000" visible="true" version="10" changeset="164299848" timestamp="2025-03-30T18:41:33Z" user="Facalderonm" uid="1759764" lat="7.1393215" lon="-73.1195249"/>
 <node id="2791588714" visible="true" version="8" changeset="164300738" timestamp="2025-03-30T19:00:03Z" user="Facalderonm" uid="1759764" lat="7.1393372" lon="-73.1202825"/>
 <node id="2791588733" visible="true" version="7" changeset="164300738" timestamp="2025-03-30T19:00:03Z" user="Facalderonm" uid="1759764" lat="7.1393612" lon="-73.1211809"/>
 <node id="2791599645" visible="true" version="12" changeset="164791217" timestamp="2025-04-10T23:19:41Z" user="Facalderonm" uid="1759764" lat="7.1393888" lon="-73.1239840"/>
 <node id="2791599646" visible="true" version="9" changeset="164791217" timestamp="2025-04-10T23:19:41Z" user="Facalderonm" uid="1759764" lat="7.1395511" lon="-73.1231336"/>
 <node id="3061857936" visible="true" version="8" changeset="164305061" timestamp="2025-03-30T20:53:58Z" user="Facalderonm" uid="1759764" lat="7.1412821" lon="-73.1231209"/>
 <node id="3061857937" visible="true" version="8" changeset="164305061" timestamp="2025-03-30T20:53:58Z" user="Facalderonm" uid="1759764" lat="7.1411097" lon="-73.1230758"/>
 <node id="3061857938" visible="true" version="7" changeset="164305061" timestamp="2025-03-30T20:53:58Z" user="Facalderonm" uid="1759764" lat="7.1408089" lon="-73.1227228"/>
 <node id="3061857939" visible="true" version="7" changeset="164305061" timestamp="2025-03-30T20:53:58Z" user="Facalderonm" uid="1759764" lat="7.1409063" lon="-73.1227219"/>
 <node id="3061857940" visible="true" version="7" changeset="164305061" timestamp="2025-03-30T20:53:58Z" user="Facalderonm" uid="1759764" lat="7.1409046" lon="-73.1225411"/>
 <node id="3061857941" visible="true" version="7" changeset="164305061" timestamp="2025-03-30T20:53:58Z" user="Facalderonm" uid="1759764" lat="7.1411796" lon="-73.1225386"/>
 <node id="3061857942" visible="true" version="7" changeset="164305061" timestamp="2025-03-30T20:53:58Z" user="Facalderonm" uid="1759764" lat="7.1411813" lon="-73.1227282"/>
 <node id="3061857943" visible="true" version="7" changeset="164305061" timestamp="2025-03-30T20:53:58Z" user="Facalderonm" uid="1759764" lat="7.1412784" lon="-73.1227272"/>
 <node id="3185164920" visible="true" version="4" changeset="164299848" timestamp="2025-03-30T18:41:33Z" user="Facalderonm" uid="1759764" lat="7.1387681" lon="-73.1214622"/>
 <node id="3185164929" visible="true" version="5" changeset="164307755" timestamp="2025-03-30T22:43:53Z" user="Facalderonm" uid="1759764" lat="7.1393989" lon="-73.1172862"/>
 <node id="3185164933" visible="true" version="4" changeset="164307755" timestamp="2025-03-30T22:43:53Z" user="Facalderonm" uid="1759764" lat="7.1395733" lon="-73.1170524"/>
 <node id="3185164934" visible="true" version="6" changeset="164307755" timestamp="2025-03-30T22:43:53Z" user="Facalderonm" uid="1759764" lat="7.1396442" lon="-73.1170497"/>
 <node id="3185164936" visible="true" version="7" changeset="164299848" timestamp="2025-03-30T18:41:33Z" user="Facalderonm" uid="1759764" lat="7.1395941" lon="-73.1230611"/>
 <node id="3185164939" visible="true" version="3" changeset="164231513" timestamp="2025-03-29T00:29:01Z" user="Facalderonm" uid="1759764" lat="7.1399197" lon="-73.1166185"/>
 <node id="3185164940" visible="true" version="5" changeset="164296571" timestamp="2025-03-30T17:14:35Z" user="Facalderonm" uid="1759764" lat="7.1398902" lon="-73.1165314"/>
 <node id="3185164944" visible="true" version="4" changeset="164231513" timestamp="2025-03-29T00:29:01Z" user="Facalderonm" uid="1759764" lat="7.1399996" lon="-73.1162265"/>
 <node id="3185164947" visible="true" version="3" changeset="164231513" timestamp="2025-03-29T00:29:01Z" user="Facalderonm" uid="1759764" lat="7.1401396" lon="-73.1157718"/>
 <node id="3185164948" visible="true" version="3" changeset="164231513" timestamp="2025-03-29T00:29:01Z" user="Facalderonm" uid="1759764" lat="7.1402067" lon="-73.1155340"/>
 <node id="3185164951" visible="true" version="3" changeset="164231513" timestamp="2025-03-29T00:29:01Z" user="Facalderonm" uid="1759764" lat="7.1402661" lon="-73.1155215"/>
 <node id="3185164952" visible="true" version="4" changeset="164296571" timestamp="2025-03-30T17:14:35Z" user="Facalderonm" uid="1759764" lat="7.1405539" lon="-73.1157729"/>
 <node id="3185164959" visible="true" version="4" changeset="164296571" timestamp="2025-03-30T17:14:35Z" user="Facalderonm" uid="1759764" lat="7.1406622" lon="-73.1159032"/>
 <node id="3185165273" visible="true" version="5" changeset="164296571" timestamp="2025-03-30T17:14:35Z" user="Facalderonm" uid="1759764" lat="7.1409814" lon="-73.1163979"/>
 <node id="3185165274" visible="true" version="5" changeset="164299848" timestamp="2025-03-30T18:41:33Z" user="Facalderonm" uid="1759764" lat="7.1411717" lon="-73.1233788"/>
 <node id="3185165278" visible="true" version="6" changeset="164296571" timestamp="2025-03-30T17:14:35Z" user="Facalderonm" uid="1759764" lat="7.1417677" lon="-73.1172260"/>
 <node id="3185165280" visible="true" version="4" changeset="164299848" timestamp="2025-03-30T18:41:33Z" user="Facalderonm" uid="1759764" lat="7.1418276" lon="-73.1231584"/>
 <node id="3185165282" visible="true" version="4" changeset="164299848" timestamp="2025-03-30T18:41:33Z" user="Facalderonm" uid="1759764" lat="7.1419483" lon="-73.1229889"/>
 <node id="3185165284" visible="true" version="4" changeset="164299848" timestamp="2025-03-30T18:41:33Z" user="Facalderonm" uid="1759764" lat="7.1422829" lon="-73.1225407"/>
 <node id="3185165289" visible="true" version="3" changeset="164296571" timestamp="2025-03-30T17:14:35Z" user="Facalderonm" uid="1759764" lat="7.1420596" lon="-73.1200233"/>
 <node id="3185165296" visible="true" version="5" changeset="164296571" timestamp="2025-03-30T17:14:35Z" user="Facalderonm" uid="1759764" lat="7.1422037" lon="-73.1194782"/>
 <node id="3185165310" visible="true" version="4" changeset="164305061" timestamp="2025-03-30T20:53:58Z" user="Facalderonm" uid="1759764" lat="7.1428888" lon="-73.1219399"/>
 <node id="3185165312" visible="true" version="2" changeset="88544749" timestamp="2020-07-27T06:22:19Z" user="Caravanserai" uid="10019202" lat="7.1422999" lon="-73.1204731"/>
 <node id="3185165325" visible="true" version="6" changeset="164296571" timestamp="2025-03-30T17:14:35Z" user="Facalderonm" uid="1759764" lat="7.1424428" lon="-73.1175903"/>
 <node id="3185165330" visible="true" version="5" changeset="164296571" timestamp="2025-03-30T17:14:35Z" user="Facalderonm" uid="1759764" lat="7.1427399" lon="-73.1212963"/>
 <node id="3185165334" visible="true" version="6" changeset="164296571" timestamp="2025-03-30T17:14:35Z" user="Facalderonm" uid="1759764" lat="7.1429364" lon="-73.1210050"/>
 <node id="3185165335" visible="true" version="6" changeset="164305061" timestamp="2025-03-30T20:53:58Z" user="Facalderonm" uid="1759764" lat="7.1430892" lon="-73.1217411"/>
 <node id="4077105103" visible="true" version="4" changeset="164227985" timestamp="2025-03-28T21:33:38Z" user="Facalderonm" uid="1759764" lat="7.1387121" lon="-73.1175458"/>
 <node id="4715393315" visible="true" version="5" changeset="164525254" timestamp="2025-04-04T19:15:50Z" user="Facalderonm" uid="1759764" lat="7.1345941" lon="-73.1167063"/>
 <node id="4715393316" visible="true" version="5" changeset="164525254" timestamp="2025-04-04T19:15:50Z" user="Facalderonm" uid="1759764" lat="7.1346206" lon="-73.1173349"/>
 <node id="4829139880" visible="true" version="6" changeset="164231513" timestamp="2025-03-29T00:29:01Z" user="Facalderonm" uid="1759764" lat="7.1402154" lon="-73.1154439"/>
 <node id="4829149528" visible="true" version="6" changeset="164791739" timestamp="2025-04-10T23:45:51Z" user="Facalderonm" uid="1759764" lat="7.1413669" lon="-73.1251994"/>
 <node id="4829149533" visible="true" version="5" changeset="164305061" timestamp="2025-03-30T20:53:58Z" user="Facalderonm" uid="1759764" lat="7.1414553" lon="-73.1198593"/>
 <node id="4829149534" visible="true" version="5" changeset="164305061" timestamp="2025-03-30T20:53:58Z" user="Facalderonm" uid="1759764" lat="7.1414878" lon="-73.1202240"/>
 <node id="4829149535" visible="true" version="5" changeset="164305061" timestamp="2025-03-30T20:53:58Z" user="Facalderonm" uid="1759764" lat="7.1415281" lon="-73.1202867"/>
 <node id="4829149537" visible="true" version="5" changeset="164305061" timestamp="2025-03-30T20:53:58Z" user="Facalderonm" uid="1759764" lat="7.1416045" lon="-73.1203501"/>
 <node id="4829149538" visible="true" version="6" changeset="164305061" timestamp="2025-03-30T20:53:58Z" user="Facalderonm" uid="1759764" lat="7.1417962" lon="-73.1203933"/>
 <node id="4829149539" visible="true" version="6" changeset="164305061" timestamp="2025-03-30T20:53:58Z" user="Facalderonm" uid="1759764" lat="7.1419321" lon="-73.1204128"/>
 <node id="4829149540" visible="true" version="5" changeset="164305061" timestamp="2025-03-30T20:53:58Z" user="Facalderonm" uid="1759764" lat="7.1422143" lon="-73.1205034"/>
 <node id="4829149541" visible="true" version="4" changeset="157563325" timestamp="2024-10-07T03:22:12Z" user="JuanoDavo" uid="11097243" lat="7.1423500" lon="-73.1206009"/>
 <node id="4829149542" visible="true" version="4" changeset="157563325" timestamp="2024-10-07T03:22:12Z" user="JuanoDavo" uid="11097243" lat="7.1425598" lon="-73.1209217"/>
 <node id="4829149543" visible="true" version="4" changeset="157563325" timestamp="2024-10-07T03:22:12Z" user="JuanoDavo" uid="11097243" lat="7.1426039" lon="-73.1210692"/>
 <node id="4829149544" visible="true" version="4" changeset="164305061" timestamp="2025-03-30T20:53:58Z" user="Facalderonm" uid="1759764" lat="7.1426499" lon="-73.1217910"/>
 <node id="4829149546" visible="true" version="5" changeset="164305061" timestamp="2025-03-30T20:53:58Z" user="Facalderonm" uid="1759764" lat="7.1426195" lon="-73.1219296"/>
 <node id="4829149547" visible="true" version="4" changeset="164305061" timestamp="2025-03-30T20:53:58Z" user="Facalderonm" uid="1759764" lat="7.1420726" lon="-73.1226807"/>
 <node id="4829149548" visible="true" version="3" changeset="79029683" timestamp="2019-12-30T20:21:38Z" user="EptingR" uid="9395900" lat="7.1419477" lon="-73.1228080"/>
 <node id="4829149549" visible="true" version="3" changeset="79029683" timestamp="2019-12-30T20:21:38Z" user="EptingR" uid="9395900" lat="7.1418526" lon="-73.1228811"/>
 <node id="4829149550" visible="true" version="2" changeset="79029683" timestamp="2019-12-30T20:21:38Z" user="EptingR" uid="9395900" lat="7.1416346" lon="-73.1230099"/>
 <node id="4829149551" visible="true" version="3" changeset="157563325" timestamp="2024-10-07T03:22:12Z" user="JuanoDavo" uid="11097243" lat="7.1413226" lon="-73.1231811"/>
 <node id="4829149552" visible="true" version="2" changeset="157563325" timestamp="2024-10-07T03:22:12Z" user="JuanoDavo" uid="11097243" lat="7.1411967" lon="-73.1232289"/>
 <node id="4829149553" visible="true" version="2" changeset="157563325" timestamp="2024-10-07T03:22:12Z" user="JuanoDavo" uid="11097243" lat="7.1410211" lon="-73.1232517"/>
 <node id="4829149559" visible="true" version="5" changeset="164529698" timestamp="2025-04-04T21:51:34Z" user="Facalderonm" uid="1759764" lat="7.1414574" lon="-73.1210922"/>
 <node id="4829149560" visible="true" version="5" changeset="164529698" timestamp="2025-04-04T21:51:34Z" user="Facalderonm" uid="1759764" lat="7.1414563" lon="-73.1210481"/>
 <node id="4829149561" visible="true" version="5" changeset="164529698" timestamp="2025-04-04T21:51:34Z" user="Facalderonm" uid="1759764" lat="7.1415296" lon="-73.1210462"/>
 <node id="4829149562" visible="true" version="5" changeset="164529698" timestamp="2025-04-04T21:51:34Z" user="Facalderonm" uid="1759764" lat="7.1415157" lon="-73.1204946"/>
 <node id="4829149563" visible="true" version="5" changeset="164529698" timestamp="2025-04-04T21:51:34Z" user="Facalderonm" uid="1759764" lat="7.1413699" lon="-73.1204983"/>
 <node id="4829149564" visible="true" version="5" changeset="164529698" timestamp="2025-04-04T21:51:34Z" user="Facalderonm" uid="1759764" lat="7.1413850" lon="-73.1210941"/>
 <node id="4829149565" visible="true" version="4" changeset="164307755" timestamp="2025-03-30T22:43:53Z" user="Facalderonm" uid="1759764" lat="7.1398919" lon="-73.1191287"/>
 <node id="4829149566" visible="true" version="4" changeset="164307755" timestamp="2025-03-30T22:43:53Z" user="Facalderonm" uid="1759764" lat="7.1398906" lon="-73.1190268"/>
 <node id="4829149567" visible="true" version="4" changeset="164307755" timestamp="2025-03-30T22:43:53Z" user="Facalderonm" uid="1759764" lat="7.1396750" lon="-73.1190295"/>
 <node id="4829149568" visible="true" version="4" changeset="164307755" timestamp="2025-03-30T22:43:53Z" user="Facalderonm" uid="1759764" lat="7.1396763" lon="-73.1191315"/>
 <node id="4829149574" visible="true" version="5" changeset="164307755" timestamp="2025-03-30T22:43:53Z" user="Facalderonm" uid="1759764" lat="7.1413179" lon="-73.1182159"/>
 <node id="4829149575" visible="true" version="5" changeset="164307755" timestamp="2025-03-30T22:43:53Z" user="Facalderonm" uid="1759764" lat="7.1413203" lon="-73.1188251"/>
 <node id="4829149576" visible="true" version="5" changeset="164307755" timestamp="2025-03-30T22:43:53Z" user="Facalderonm" uid="1759764" lat="7.1403432" lon="-73.1188289"/>
 <node id="4829149577" visible="true" version="3" changeset="157470043" timestamp="2024-10-04T16:45:58Z" user="JuanoDavo" uid="11097243" lat="7.1400501" lon="-73.1186384"/>
 <node id="4829149578" visible="true" version="3" changeset="157470043" timestamp="2024-10-04T16:45:58Z" user="JuanoDavo" uid="11097243" lat="7.1415257" lon="-73.1188582"/>
 <node id="4829149579" visible="true" version="3" changeset="157470043" timestamp="2024-10-04T16:45:58Z" user="JuanoDavo" uid="11097243" lat="7.1415245" lon="-73.1189535"/>
 <node id="4829149580" visible="true" version="3" changeset="157470043" timestamp="2024-10-04T16:45:58Z" user="JuanoDavo" uid="11097243" lat="7.1402329" lon="-73.1188812"/>
 <node id="4829149581" visible="true" version="3" changeset="157470043" timestamp="2024-10-04T16:45:58Z" user="JuanoDavo" uid="11097243" lat="7.1402318" lon="-73.1189591"/>
 <node id="4829149582" visible="true" version="3" changeset="157470043" timestamp="2024-10-04T16:45:58Z" user="JuanoDavo" uid="11097243" lat="7.1404730" lon="-73.1180317"/>
 <node id="4829149583" visible="true" version="3" changeset="157470043" timestamp="2024-10-04T16:45:58Z" user="JuanoDavo" uid="11097243" lat="7.1402800" lon="-73.1180782"/>
 <node id="4829149585" visible="true" version="3" changeset="157470043" timestamp="2024-10-04T16:45:58Z" user="JuanoDavo" uid="11097243" lat="7.1402058" lon="-73.1181291"/>
 <node id="4829149586" visible="true" version="3" changeset="157470043" timestamp="2024-10-04T16:45:58Z" user="JuanoDavo" uid="11097243" lat="7.1401472" lon="-73.1181911"/>
 <node id="4829149587" visible="true" version="3" changeset="157470043" timestamp="2024-10-04T16:45:58Z" user="JuanoDavo" uid="11097243" lat="7.1400890" lon="-73.1182735"/>
 <node id="4829149588" visible="true" version="3" changeset="157470043" timestamp="2024-10-04T16:45:58Z" user="JuanoDavo" uid="11097243" lat="7.1400575" lon="-73.1183511"/>
 <node id="4829149589" visible="true" version="3" changeset="157470043" timestamp="2024-10-04T16:45:58Z" user="JuanoDavo" uid="11097243" lat="7.1400359" lon="-73.1184499"/>
 <node id="4829149590" visible="true" version="3" changeset="157470043" timestamp="2024-10-04T16:45:58Z" user="JuanoDavo" uid="11097243" lat="7.1400367" lon="-73.1185572"/>
 <node id="4829149591" visible="true" version="3" changeset="157470043" timestamp="2024-10-04T16:45:58Z" user="JuanoDavo" uid="11097243" lat="7.1400727" lon="-73.1186976"/>
 <node id="4829149592" visible="true" version="3" changeset="157470043" timestamp="2024-10-04T16:45:58Z" user="JuanoDavo" uid="11097243" lat="7.1401084" lon="-73.1187602"/>
 <node id="4829149593" visible="true" version="3" changeset="157470043" timestamp="2024-10-04T16:45:58Z" user="JuanoDavo" uid="11097243" lat="7.1401500" lon="-73.1188138"/>
 <node id="4829149594" visible="true" version="3" changeset="157470043" timestamp="2024-10-04T16:45:58Z" user="JuanoDavo" uid="11097243" lat="7.1401929" lon="-73.1188513"/>
 <node id="4829149595" visible="true" version="4" changeset="164307755" timestamp="2025-03-30T22:43:53Z" user="Facalderonm" uid="1759764" lat="7.1407044" lon="-73.1189570"/>
 <node id="4829149596" visible="true" version="3" changeset="157470043" timestamp="2024-10-04T16:45:58Z" user="JuanoDavo" uid="11097243" lat="7.1414377" lon="-73.1188577"/>
 <node id="4829149597" visible="true" version="3" changeset="157470043" timestamp="2024-10-04T16:45:58Z" user="JuanoDavo" uid="11097243" lat="7.1414918" lon="-73.1188137"/>
 <node id="4829149598" visible="true" version="3" changeset="157470043" timestamp="2024-10-04T16:45:58Z" user="JuanoDavo" uid="11097243" lat="7.1415310" lon="-73.1187697"/>
 <node id="4829149599" visible="true" version="3" changeset="157470043" timestamp="2024-10-04T16:45:58Z" user="JuanoDavo" uid="11097243" lat="7.1415815" lon="-73.1186794"/>
 <node id="4829149600" visible="true" version="3" changeset="157470043" timestamp="2024-10-04T16:45:58Z" user="JuanoDavo" uid="11097243" lat="7.1415971" lon="-73.1186274"/>
 <node id="4829149601" visible="true" version="3" changeset="157470043" timestamp="2024-10-04T16:45:58Z" user="JuanoDavo" uid="11097243" lat="7.1416081" lon="-73.1185671"/>
 <node id="4829149602" visible="true" version="3" changeset="157470043" timestamp="2024-10-04T16:45:58Z" user="JuanoDavo" uid="11097243" lat="7.1416131" lon="-73.1185180"/>
 <node id="4829149603" visible="true" version="3" changeset="157470043" timestamp="2024-10-04T16:45:58Z" user="JuanoDavo" uid="11097243" lat="7.1416134" lon="-73.1184562"/>
 <node id="4829149604" visible="true" version="3" changeset="157470043" timestamp="2024-10-04T16:45:58Z" user="JuanoDavo" uid="11097243" lat="7.1415998" lon="-73.1183647"/>
 <node id="4829149605" visible="true" version="3" changeset="157470043" timestamp="2024-10-04T16:45:58Z" user="JuanoDavo" uid="11097243" lat="7.1415577" lon="-73.1182761"/>
 <node id="4829149606" visible="true" version="3" changeset="157470043" timestamp="2024-10-04T16:45:58Z" user="JuanoDavo" uid="11097243" lat="7.1414549" lon="-73.1181457"/>
 <node id="4829149607" visible="true" version="3" changeset="157470043" timestamp="2024-10-04T16:45:58Z" user="JuanoDavo" uid="11097243" lat="7.1413835" lon="-73.1180934"/>
 <node id="4829149608" visible="true" version="3" changeset="157470043" timestamp="2024-10-04T16:45:58Z" user="JuanoDavo" uid="11097243" lat="7.1413183" lon="-73.1180613"/>
 <node id="4829149609" visible="true" version="3" changeset="157470043" timestamp="2024-10-04T16:45:58Z" user="JuanoDavo" uid="11097243" lat="7.1412461" lon="-73.1180393"/>
 <node id="4829149618" visible="true" version="7" changeset="164439538" timestamp="2025-04-02T20:55:09Z" user="Facalderonm" uid="1759764" lat="7.1375936" lon="-73.1149068"/>
 <node id="4829149632" visible="true" version="6" changeset="164395759" timestamp="2025-04-01T22:12:40Z" user="Facalderonm" uid="1759764" lat="7.1373104" lon="-73.1149296"/>
 <node id="4829149640" visible="true" version="9" changeset="164307755" timestamp="2025-03-30T22:43:53Z" user="Facalderonm" uid="1759764" lat="7.1392482" lon="-73.1174136">
  <tag k="access" v="permit"/>
  <tag k="entrance" v="yes"/>
  <tag k="wheelchair" v="no"/>
 </node>
 <node id="5345126243" visible="true" version="1" changeset="55525615" timestamp="2018-01-17T15:56:57Z" user="edwige15" uid="7490097" lat="7.1447828" lon="-73.1101538"/>
 <node id="5349596685" visible="true" version="3" changeset="158010170" timestamp="2024-10-17T14:13:21Z" user="JuanoDavo" uid="11097243" lat="7.1415631" lon="-73.1176680"/>
 <node id="5349596686" visible="true" version="3" changeset="158010170" timestamp="2024-10-17T14:13:21Z" user="JuanoDavo" uid="11097243" lat="7.1413361" lon="-73.1176388"/>
 <node id="5349596687" visible="true" version="3" changeset="158010170" timestamp="2024-10-17T14:13:21Z" user="JuanoDavo" uid="11097243" lat="7.1413580" lon="-73.1174673"/>
 <node id="5349596688" visible="true" version="3" changeset="158010170" timestamp="2024-10-17T14:13:21Z" user="JuanoDavo" uid="11097243" lat="7.1415850" lon="-73.1174966"/>
 <node id="5349596689" visible="true" version="2" changeset="157470043" timestamp="2024-10-04T16:45:58Z" user="JuanoDavo" uid="11097243" lat="7.1415496" lon="-73.1179600"/>
 <node id="5349596690" visible="true" version="2" changeset="157470043" timestamp="2024-10-04T16:45:58Z" user="JuanoDavo" uid="11097243" lat="7.1415731" lon="-73.1177664"/>
 <node id="5349596691" visible="true" version="2" changeset="157470043" timestamp="2024-10-04T16:45:58Z" user="JuanoDavo" uid="11097243" lat="7.1413082" lon="-73.1177337"/>
 <node id="5349596692" visible="true" version="2" changeset="157470043" timestamp="2024-10-04T16:45:58Z" user="JuanoDavo" uid="11097243" lat="7.1412847" lon="-73.1179273"/>
 <node id="5349596693" visible="true" version="3" changeset="164307755" timestamp="2025-03-30T22:43:53Z" user="Facalderonm" uid="1759764" lat="7.1412983" lon="-73.1177393"/>
 <node id="5349596694" visible="true" version="3" changeset="164307755" timestamp="2025-03-30T22:43:53Z" user="Facalderonm" uid="1759764" lat="7.1412748" lon="-73.1179211"/>
 <node id="5349596695" visible="true" version="3" changeset="164307755" timestamp="2025-03-30T22:43:53Z" user="Facalderonm" uid="1759764" lat="7.1410268" lon="-73.1178886"/>
 <node id="5349596696" visible="true" version="3" changeset="164307755" timestamp="2025-03-30T22:43:53Z" user="Facalderonm" uid="1759764" lat="7.1410503" lon="-73.1177068"/>
 <node id="5349596697" visible="true" version="3" changeset="164307755" timestamp="2025-03-30T22:43:53Z" user="Facalderonm" uid="1759764" lat="7.1410091" lon="-73.1178839"/>
 <node id="5349596698" visible="true" version="3" changeset="164307755" timestamp="2025-03-30T22:43:53Z" user="Facalderonm" uid="1759764" lat="7.1410314" lon="-73.1177094"/>
 <node id="5349596699" visible="true" version="3" changeset="164307755" timestamp="2025-03-30T22:43:53Z" user="Facalderonm" uid="1759764" lat="7.1407817" lon="-73.1176768"/>
 <node id="5349596700" visible="true" version="3" changeset="164307755" timestamp="2025-03-30T22:43:53Z" user="Facalderonm" uid="1759764" lat="7.1407593" lon="-73.1178513"/>
 <node id="5349596701" visible="true" version="4" changeset="164307755" timestamp="2025-03-30T22:43:53Z" user="Facalderonm" uid="1759764" lat="7.1412866" lon="-73.1176284"/>
 <node id="5349596702" visible="true" version="4" changeset="164307755" timestamp="2025-03-30T22:43:53Z" user="Facalderonm" uid="1759764" lat="7.1413054" lon="-73.1174698"/>
 <node id="5349596703" visible="true" version="4" changeset="164307755" timestamp="2025-03-30T22:43:53Z" user="Facalderonm" uid="1759764" lat="7.1410725" lon="-73.1174418"/>
 <node id="5349596704" visible="true" version="4" changeset="164307755" timestamp="2025-03-30T22:43:53Z" user="Facalderonm" uid="1759764" lat="7.1410537" lon="-73.1176005"/>
 <node id="5349596705" visible="true" version="2" changeset="157470043" timestamp="2024-10-04T16:45:58Z" user="JuanoDavo" uid="11097243" lat="7.1414102" lon="-73.1174352"/>
 <node id="5349596706" visible="true" version="2" changeset="157470043" timestamp="2024-10-04T16:45:58Z" user="JuanoDavo" uid="11097243" lat="7.1414305" lon="-73.1172888"/>
 <node id="5349596707" visible="true" version="2" changeset="157470043" timestamp="2024-10-04T16:45:58Z" user="JuanoDavo" uid="11097243" lat="7.1411752" lon="-73.1172528"/>
 <node id="5349596708" visible="true" version="2" changeset="157470043" timestamp="2024-10-04T16:45:58Z" user="JuanoDavo" uid="11097243" lat="7.1411549" lon="-73.1173992"/>
 <node id="5380836451" visible="true" version="5" changeset="164305061" timestamp="2025-03-30T20:53:58Z" user="Facalderonm" uid="1759764" lat="7.1406677" lon="-73.1199465"/>
 <node id="5380836452" visible="true" version="5" changeset="164305061" timestamp="2025-03-30T20:53:58Z" user="Facalderonm" uid="1759764" lat="7.1406040" lon="-73.1200107"/>
 <node id="5380836453" visible="true" version="5" changeset="164305061" timestamp="2025-03-30T20:53:58Z" user="Facalderonm" uid="1759764" lat="7.1405138" lon="-73.1200118"/>
 <node id="5380836454" visible="true" version="5" changeset="164305061" timestamp="2025-03-30T20:53:58Z" user="Facalderonm" uid="1759764" lat="7.1405071" lon="-73.1194539"/>
 <node id="5380836456" visible="true" version="5" changeset="164305061" timestamp="2025-03-30T20:53:58Z" user="Facalderonm" uid="1759764" lat="7.1406590" lon="-73.1194520"/>
 <node id="5397420746" visible="true" version="5" changeset="124362634" timestamp="2022-08-01T19:55:01Z" user="Raenbow" uid="10782346" lat="7.1391538" lon="-73.1173043"/>
 <node id="5407877790" visible="true" version="3" changeset="164296571" timestamp="2025-03-30T17:14:35Z" user="Facalderonm" uid="1759764" lat="7.1423012" lon="-73.1167962"/>
 <node id="5407877791" visible="true" version="3" changeset="164296571" timestamp="2025-03-30T17:14:35Z" user="Facalderonm" uid="1759764" lat="7.1427889" lon="-73.1169518"/>
 <node id="5407877821" visible="true" version="3" changeset="164296571" timestamp="2025-03-30T17:14:35Z" user="Facalderonm" uid="1759764" lat="7.1421362" lon="-73.1167266"/>
 <node id="5407877823" visible="true" version="2" changeset="111545736" timestamp="2021-09-22T14:13:25Z" user="borovac" uid="10222347" lat="7.1420211" lon="-73.1166637"/>
 <node id="5407877831" visible="true" version="2" changeset="111545736" timestamp="2021-09-22T14:13:25Z" user="borovac" uid="10222347" lat="7.1415633" lon="-73.1163713"/>
 <node id="5407877834" visible="true" version="2" changeset="111545736" timestamp="2021-09-22T14:13:25Z" user="borovac" uid="10222347" lat="7.1413637" lon="-73.1161809"/>
 <node id="5407877866" visible="true" version="2" changeset="111545736" timestamp="2021-09-22T14:13:25Z" user="borovac" uid="10222347" lat="7.1410949" lon="-73.1158939"/>
 <node id="5407959869" visible="true" version="2" changeset="124362634" timestamp="2022-08-01T19:55:01Z" user="Raenbow" uid="10782346" lat="7.1395550" lon="-73.1148160"/>
 <node id="5407959870" visible="true" version="3" changeset="124362634" timestamp="2022-08-01T19:55:01Z" user="Raenbow" uid="10782346" lat="7.1395771" lon="-73.1148903"/>
 <node id="5407959875" visible="true" version="3" changeset="124362634" timestamp="2022-08-01T19:55:01Z" user="Raenbow" uid="10782346" lat="7.1399209" lon="-73.1154536"/>
 <node id="5407959877" visible="true" version="3" changeset="124362634" timestamp="2022-08-01T19:55:01Z" user="Raenbow" uid="10782346" lat="7.1398933" lon="-73.1158858"/>
 <node id="5407959879" visible="true" version="3" changeset="124362634" timestamp="2022-08-01T19:55:01Z" user="Raenbow" uid="10782346" lat="7.1398516" lon="-73.1159712"/>
 <node id="5407959881" visible="true" version="3" changeset="124362634" timestamp="2022-08-01T19:55:01Z" user="Raenbow" uid="10782346" lat="7.1396065" lon="-73.1162124"/>
 <node id="5407959882" visible="true" version="3" changeset="124362634" timestamp="2022-08-01T19:55:01Z" user="Raenbow" uid="10782346" lat="7.1395142" lon="-73.1162723"/>
 <node id="5407959883" visible="true" version="3" changeset="124362634" timestamp="2022-08-01T19:55:01Z" user="Raenbow" uid="10782346" lat="7.1393614" lon="-73.1163176"/>
 <node id="5407959888" visible="true" version="2" changeset="164231513" timestamp="2025-03-29T00:29:01Z" user="Facalderonm" uid="1759764" lat="7.1398848" lon="-73.1164594"/>
 <node id="5407959889" visible="true" version="3" changeset="164296571" timestamp="2025-03-30T17:14:35Z" user="Facalderonm" uid="1759764" lat="7.1398284" lon="-73.1165624"/>
 <node id="5407959898" visible="true" version="6" changeset="164296571" timestamp="2025-03-30T17:14:35Z" user="Facalderonm" uid="1759764" lat="7.1408214" lon="-73.1162927"/>
 <node id="5407959900" visible="true" version="4" changeset="164296571" timestamp="2025-03-30T17:14:35Z" user="Facalderonm" uid="1759764" lat="7.1408585" lon="-73.1164031"/>
 <node id="5407959903" visible="true" version="4" changeset="124362634" timestamp="2022-08-01T19:55:01Z" user="Raenbow" uid="10782346" lat="7.1394865" lon="-73.1144577"/>
 <node id="5407959920" visible="true" version="3" changeset="124362634" timestamp="2022-08-01T19:55:01Z" user="Raenbow" uid="10782346" lat="7.1389647" lon="-73.1174213"/>
 <node id="5407961826" visible="true" version="5" changeset="164305227" timestamp="2025-03-30T20:59:43Z" user="Facalderonm" uid="1759764" lat="7.1399883" lon="-73.1165111"/>
 <node id="5407961828" visible="true" version="4" changeset="164305227" timestamp="2025-03-30T20:59:43Z" user="Facalderonm" uid="1759764" lat="7.1405160" lon="-73.1160529"/>
 <node id="5407961829" visible="true" version="3" changeset="88550552" timestamp="2020-07-27T08:14:34Z" user="Caravanserai" uid="10019202" lat="7.1405380" lon="-73.1160589"/>
 <node id="5407961833" visible="true" version="3" changeset="88550552" timestamp="2020-07-27T08:14:34Z" user="Caravanserai" uid="10019202" lat="7.1416132" lon="-73.1172317"/>
 <node id="5407961837" visible="true" version="3" changeset="88550552" timestamp="2020-07-27T08:14:34Z" user="Caravanserai" uid="10019202" lat="7.1416505" lon="-73.1173121"/>
 <node id="5407961839" visible="true" version="4" changeset="164305061" timestamp="2025-03-30T20:53:58Z" user="Facalderonm" uid="1759764" lat="7.1416945" lon="-73.1175979"/>
 <node id="5407961841" visible="true" version="4" changeset="164305061" timestamp="2025-03-30T20:53:58Z" user="Facalderonm" uid="1759764" lat="7.1417019" lon="-73.1179447"/>
 <node id="5407961842" visible="true" version="4" changeset="164305061" timestamp="2025-03-30T20:53:58Z" user="Facalderonm" uid="1759764" lat="7.1417644" lon="-73.1181284"/>
 <node id="5407961846" visible="true" version="4" changeset="164305061" timestamp="2025-03-30T20:53:58Z" user="Facalderonm" uid="1759764" lat="7.1420799" lon="-73.1187588"/>
 <node id="5407961848" visible="true" version="3" changeset="86525762" timestamp="2020-06-11T16:03:22Z" user="birdymaps" uid="9319541" lat="7.1420134" lon="-73.1188291"/>
 <node id="5407961851" visible="true" version="5" changeset="164305061" timestamp="2025-03-30T20:53:58Z" user="Facalderonm" uid="1759764" lat="7.1417860" lon="-73.1190055"/>
 <node id="5407961852" visible="true" version="5" changeset="164305061" timestamp="2025-03-30T20:53:58Z" user="Facalderonm" uid="1759764" lat="7.1416940" lon="-73.1190773"/>
 <node id="5407961853" visible="true" version="3" changeset="86525762" timestamp="2020-06-11T16:03:22Z" user="birdymaps" uid="9319541" lat="7.1415808" lon="-73.1191537"/>
 <node id="5407961863" visible="true" version="5" changeset="164296571" timestamp="2025-03-30T17:14:35Z" user="Facalderonm" uid="1759764" lat="7.1424861" lon="-73.1175786"/>
 <node id="5408041136" visible="true" version="4" changeset="164305061" timestamp="2025-03-30T20:53:58Z" user="Facalderonm" uid="1759764" lat="7.1420561" lon="-73.1184721"/>
 <node id="5408041137" visible="true" version="4" changeset="164305061" timestamp="2025-03-30T20:53:58Z" user="Facalderonm" uid="1759764" lat="7.1420229" lon="-73.1183634"/>
 <node id="5408041140" visible="true" version="4" changeset="164305061" timestamp="2025-03-30T20:53:58Z" user="Facalderonm" uid="1759764" lat="7.1419560" lon="-73.1181381"/>
 <node id="5408041141" visible="true" version="2" changeset="86485164" timestamp="2020-06-10T21:55:58Z" user="nutchayahongvilai" uid="10028134" lat="7.1419464" lon="-73.1179838"/>
 <node id="5408041142" visible="true" version="2" changeset="86485164" timestamp="2020-06-10T21:55:58Z" user="nutchayahongvilai" uid="10028134" lat="7.1420091" lon="-73.1177611"/>
 <node id="5408088837" visible="true" version="3" changeset="164231513" timestamp="2025-03-29T00:29:01Z" user="Facalderonm" uid="1759764" lat="7.1401606" lon="-73.1156300"/>
 <node id="5408088838" visible="true" version="5" changeset="164296571" timestamp="2025-03-30T17:14:35Z" user="Facalderonm" uid="1759764" lat="7.1404961" lon="-73.1156751"/>
 <node id="5408088842" visible="true" version="3" changeset="164296571" timestamp="2025-03-30T17:14:35Z" user="Facalderonm" uid="1759764" lat="7.1406553" lon="-73.1158348"/>
 <node id="5408088843" visible="true" version="3" changeset="164296571" timestamp="2025-03-30T17:14:35Z" user="Facalderonm" uid="1759764" lat="7.1407798" lon="-73.1160378"/>
 <node id="5408088844" visible="true" version="4" changeset="164305227" timestamp="2025-03-30T20:59:43Z" user="Facalderonm" uid="1759764" lat="7.1407916" lon="-73.1163780"/>
 <node id="5408088845" visible="true" version="2" changeset="157470043" timestamp="2024-10-04T16:45:58Z" user="JuanoDavo" uid="11097243" lat="7.1401401" lon="-73.1173995"/>
 <node id="5408088846" visible="true" version="2" changeset="157470043" timestamp="2024-10-04T16:45:58Z" user="JuanoDavo" uid="11097243" lat="7.1403279" lon="-73.1175484"/>
 <node id="5408088847" visible="true" version="2" changeset="157470043" timestamp="2024-10-04T16:45:58Z" user="JuanoDavo" uid="11097243" lat="7.1408872" lon="-73.1174609"/>
 <node id="5408088848" visible="true" version="3" changeset="164307755" timestamp="2025-03-30T22:43:53Z" user="Facalderonm" uid="1759764" lat="7.1407345" lon="-73.1175922"/>
 <node id="5408088849" visible="true" version="4" changeset="164307755" timestamp="2025-03-30T22:43:53Z" user="Facalderonm" uid="1759764" lat="7.1408956" lon="-73.1165783"/>
 <node id="5419421173" visible="true" version="3" changeset="164305227" timestamp="2025-03-30T20:59:43Z" user="Facalderonm" uid="1759764" lat="7.1402818" lon="-73.1160978"/>
 <node id="5419421174" visible="true" version="3" changeset="164305227" timestamp="2025-03-30T20:59:43Z" user="Facalderonm" uid="1759764" lat="7.1401660" lon="-73.1159864"/>
 <node id="5419421175" visible="true" version="3" changeset="164305227" timestamp="2025-03-30T20:59:43Z" user="Facalderonm" uid="1759764" lat="7.1403783" lon="-73.1160227"/>
 <node id="5419421176" visible="true" version="3" changeset="164305227" timestamp="2025-03-30T20:59:43Z" user="Facalderonm" uid="1759764" lat="7.1402397" lon="-73.1158883"/>
 <node id="5419421177" visible="true" version="3" changeset="164305227" timestamp="2025-03-30T20:59:43Z" user="Facalderonm" uid="1759764" lat="7.1401556" lon="-73.1159764"/>
 <node id="5419421178" visible="true" version="3" changeset="164305227" timestamp="2025-03-30T20:59:43Z" user="Facalderonm" uid="1759764" lat="7.1402946" lon="-73.1161103"/>
 <node id="5419421179" visible="true" version="3" changeset="164305227" timestamp="2025-03-30T20:59:43Z" user="Facalderonm" uid="1759764" lat="7.1401404" lon="-73.1160132"/>
 <node id="5419421180" visible="true" version="3" changeset="164305227" timestamp="2025-03-30T20:59:43Z" user="Facalderonm" uid="1759764" lat="7.1401319" lon="-73.1160383"/>
 <node id="5419421181" visible="true" version="3" changeset="164305227" timestamp="2025-03-30T20:59:43Z" user="Facalderonm" uid="1759764" lat="7.1401316" lon="-73.1160649"/>
 <node id="5419421182" visible="true" version="3" changeset="164305227" timestamp="2025-03-30T20:59:43Z" user="Facalderonm" uid="1759764" lat="7.1401395" lon="-73.1160903"/>
 <node id="5419421183" visible="true" version="3" changeset="164305227" timestamp="2025-03-30T20:59:43Z" user="Facalderonm" uid="1759764" lat="7.1401547" lon="-73.1161119"/>
 <node id="5419421184" visible="true" version="3" changeset="164305227" timestamp="2025-03-30T20:59:43Z" user="Facalderonm" uid="1759764" lat="7.1401759" lon="-73.1161278"/>
 <node id="5419421185" visible="true" version="3" changeset="164305227" timestamp="2025-03-30T20:59:43Z" user="Facalderonm" uid="1759764" lat="7.1402009" lon="-73.1161362"/>
 <node id="5419421186" visible="true" version="3" changeset="164305227" timestamp="2025-03-30T20:59:43Z" user="Facalderonm" uid="1759764" lat="7.1402272" lon="-73.1161365"/>
 <node id="5419421187" visible="true" version="3" changeset="164305227" timestamp="2025-03-30T20:59:43Z" user="Facalderonm" uid="1759764" lat="7.1402524" lon="-73.1161286"/>
 <node id="5419421211" visible="true" version="3" changeset="164307755" timestamp="2025-03-30T22:43:53Z" user="Facalderonm" uid="1759764" lat="7.1402651" lon="-73.1176919"/>
 <node id="5419421212" visible="true" version="3" changeset="164307755" timestamp="2025-03-30T22:43:53Z" user="Facalderonm" uid="1759764" lat="7.1402019" lon="-73.1174656"/>
 <node id="5419421213" visible="true" version="3" changeset="164307755" timestamp="2025-03-30T22:43:53Z" user="Facalderonm" uid="1759764" lat="7.1401117" lon="-73.1174676"/>
 <node id="5419421214" visible="true" version="3" changeset="164307755" timestamp="2025-03-30T22:43:53Z" user="Facalderonm" uid="1759764" lat="7.1401182" lon="-73.1177599"/>
 <node id="5419421311" visible="true" version="1" changeset="56453754" timestamp="2018-02-18T03:05:04Z" user="Lauretta_J" uid="7473667" lat="7.1392830" lon="-73.1170232"/>
 <node id="5419421312" visible="true" version="1" changeset="56453754" timestamp="2018-02-18T03:05:04Z" user="Lauretta_J" uid="7473667" lat="7.1392651" lon="-73.1166256"/>
 <node id="5419421313" visible="true" version="1" changeset="56453754" timestamp="2018-02-18T03:05:04Z" user="Lauretta_J" uid="7473667" lat="7.1390337" lon="-73.1166362"/>
 <node id="5419421314" visible="true" version="1" changeset="56453754" timestamp="2018-02-18T03:05:04Z" user="Lauretta_J" uid="7473667" lat="7.1390516" lon="-73.1170338"/>
 <node id="5419421315" visible="true" version="2" changeset="164525254" timestamp="2025-04-04T19:15:50Z" user="Facalderonm" uid="1759764" lat="7.1393667" lon="-73.1167508"/>
 <node id="5419421316" visible="true" version="2" changeset="164525254" timestamp="2025-04-04T19:15:50Z" user="Facalderonm" uid="1759764" lat="7.1392922" lon="-73.1167528"/>
 <node id="5419421317" visible="true" version="2" changeset="164525254" timestamp="2025-04-04T19:15:50Z" user="Facalderonm" uid="1759764" lat="7.1392965" lon="-73.1169138"/>
 <node id="5419421318" visible="true" version="2" changeset="164525254" timestamp="2025-04-04T19:15:50Z" user="Facalderonm" uid="1759764" lat="7.1393710" lon="-73.1169118"/>
 <node id="5419438844" visible="true" version="4" changeset="164305061" timestamp="2025-03-30T20:53:58Z" user="Facalderonm" uid="1759764" lat="7.1420763" lon="-73.1204407"/>
 <node id="5419438845" visible="true" version="3" changeset="157563325" timestamp="2024-10-07T03:22:12Z" user="JuanoDavo" uid="11097243" lat="7.1424336" lon="-73.1207024"/>
 <node id="5419438846" visible="true" version="3" changeset="164305061" timestamp="2025-03-30T20:53:58Z" user="Facalderonm" uid="1759764" lat="7.1425188" lon="-73.1220938"/>
 <node id="5419438847" visible="true" version="2" changeset="164305061" timestamp="2025-03-30T20:53:58Z" user="Facalderonm" uid="1759764" lat="7.1422647" lon="-73.1224296"/>
 <node id="5419438849" visible="true" version="2" changeset="157465452" timestamp="2024-10-04T15:01:47Z" user="JuanoDavo" uid="11097243" lat="7.1419368" lon="-73.1217333"/>
 <node id="5419438876" visible="true" version="2" changeset="157465452" timestamp="2024-10-04T15:01:47Z" user="JuanoDavo" uid="11097243" lat="7.1420342" lon="-73.1218649"/>
 <node id="5419438877" visible="true" version="2" changeset="157465452" timestamp="2024-10-04T15:01:47Z" user="JuanoDavo" uid="11097243" lat="7.1420311" lon="-73.1217311"/>
 <node id="5419438878" visible="true" version="2" changeset="157465452" timestamp="2024-10-04T15:01:47Z" user="JuanoDavo" uid="11097243" lat="7.1419344" lon="-73.1216255"/>
 <node id="5419438879" visible="true" version="2" changeset="157465452" timestamp="2024-10-04T15:01:47Z" user="JuanoDavo" uid="11097243" lat="7.1417959" lon="-73.1216287"/>
 <node id="5419438880" visible="true" version="2" changeset="157465452" timestamp="2024-10-04T15:01:47Z" user="JuanoDavo" uid="11097243" lat="7.1418015" lon="-73.1218703"/>
 <node id="5419438903" visible="true" version="5" changeset="164305061" timestamp="2025-03-30T20:53:58Z" user="Facalderonm" uid="1759764" lat="7.1420084" lon="-73.1213123"/>
 <node id="5419438904" visible="true" version="5" changeset="164305061" timestamp="2025-03-30T20:53:58Z" user="Facalderonm" uid="1759764" lat="7.1420047" lon="-73.1211975"/>
 <node id="5419438905" visible="true" version="5" changeset="164305061" timestamp="2025-03-30T20:53:58Z" user="Facalderonm" uid="1759764" lat="7.1419115" lon="-73.1211986"/>
 <node id="5419438906" visible="true" version="5" changeset="164305061" timestamp="2025-03-30T20:53:58Z" user="Facalderonm" uid="1759764" lat="7.1419128" lon="-73.1213135"/>
 <node id="5419438907" visible="true" version="5" changeset="164305061" timestamp="2025-03-30T20:53:58Z" user="Facalderonm" uid="1759764" lat="7.1421012" lon="-73.1209743"/>
 <node id="5419438908" visible="true" version="5" changeset="164305061" timestamp="2025-03-30T20:53:58Z" user="Facalderonm" uid="1759764" lat="7.1420020" lon="-73.1209755"/>
 <node id="5419438909" visible="true" version="5" changeset="164305061" timestamp="2025-03-30T20:53:58Z" user="Facalderonm" uid="1759764" lat="7.1420102" lon="-73.1214636"/>
 <node id="5419438910" visible="true" version="5" changeset="164305061" timestamp="2025-03-30T20:53:58Z" user="Facalderonm" uid="1759764" lat="7.1421070" lon="-73.1214624"/>
 <node id="5419438915" visible="true" version="3" changeset="164305061" timestamp="2025-03-30T20:53:58Z" user="Facalderonm" uid="1759764" lat="7.1417886" lon="-73.1200632"/>
 <node id="5419438916" visible="true" version="3" changeset="164305061" timestamp="2025-03-30T20:53:58Z" user="Facalderonm" uid="1759764" lat="7.1418900" lon="-73.1201609"/>
 <node id="5419438919" visible="true" version="3" changeset="164305061" timestamp="2025-03-30T20:53:58Z" user="Facalderonm" uid="1759764" lat="7.1417108" lon="-73.1201452"/>
 <node id="5419438920" visible="true" version="3" changeset="164305061" timestamp="2025-03-30T20:53:58Z" user="Facalderonm" uid="1759764" lat="7.1418279" lon="-73.1198884"/>
 <node id="5419438921" visible="true" version="3" changeset="164305061" timestamp="2025-03-30T20:53:58Z" user="Facalderonm" uid="1759764" lat="7.1416446" lon="-73.1200814"/>
 <node id="5419438922" visible="true" version="3" changeset="164305061" timestamp="2025-03-30T20:53:58Z" user="Facalderonm" uid="1759764" lat="7.1418081" lon="-73.1202472"/>
 <node id="5419438923" visible="true" version="3" changeset="164305061" timestamp="2025-03-30T20:53:58Z" user="Facalderonm" uid="1759764" lat="7.1420574" lon="-73.1201098"/>
 <node id="5419438924" visible="true" version="3" changeset="164305061" timestamp="2025-03-30T20:53:58Z" user="Facalderonm" uid="1759764" lat="7.1418701" lon="-73.1203070"/>
 <node id="5419456764" visible="true" version="3" changeset="164305061" timestamp="2025-03-30T20:53:58Z" user="Facalderonm" uid="1759764" lat="7.1409027" lon="-73.1217119"/>
 <node id="5419456765" visible="true" version="3" changeset="164305061" timestamp="2025-03-30T20:53:58Z" user="Facalderonm" uid="1759764" lat="7.1408941" lon="-73.1213310"/>
 <node id="5419456766" visible="true" version="3" changeset="164305061" timestamp="2025-03-30T20:53:58Z" user="Facalderonm" uid="1759764" lat="7.1409482" lon="-73.1213301"/>
 <node id="5419456767" visible="true" version="3" changeset="164305061" timestamp="2025-03-30T20:53:58Z" user="Facalderonm" uid="1759764" lat="7.1409539" lon="-73.1217111"/>
 <node id="5419456768" visible="true" version="3" changeset="164305061" timestamp="2025-03-30T20:53:58Z" user="Facalderonm" uid="1759764" lat="7.1408935" lon="-73.1212914"/>
 <node id="5419456769" visible="true" version="3" changeset="164305061" timestamp="2025-03-30T20:53:58Z" user="Facalderonm" uid="1759764" lat="7.1406621" lon="-73.1212949"/>
 <node id="5419456770" visible="true" version="3" changeset="164305061" timestamp="2025-03-30T20:53:58Z" user="Facalderonm" uid="1759764" lat="7.1406691" lon="-73.1217603"/>
 <node id="5419456771" visible="true" version="3" changeset="164305061" timestamp="2025-03-30T20:53:58Z" user="Facalderonm" uid="1759764" lat="7.1409034" lon="-73.1217567"/>
 <node id="5419456804" visible="true" version="2" changeset="157465452" timestamp="2024-10-04T15:01:47Z" user="JuanoDavo" uid="11097243" lat="7.1402672" lon="-73.1224131"/>
 <node id="5419456805" visible="true" version="2" changeset="157465452" timestamp="2024-10-04T15:01:47Z" user="JuanoDavo" uid="11097243" lat="7.1400233" lon="-73.1224184"/>
 <node id="5419456806" visible="true" version="2" changeset="157465452" timestamp="2024-10-04T15:01:47Z" user="JuanoDavo" uid="11097243" lat="7.1400180" lon="-73.1221732"/>
 <node id="5419456807" visible="true" version="2" changeset="157465452" timestamp="2024-10-04T15:01:47Z" user="JuanoDavo" uid="11097243" lat="7.1402619" lon="-73.1221679"/>
 <node id="5419456812" visible="true" version="4" changeset="165037046" timestamp="2025-04-16T16:33:47Z" user="Facalderonm" uid="1759764" lat="7.1399391" lon="-73.1213778"/>
 <node id="5419456813" visible="true" version="4" changeset="165037046" timestamp="2025-04-16T16:33:47Z" user="Facalderonm" uid="1759764" lat="7.1397652" lon="-73.1213803"/>
 <node id="5419456814" visible="true" version="4" changeset="165037046" timestamp="2025-04-16T16:33:47Z" user="Facalderonm" uid="1759764" lat="7.1397743" lon="-73.1220183"/>
 <node id="5419456815" visible="true" version="4" changeset="165037046" timestamp="2025-04-16T16:33:47Z" user="Facalderonm" uid="1759764" lat="7.1400068" lon="-73.1219628"/>
 <node id="5419456816" visible="true" version="4" changeset="165037046" timestamp="2025-04-16T16:33:47Z" user="Facalderonm" uid="1759764" lat="7.1403605" lon="-73.1215788"/>
 <node id="5419456817" visible="true" version="4" changeset="165037046" timestamp="2025-04-16T16:33:47Z" user="Facalderonm" uid="1759764" lat="7.1403533" lon="-73.1212243"/>
 <node id="5419456818" visible="true" version="4" changeset="165037046" timestamp="2025-04-16T16:33:47Z" user="Facalderonm" uid="1759764" lat="7.1401655" lon="-73.1215816"/>
 <node id="5419456819" visible="true" version="4" changeset="165037046" timestamp="2025-04-16T16:33:47Z" user="Facalderonm" uid="1759764" lat="7.1402589" lon="-73.1212257"/>
 <node id="5419456820" visible="true" version="4" changeset="165037046" timestamp="2025-04-16T16:33:47Z" user="Facalderonm" uid="1759764" lat="7.1404192" lon="-73.1215495"/>
 <node id="5419456921" visible="true" version="4" changeset="165037046" timestamp="2025-04-16T16:33:47Z" user="Facalderonm" uid="1759764" lat="7.1404522" lon="-73.1211891"/>
 <node id="5419456922" visible="true" version="4" changeset="165037046" timestamp="2025-04-16T16:33:47Z" user="Facalderonm" uid="1759764" lat="7.1404574" lon="-73.1215490"/>
 <node id="5419456924" visible="true" version="4" changeset="165037046" timestamp="2025-04-16T16:33:47Z" user="Facalderonm" uid="1759764" lat="7.1403529" lon="-73.1211906"/>
 <node id="5419456925" visible="true" version="4" changeset="165037046" timestamp="2025-04-16T16:33:47Z" user="Facalderonm" uid="1759764" lat="7.1404203" lon="-73.1216267"/>
 <node id="5419456928" visible="true" version="4" changeset="165037046" timestamp="2025-04-16T16:33:47Z" user="Facalderonm" uid="1759764" lat="7.1402587" lon="-73.1212092"/>
 <node id="5419456929" visible="true" version="4" changeset="165037046" timestamp="2025-04-16T16:33:47Z" user="Facalderonm" uid="1759764" lat="7.1401594" lon="-73.1212107"/>
 <node id="5419456931" visible="true" version="4" changeset="164300738" timestamp="2025-03-30T19:00:03Z" user="Facalderonm" uid="1759764" lat="7.1404311" lon="-73.1209198"/>
 <node id="5419456932" visible="true" version="4" changeset="164300738" timestamp="2025-03-30T19:00:03Z" user="Facalderonm" uid="1759764" lat="7.1402577" lon="-73.1209232"/>
 <node id="5419456933" visible="true" version="5" changeset="164300738" timestamp="2025-03-30T19:00:03Z" user="Facalderonm" uid="1759764" lat="7.1402617" lon="-73.1211292"/>
 <node id="5419456934" visible="true" version="5" changeset="164300738" timestamp="2025-03-30T19:00:03Z" user="Facalderonm" uid="1759764" lat="7.1404350" lon="-73.1211258"/>
 <node id="5419456971" visible="true" version="5" changeset="164300738" timestamp="2025-03-30T19:00:03Z" user="Facalderonm" uid="1759764" lat="7.1396501" lon="-73.1210242"/>
 <node id="5419456972" visible="true" version="5" changeset="164300738" timestamp="2025-03-30T19:00:03Z" user="Facalderonm" uid="1759764" lat="7.1396448" lon="-73.1203543"/>
 <node id="5419456973" visible="true" version="5" changeset="164300738" timestamp="2025-03-30T19:00:03Z" user="Facalderonm" uid="1759764" lat="7.1394316" lon="-73.1203560"/>
 <node id="5419456974" visible="true" version="5" changeset="164300738" timestamp="2025-03-30T19:00:03Z" user="Facalderonm" uid="1759764" lat="7.1394368" lon="-73.1210259"/>
 <node id="5419456990" visible="true" version="4" changeset="164299848" timestamp="2025-03-30T18:41:33Z" user="Facalderonm" uid="1759764" lat="7.1392284" lon="-73.1209889"/>
 <node id="5419456999" visible="true" version="4" changeset="164299848" timestamp="2025-03-30T18:41:33Z" user="Facalderonm" uid="1759764" lat="7.1387533" lon="-73.1210045"/>
 <node id="5419457004" visible="true" version="4" changeset="164299848" timestamp="2025-03-30T18:41:33Z" user="Facalderonm" uid="1759764" lat="7.1396265" lon="-73.1214929"/>
 <node id="5419457099" visible="true" version="2" changeset="157462790" timestamp="2024-10-04T14:04:20Z" user="JuanoDavo" uid="11097243" lat="7.1391266" lon="-73.1196832"/>
 <node id="5419457100" visible="true" version="2" changeset="157462790" timestamp="2024-10-04T14:04:20Z" user="JuanoDavo" uid="11097243" lat="7.1391186" lon="-73.1195116"/>
 <node id="5419457101" visible="true" version="2" changeset="157462790" timestamp="2024-10-04T14:04:20Z" user="JuanoDavo" uid="11097243" lat="7.1392058" lon="-73.1195074"/>
 <node id="5419457102" visible="true" version="2" changeset="157462790" timestamp="2024-10-04T14:04:20Z" user="JuanoDavo" uid="11097243" lat="7.1392138" lon="-73.1196791"/>
 <node id="5419457103" visible="true" version="1" changeset="56454239" timestamp="2018-02-18T04:11:09Z" user="Lauretta_J" uid="7473667" lat="7.1392107" lon="-73.1199613"/>
 <node id="5419457104" visible="true" version="1" changeset="56454239" timestamp="2018-02-18T04:11:09Z" user="Lauretta_J" uid="7473667" lat="7.1392047" lon="-73.1197796"/>
 <node id="5419457105" visible="true" version="1" changeset="56454239" timestamp="2018-02-18T04:11:09Z" user="Lauretta_J" uid="7473667" lat="7.1391195" lon="-73.1197824"/>
 <node id="5419457106" visible="true" version="1" changeset="56454239" timestamp="2018-02-18T04:11:09Z" user="Lauretta_J" uid="7473667" lat="7.1391255" lon="-73.1199642"/>
 <node id="5419457108" visible="true" version="6" changeset="164299848" timestamp="2025-03-30T18:41:33Z" user="Facalderonm" uid="1759764" lat="7.1389323" lon="-73.1209986"/>
 <node id="5419457120" visible="true" version="2" changeset="157465452" timestamp="2024-10-04T15:01:47Z" user="JuanoDavo" uid="11097243" lat="7.1408539" lon="-73.1212291"/>
 <node id="5419457121" visible="true" version="6" changeset="164307816" timestamp="2025-03-30T22:46:34Z" user="Facalderonm" uid="1759764" lat="7.1404755" lon="-73.1212340"/>
 <node id="5419457122" visible="true" version="4" changeset="164305061" timestamp="2025-03-30T20:53:58Z" user="Facalderonm" uid="1759764" lat="7.1404947" lon="-73.1224332"/>
 <node id="5419457123" visible="true" version="7" changeset="164305061" timestamp="2025-03-30T20:53:58Z" user="Facalderonm" uid="1759764" lat="7.1400786" lon="-73.1211690"/>
 <node id="5419457136" visible="true" version="2" changeset="157465486" timestamp="2024-10-04T15:02:46Z" user="JuanoDavo" uid="11097243" lat="7.1410140" lon="-73.1201446"/>
 <node id="5419457137" visible="true" version="2" changeset="157465486" timestamp="2024-10-04T15:02:46Z" user="JuanoDavo" uid="11097243" lat="7.1410274" lon="-73.1201790"/>
 <node id="5419457138" visible="true" version="2" changeset="157465486" timestamp="2024-10-04T15:02:46Z" user="JuanoDavo" uid="11097243" lat="7.1410491" lon="-73.1202087"/>
 <node id="5419457139" visible="true" version="2" changeset="157465486" timestamp="2024-10-04T15:02:46Z" user="JuanoDavo" uid="11097243" lat="7.1410778" lon="-73.1202317"/>
 <node id="5419457140" visible="true" version="2" changeset="157465486" timestamp="2024-10-04T15:02:46Z" user="JuanoDavo" uid="11097243" lat="7.1411114" lon="-73.1202465"/>
 <node id="5419457141" visible="true" version="2" changeset="157465486" timestamp="2024-10-04T15:02:46Z" user="JuanoDavo" uid="11097243" lat="7.1411476" lon="-73.1202520"/>
 <node id="5419457142" visible="true" version="2" changeset="157465486" timestamp="2024-10-04T15:02:46Z" user="JuanoDavo" uid="11097243" lat="7.1411840" lon="-73.1202479"/>
 <node id="5419457143" visible="true" version="2" changeset="157465486" timestamp="2024-10-04T15:02:46Z" user="JuanoDavo" uid="11097243" lat="7.1412182" lon="-73.1202344"/>
 <node id="5419457144" visible="true" version="2" changeset="157465486" timestamp="2024-10-04T15:02:46Z" user="JuanoDavo" uid="11097243" lat="7.1412477" lon="-73.1202125"/>
 <node id="5419457145" visible="true" version="2" changeset="157465486" timestamp="2024-10-04T15:02:46Z" user="JuanoDavo" uid="11097243" lat="7.1412705" lon="-73.1201836"/>
 <node id="5419457146" visible="true" version="2" changeset="157465486" timestamp="2024-10-04T15:02:46Z" user="JuanoDavo" uid="11097243" lat="7.1412852" lon="-73.1201498"/>
 <node id="5419457147" visible="true" version="2" changeset="157465486" timestamp="2024-10-04T15:02:46Z" user="JuanoDavo" uid="11097243" lat="7.1412866" lon="-73.1200765"/>
 <node id="5419457148" visible="true" version="2" changeset="157465486" timestamp="2024-10-04T15:02:46Z" user="JuanoDavo" uid="11097243" lat="7.1412732" lon="-73.1200421"/>
 <node id="5419457149" visible="true" version="2" changeset="157465486" timestamp="2024-10-04T15:02:46Z" user="JuanoDavo" uid="11097243" lat="7.1412514" lon="-73.1200124"/>
 <node id="5419457150" visible="true" version="2" changeset="157465486" timestamp="2024-10-04T15:02:46Z" user="JuanoDavo" uid="11097243" lat="7.1412228" lon="-73.1199894"/>
 <node id="5419457151" visible="true" version="2" changeset="157465486" timestamp="2024-10-04T15:02:46Z" user="JuanoDavo" uid="11097243" lat="7.1411892" lon="-73.1199746"/>
 <node id="5419457152" visible="true" version="2" changeset="157465486" timestamp="2024-10-04T15:02:46Z" user="JuanoDavo" uid="11097243" lat="7.1411529" lon="-73.1199691"/>
 <node id="5419457153" visible="true" version="2" changeset="157465486" timestamp="2024-10-04T15:02:46Z" user="JuanoDavo" uid="11097243" lat="7.1411165" lon="-73.1199732"/>
 <node id="5419457154" visible="true" version="2" changeset="157465486" timestamp="2024-10-04T15:02:46Z" user="JuanoDavo" uid="11097243" lat="7.1410824" lon="-73.1199867"/>
 <node id="5419457155" visible="true" version="2" changeset="157465486" timestamp="2024-10-04T15:02:46Z" user="JuanoDavo" uid="11097243" lat="7.1410529" lon="-73.1200086"/>
 <node id="5419457156" visible="true" version="2" changeset="157465486" timestamp="2024-10-04T15:02:46Z" user="JuanoDavo" uid="11097243" lat="7.1410300" lon="-73.1200375"/>
 <node id="5419457157" visible="true" version="2" changeset="157465486" timestamp="2024-10-04T15:02:46Z" user="JuanoDavo" uid="11097243" lat="7.1410154" lon="-73.1200713"/>
 <node id="5419457158" visible="true" version="2" changeset="157465486" timestamp="2024-10-04T15:02:46Z" user="JuanoDavo" uid="11097243" lat="7.1410099" lon="-73.1201079"/>
 <node id="5419457159" visible="true" version="2" changeset="157465486" timestamp="2024-10-04T15:02:46Z" user="JuanoDavo" uid="11097243" lat="7.1412907" lon="-73.1201132"/>
 <node id="5419457160" visible="true" version="3" changeset="164305061" timestamp="2025-03-30T20:53:58Z" user="Facalderonm" uid="1759764" lat="7.1413219" lon="-73.1209755"/>
 <node id="5419457161" visible="true" version="3" changeset="164305061" timestamp="2025-03-30T20:53:58Z" user="Facalderonm" uid="1759764" lat="7.1411988" lon="-73.1209769"/>
 <node id="5419457162" visible="true" version="3" changeset="164305061" timestamp="2025-03-30T20:53:58Z" user="Facalderonm" uid="1759764" lat="7.1412001" lon="-73.1210942"/>
 <node id="5419457163" visible="true" version="3" changeset="164305061" timestamp="2025-03-30T20:53:58Z" user="Facalderonm" uid="1759764" lat="7.1413232" lon="-73.1210929"/>
 <node id="5419457164" visible="true" version="4" changeset="164305061" timestamp="2025-03-30T20:53:58Z" user="Facalderonm" uid="1759764" lat="7.1414651" lon="-73.1215191"/>
 <node id="5419457166" visible="true" version="4" changeset="164305061" timestamp="2025-03-30T20:53:58Z" user="Facalderonm" uid="1759764" lat="7.1414563" lon="-73.1212232"/>
 <node id="5419457168" visible="true" version="4" changeset="164305061" timestamp="2025-03-30T20:53:58Z" user="Facalderonm" uid="1759764" lat="7.1415574" lon="-73.1215177"/>
 <node id="5419457171" visible="true" version="4" changeset="164305061" timestamp="2025-03-30T20:53:58Z" user="Facalderonm" uid="1759764" lat="7.1416112" lon="-73.1212048"/>
 <node id="5419457172" visible="true" version="4" changeset="164305061" timestamp="2025-03-30T20:53:58Z" user="Facalderonm" uid="1759764" lat="7.1416452" lon="-73.1212042"/>
 <node id="5419457173" visible="true" version="4" changeset="164305061" timestamp="2025-03-30T20:53:58Z" user="Facalderonm" uid="1759764" lat="7.1415579" lon="-73.1215499"/>
 <node id="5419457174" visible="true" version="4" changeset="164305061" timestamp="2025-03-30T20:53:58Z" user="Facalderonm" uid="1759764" lat="7.1416504" lon="-73.1215485"/>
 <node id="5419457175" visible="true" version="4" changeset="164305061" timestamp="2025-03-30T20:53:58Z" user="Facalderonm" uid="1759764" lat="7.1416103" lon="-73.1211421"/>
 <node id="5419457176" visible="true" version="4" changeset="164305061" timestamp="2025-03-30T20:53:58Z" user="Facalderonm" uid="1759764" lat="7.1414558" lon="-73.1211864"/>
 <node id="5419457177" visible="true" version="4" changeset="164305061" timestamp="2025-03-30T20:53:58Z" user="Facalderonm" uid="1759764" lat="7.1413587" lon="-73.1212247"/>
 <node id="5419457178" visible="true" version="4" changeset="164305061" timestamp="2025-03-30T20:53:58Z" user="Facalderonm" uid="1759764" lat="7.1413636" lon="-73.1215560"/>
 <node id="5419457179" visible="true" version="4" changeset="164305061" timestamp="2025-03-30T20:53:58Z" user="Facalderonm" uid="1759764" lat="7.1414657" lon="-73.1215545"/>
 <node id="5419481195" visible="true" version="2" changeset="164299848" timestamp="2025-03-30T18:41:33Z" user="Facalderonm" uid="1759764" lat="7.1418403" lon="-73.1231800"/>
 <node id="5419481196" visible="true" version="5" changeset="164299848" timestamp="2025-03-30T18:41:33Z" user="Facalderonm" uid="1759764" lat="7.1415493" lon="-73.1235288"/>
 <node id="5419481233" visible="true" version="1" changeset="56454345" timestamp="2018-02-18T04:33:23Z" user="Lauretta_J" uid="7473667" lat="7.1423059" lon="-73.1225518"/>
 <node id="5419481234" visible="true" version="2" changeset="164296571" timestamp="2025-03-30T17:14:35Z" user="Facalderonm" uid="1759764" lat="7.1425615" lon="-73.1222864"/>
 <node id="5419481235" visible="true" version="1" changeset="56454345" timestamp="2018-02-18T04:33:23Z" user="Lauretta_J" uid="7473667" lat="7.1424283" lon="-73.1224197"/>
 <node id="5419481236" visible="true" version="1" changeset="56454345" timestamp="2018-02-18T04:33:23Z" user="Lauretta_J" uid="7473667" lat="7.1422756" lon="-73.1225937"/>
 <node id="5419481237" visible="true" version="1" changeset="56454345" timestamp="2018-02-18T04:33:23Z" user="Lauretta_J" uid="7473667" lat="7.1422327" lon="-73.1226551"/>
 <node id="5419481238" visible="true" version="1" changeset="56454345" timestamp="2018-02-18T04:33:23Z" user="Lauretta_J" uid="7473667" lat="7.1419985" lon="-73.1229635"/>
 <node id="5419481239" visible="true" version="2" changeset="164299848" timestamp="2025-03-30T18:41:33Z" user="Facalderonm" uid="1759764" lat="7.1418000" lon="-73.1232088"/>
 <node id="5419481240" visible="true" version="6" changeset="164305061" timestamp="2025-03-30T20:53:58Z" user="Facalderonm" uid="1759764" lat="7.1417238" lon="-73.1224330"/>
 <node id="5424986319" visible="true" version="4" changeset="164305061" timestamp="2025-03-30T20:53:58Z" user="Facalderonm" uid="1759764" lat="7.1416331" lon="-73.1229330"/>
 <node id="5424986320" visible="true" version="4" changeset="164305061" timestamp="2025-03-30T20:53:58Z" user="Facalderonm" uid="1759764" lat="7.1415466" lon="-73.1229345"/>
 <node id="5424987421" visible="true" version="4" changeset="164305061" timestamp="2025-03-30T20:53:58Z" user="Facalderonm" uid="1759764" lat="7.1415443" lon="-73.1228069"/>
 <node id="5424987422" visible="true" version="4" changeset="164305061" timestamp="2025-03-30T20:53:58Z" user="Facalderonm" uid="1759764" lat="7.1414899" lon="-73.1228079"/>
 <node id="5424987423" visible="true" version="4" changeset="164305061" timestamp="2025-03-30T20:53:58Z" user="Facalderonm" uid="1759764" lat="7.1414922" lon="-73.1229338"/>
 <node id="5424987424" visible="true" version="4" changeset="164305061" timestamp="2025-03-30T20:53:58Z" user="Facalderonm" uid="1759764" lat="7.1413868" lon="-73.1229357"/>
 <node id="5424987425" visible="true" version="4" changeset="164305061" timestamp="2025-03-30T20:53:58Z" user="Facalderonm" uid="1759764" lat="7.1413821" lon="-73.1226723"/>
 <node id="5424987426" visible="true" version="4" changeset="164305061" timestamp="2025-03-30T20:53:58Z" user="Facalderonm" uid="1759764" lat="7.1416285" lon="-73.1226666"/>
 <node id="5424987430" visible="true" version="5" changeset="164305061" timestamp="2025-03-30T20:53:58Z" user="Facalderonm" uid="1759764" lat="7.1416752" lon="-73.1223286"/>
 <node id="5424987431" visible="true" version="5" changeset="164305061" timestamp="2025-03-30T20:53:58Z" user="Facalderonm" uid="1759764" lat="7.1412511" lon="-73.1225951"/>
 <node id="5424987433" visible="true" version="5" changeset="164305061" timestamp="2025-03-30T20:53:58Z" user="Facalderonm" uid="1759764" lat="7.1416733" lon="-73.1221694"/>
 <node id="5424987440" visible="true" version="4" changeset="164305061" timestamp="2025-03-30T20:53:58Z" user="Facalderonm" uid="1759764" lat="7.1407651" lon="-73.1229924"/>
 <node id="5424987441" visible="true" version="4" changeset="164305061" timestamp="2025-03-30T20:53:58Z" user="Facalderonm" uid="1759764" lat="7.1405730" lon="-73.1229943"/>
 <node id="5424987442" visible="true" version="4" changeset="164305061" timestamp="2025-03-30T20:53:58Z" user="Facalderonm" uid="1759764" lat="7.1405725" lon="-73.1229468"/>
 <node id="5424987443" visible="true" version="4" changeset="164305061" timestamp="2025-03-30T20:53:58Z" user="Facalderonm" uid="1759764" lat="7.1402922" lon="-73.1229495"/>
 <node id="5424987444" visible="true" version="4" changeset="164305061" timestamp="2025-03-30T20:53:58Z" user="Facalderonm" uid="1759764" lat="7.1402889" lon="-73.1226078"/>
 <node id="5424987445" visible="true" version="4" changeset="164305061" timestamp="2025-03-30T20:53:58Z" user="Facalderonm" uid="1759764" lat="7.1406509" lon="-73.1224838"/>
 <node id="5424987448" visible="true" version="4" changeset="164305061" timestamp="2025-03-30T20:53:58Z" user="Facalderonm" uid="1759764" lat="7.1406519" lon="-73.1225925"/>
 <node id="5424987449" visible="true" version="4" changeset="164305061" timestamp="2025-03-30T20:53:58Z" user="Facalderonm" uid="1759764" lat="7.1406845" lon="-73.1225922"/>
 <node id="5424987450" visible="true" version="4" changeset="164305061" timestamp="2025-03-30T20:53:58Z" user="Facalderonm" uid="1759764" lat="7.1407619" lon="-73.1226548"/>
 <node id="5607542650" visible="true" version="3" changeset="164305061" timestamp="2025-03-30T20:53:58Z" user="Facalderonm" uid="1759764" lat="7.1415545" lon="-73.1226679"/>
 <node id="5607542651" visible="true" version="3" changeset="164305061" timestamp="2025-03-30T20:53:58Z" user="Facalderonm" uid="1759764" lat="7.1415551" lon="-73.1226981"/>
 <node id="5607542652" visible="true" version="3" changeset="164305061" timestamp="2025-03-30T20:53:58Z" user="Facalderonm" uid="1759764" lat="7.1414732" lon="-73.1226996"/>
 <node id="5607542653" visible="true" version="3" changeset="164305061" timestamp="2025-03-30T20:53:58Z" user="Facalderonm" uid="1759764" lat="7.1414727" lon="-73.1226707"/>
 <node id="5619089976" visible="true" version="4" changeset="164792548" timestamp="2025-04-11T00:23:42Z" user="Facalderonm" uid="1759764" lat="7.1405922" lon="-73.1293955"/>
 <node id="5621484309" visible="true" version="4" changeset="158010297" timestamp="2024-10-17T14:15:46Z" user="JuanoDavo" uid="11097243" lat="7.1417403" lon="-73.1229524"/>
 <node id="5621484312" visible="true" version="6" changeset="164305061" timestamp="2025-03-30T20:53:58Z" user="Facalderonm" uid="1759764" lat="7.1416590" lon="-73.1203945"/>
 <node id="5721155652" visible="true" version="3" changeset="164302575" timestamp="2025-03-30T19:41:52Z" user="Facalderonm" uid="1759764" lat="7.1398043" lon="-73.1226653"/>
 <node id="5721155653" visible="true" version="3" changeset="164302575" timestamp="2025-03-30T19:41:52Z" user="Facalderonm" uid="1759764" lat="7.1398103" lon="-73.1228701"/>
 <node id="5721155654" visible="true" version="3" changeset="164302575" timestamp="2025-03-30T19:41:52Z" user="Facalderonm" uid="1759764" lat="7.1401802" lon="-73.1230005"/>
 <node id="5721155655" visible="true" version="3" changeset="164302575" timestamp="2025-03-30T19:41:52Z" user="Facalderonm" uid="1759764" lat="7.1401699" lon="-73.1226543"/>
 <node id="5930301802" visible="true" version="6" changeset="164950197" timestamp="2025-04-14T17:36:47Z" user="Facalderonm" uid="1759764" lat="7.1241883" lon="-73.1233004"/>
 <node id="5935512160" visible="true" version="4" changeset="164792548" timestamp="2025-04-11T00:23:42Z" user="Facalderonm" uid="1759764" lat="7.1407629" lon="-73.1285565"/>
 <node id="6364023207" visible="true" version="4" changeset="164305061" timestamp="2025-03-30T20:53:58Z" user="Facalderonm" uid="1759764" lat="7.1418186" lon="-73.1193761"/>
 <node id="6364023208" visible="true" version="4" changeset="164305061" timestamp="2025-03-30T20:53:58Z" user="Facalderonm" uid="1759764" lat="7.1416485" lon="-73.1193774"/>
 <node id="6364023210" visible="true" version="3" changeset="157471523" timestamp="2024-10-04T17:23:43Z" user="JuanoDavo" uid="11097243" lat="7.1416468" lon="-73.1191506"/>
 <node id="6364023215" visible="true" version="3" changeset="157471523" timestamp="2024-10-04T17:23:43Z" user="JuanoDavo" uid="11097243" lat="7.1419938" lon="-73.1188842"/>
 <node id="6364023216" visible="true" version="3" changeset="164305061" timestamp="2025-03-30T20:53:58Z" user="Facalderonm" uid="1759764" lat="7.1419965" lon="-73.1192591"/>
 <node id="6364023218" visible="true" version="4" changeset="164305061" timestamp="2025-03-30T20:53:58Z" user="Facalderonm" uid="1759764" lat="7.1418177" lon="-73.1192605"/>
 <node id="6364071027" visible="true" version="3" changeset="157465630" timestamp="2024-10-04T15:05:48Z" user="JuanoDavo" uid="11097243" lat="7.1413338" lon="-73.1202295">
  <tag k="amenity" v="drinking_water"/>
  <tag k="fountain" v="bubbler"/>
 </node>
 <node id="6364071029" visible="true" version="2" changeset="86485326" timestamp="2020-06-10T22:02:38Z" user="nutchayahongvilai" uid="10028134" lat="7.1417656" lon="-73.1188695">
  <tag k="amenity" v="drinking_water"/>
 </node>
 <node id="6364071030" visible="true" version="6" changeset="164302575" timestamp="2025-03-30T19:41:52Z" user="Facalderonm" uid="1759764" lat="7.1402525" lon="-73.1196321"/>
 <node id="6364071031" visible="true" version="5" changeset="164302575" timestamp="2025-03-30T19:41:52Z" user="Facalderonm" uid="1759764" lat="7.1402478" lon="-73.1192390"/>
 <node id="6364071032" visible="true" version="5" changeset="164302575" timestamp="2025-03-30T19:41:52Z" user="Facalderonm" uid="1759764" lat="7.1394661" lon="-73.1192486"/>
 <node id="6364071033" visible="true" version="5" changeset="164302575" timestamp="2025-03-30T19:41:52Z" user="Facalderonm" uid="1759764" lat="7.1394708" lon="-73.1196415"/>
 <node id="6364071034" visible="true" version="5" changeset="164305061" timestamp="2025-03-30T20:53:58Z" user="Facalderonm" uid="1759764" lat="7.1408532" lon="-73.1211490"/>
 <node id="6364071036" visible="true" version="4" changeset="164305061" timestamp="2025-03-30T20:53:58Z" user="Facalderonm" uid="1759764" lat="7.1411923" lon="-73.1211246"/>
 <node id="6364071039" visible="true" version="5" changeset="164307755" timestamp="2025-03-30T22:43:53Z" user="Facalderonm" uid="1759764" lat="7.1407724" lon="-73.1202637"/>
 <node id="6364071040" visible="true" version="4" changeset="164305061" timestamp="2025-03-30T20:53:58Z" user="Facalderonm" uid="1759764" lat="7.1413288" lon="-73.1211095"/>
 <node id="6364071042" visible="true" version="3" changeset="164305061" timestamp="2025-03-30T20:53:58Z" user="Facalderonm" uid="1759764" lat="7.1413193" lon="-73.1202221"/>
 <node id="6364071045" visible="true" version="3" changeset="164305061" timestamp="2025-03-30T20:53:58Z" user="Facalderonm" uid="1759764" lat="7.1413155" lon="-73.1198633"/>
 <node id="6364071048" visible="true" version="6" changeset="164307755" timestamp="2025-03-30T22:43:53Z" user="Facalderonm" uid="1759764" lat="7.1408836" lon="-73.1197468"/>
 <node id="6364071051" visible="true" version="7" changeset="164529698" timestamp="2025-04-04T21:51:34Z" user="Facalderonm" uid="1759764" lat="7.1416479" lon="-73.1210569"/>
 <node id="6364071052" visible="true" version="6" changeset="164529698" timestamp="2025-04-04T21:51:34Z" user="Facalderonm" uid="1759764" lat="7.1415411" lon="-73.1210594"/>
 <node id="6364071053" visible="true" version="7" changeset="164529698" timestamp="2025-04-04T21:51:34Z" user="Facalderonm" uid="1759764" lat="7.1415282" lon="-73.1205050"/>
 <node id="6364071054" visible="true" version="7" changeset="164529698" timestamp="2025-04-04T21:51:34Z" user="Facalderonm" uid="1759764" lat="7.1416349" lon="-73.1205024"/>
 <node id="6364071055" visible="true" version="3" changeset="164302575" timestamp="2025-03-30T19:41:52Z" user="Facalderonm" uid="1759764" lat="7.1404550" lon="-73.1198618"/>
 <node id="6364071057" visible="true" version="4" changeset="164307755" timestamp="2025-03-30T22:43:53Z" user="Facalderonm" uid="1759764" lat="7.1399463" lon="-73.1187896"/>
 <node id="6364071058" visible="true" version="4" changeset="164307755" timestamp="2025-03-30T22:43:53Z" user="Facalderonm" uid="1759764" lat="7.1399371" lon="-73.1182503"/>
 <node id="6364071060" visible="true" version="4" changeset="164307755" timestamp="2025-03-30T22:43:53Z" user="Facalderonm" uid="1759764" lat="7.1401999" lon="-73.1179279"/>
 <node id="6364071061" visible="true" version="5" changeset="164307755" timestamp="2025-03-30T22:43:53Z" user="Facalderonm" uid="1759764" lat="7.1405057" lon="-73.1179198"/>
 <node id="6364071062" visible="true" version="5" changeset="164307755" timestamp="2025-03-30T22:43:53Z" user="Facalderonm" uid="1759764" lat="7.1405506" lon="-73.1179186"/>
 <node id="6364071063" visible="true" version="4" changeset="164307755" timestamp="2025-03-30T22:43:53Z" user="Facalderonm" uid="1759764" lat="7.1408073" lon="-73.1176076"/>
 <node id="6364071064" visible="true" version="4" changeset="164307755" timestamp="2025-03-30T22:43:53Z" user="Facalderonm" uid="1759764" lat="7.1399317" lon="-73.1179350"/>
 <node id="6364071067" visible="true" version="5" changeset="164307755" timestamp="2025-03-30T22:43:53Z" user="Facalderonm" uid="1759764" lat="7.1406402" lon="-73.1179162"/>
 <node id="6364071069" visible="true" version="3" changeset="164307755" timestamp="2025-03-30T22:43:53Z" user="Facalderonm" uid="1759764" lat="7.1414974" lon="-73.1180102"/>
 <node id="6364071071" visible="true" version="2" changeset="86520324" timestamp="2020-06-11T13:33:43Z" user="nutchayahongvilai" uid="10028134" lat="7.1415575" lon="-73.1180468"/>
 <node id="6364071072" visible="true" version="3" changeset="164305061" timestamp="2025-03-30T20:53:58Z" user="Facalderonm" uid="1759764" lat="7.1416567" lon="-73.1181837"/>
 <node id="6364071073" visible="true" version="3" changeset="164305061" timestamp="2025-03-30T20:53:58Z" user="Facalderonm" uid="1759764" lat="7.1416980" lon="-73.1182937"/>
 <node id="6364071075" visible="true" version="4" changeset="164305061" timestamp="2025-03-30T20:53:58Z" user="Facalderonm" uid="1759764" lat="7.1417203" lon="-73.1190568"/>
 <node id="6364071080" visible="true" version="2" changeset="86485326" timestamp="2020-06-10T22:02:38Z" user="nutchayahongvilai" uid="10028134" lat="7.1417628" lon="-73.1188085">
  <tag k="amenity" v="drinking_water"/>
 </node>
 <node id="6364071188" visible="true" version="4" changeset="164305061" timestamp="2025-03-30T20:53:58Z" user="Facalderonm" uid="1759764" lat="7.1407368" lon="-73.1209039"/>
 <node id="6364071193" visible="true" version="3" changeset="164305061" timestamp="2025-03-30T20:53:58Z" user="Facalderonm" uid="1759764" lat="7.1414765" lon="-73.1196884"/>
 <node id="6364071216" visible="true" version="2" changeset="157563325" timestamp="2024-10-07T03:22:12Z" user="JuanoDavo" uid="11097243" lat="7.1426150" lon="-73.1218093"/>
 <node id="6364071217" visible="true" version="2" changeset="157563325" timestamp="2024-10-07T03:22:12Z" user="JuanoDavo" uid="11097243" lat="7.1425714" lon="-73.1210402"/>
 <node id="6364071218" visible="true" version="3" changeset="157563325" timestamp="2024-10-07T03:22:12Z" user="JuanoDavo" uid="11097243" lat="7.1424899" lon="-73.1208308"/>
 <node id="6364071219" visible="true" version="3" changeset="157563325" timestamp="2024-10-07T03:22:12Z" user="JuanoDavo" uid="11097243" lat="7.1420939" lon="-73.1204865"/>
 <node id="6364071223" visible="true" version="3" changeset="157563325" timestamp="2024-10-07T03:22:12Z" user="JuanoDavo" uid="11097243" lat="7.1421853" lon="-73.1223885"/>
 <node id="6364071228" visible="true" version="4" changeset="164305061" timestamp="2025-03-30T20:53:58Z" user="Facalderonm" uid="1759764" lat="7.1423396" lon="-73.1222760"/>
 <node id="6364071229" visible="true" version="2" changeset="157563325" timestamp="2024-10-07T03:22:12Z" user="JuanoDavo" uid="11097243" lat="7.1424975" lon="-73.1220767"/>
 <node id="6469032207" visible="true" version="4" changeset="164299848" timestamp="2025-03-30T18:41:33Z" user="Facalderonm" uid="1759764" lat="7.1383592" lon="-73.1228212"/>
 <node id="6977530668" visible="true" version="4" changeset="164305254" timestamp="2025-03-30T21:00:57Z" user="Facalderonm" uid="1759764" lat="7.1395369" lon="-73.1195241"/>
 <node id="6977530671" visible="true" version="4" changeset="164305254" timestamp="2025-03-30T21:00:57Z" user="Facalderonm" uid="1759764" lat="7.1395349" lon="-73.1193710"/>
 <node id="6977530680" visible="true" version="6" changeset="164305254" timestamp="2025-03-30T21:00:57Z" user="Facalderonm" uid="1759764" lat="7.1402217" lon="-73.1195214"/>
 <node id="6977533314" visible="true" version="5" changeset="164305254" timestamp="2025-03-30T21:00:57Z" user="Facalderonm" uid="1759764" lat="7.1402211" lon="-73.1193620"/>
 <node id="7009299187" visible="true" version="5" changeset="164299848" timestamp="2025-03-30T18:41:33Z" user="Facalderonm" uid="1759764" lat="7.1387599" lon="-73.1212102">
  <tag k="access" v="permit"/>
  <tag k="entrance" v="secondary"/>
 </node>
 <node id="7230869071" visible="true" version="4" changeset="164307755" timestamp="2025-03-30T22:43:53Z" user="Facalderonm" uid="1759764" lat="7.1399248" lon="-73.1175329"/>
 <node id="7461366497" visible="true" version="4" changeset="164305061" timestamp="2025-03-30T20:53:58Z" user="Facalderonm" uid="1759764" lat="7.1406436" lon="-73.1230739"/>
 <node id="7461366501" visible="true" version="4" changeset="164305061" timestamp="2025-03-30T20:53:58Z" user="Facalderonm" uid="1759764" lat="7.1404261" lon="-73.1230255"/>
 <node id="7461366502" visible="true" version="4" changeset="164305061" timestamp="2025-03-30T20:53:58Z" user="Facalderonm" uid="1759764" lat="7.1404139" lon="-73.1230814"/>
 <node id="7461366503" visible="true" version="4" changeset="164305061" timestamp="2025-03-30T20:53:58Z" user="Facalderonm" uid="1759764" lat="7.1406314" lon="-73.1231297"/>
 <node id="7512658050" visible="true" version="2" changeset="157465452" timestamp="2024-10-04T15:01:47Z" user="JuanoDavo" uid="11097243" lat="7.1407637" lon="-73.1208518"/>
 <node id="7512658051" visible="true" version="2" changeset="157465452" timestamp="2024-10-04T15:01:47Z" user="JuanoDavo" uid="11097243" lat="7.1407634" lon="-73.1207774"/>
 <node id="7512658052" visible="true" version="2" changeset="157465452" timestamp="2024-10-04T15:01:47Z" user="JuanoDavo" uid="11097243" lat="7.1407376" lon="-73.1207774"/>
 <node id="7512658053" visible="true" version="2" changeset="157465452" timestamp="2024-10-04T15:01:47Z" user="JuanoDavo" uid="11097243" lat="7.1407378" lon="-73.1208519"/>
 <node id="7512658054" visible="true" version="4" changeset="164305061" timestamp="2025-03-30T20:53:58Z" user="Facalderonm" uid="1759764" lat="7.1416816" lon="-73.1211063"/>
 <node id="7512658055" visible="true" version="3" changeset="164305061" timestamp="2025-03-30T20:53:58Z" user="Facalderonm" uid="1759764" lat="7.1416870" lon="-73.1212740"/>
 <node id="7516025110" visible="true" version="5" changeset="164302575" timestamp="2025-03-30T19:41:52Z" user="Facalderonm" uid="1759764" lat="7.1399272" lon="-73.1200296"/>
 <node id="7516025113" visible="true" version="3" changeset="164300738" timestamp="2025-03-30T19:00:03Z" user="Facalderonm" uid="1759764" lat="7.1397161" lon="-73.1200859"/>
 <node id="7516025115" visible="true" version="4" changeset="164300738" timestamp="2025-03-30T19:00:03Z" user="Facalderonm" uid="1759764" lat="7.1395646" lon="-73.1200434"/>
 <node id="7516025116" visible="true" version="4" changeset="164300738" timestamp="2025-03-30T19:00:03Z" user="Facalderonm" uid="1759764" lat="7.1396464" lon="-73.1197832"/>
 <node id="7516025117" visible="true" version="5" changeset="164302575" timestamp="2025-03-30T19:41:52Z" user="Facalderonm" uid="1759764" lat="7.1400902" lon="-73.1196861"/>
 <node id="7516085660" visible="true" version="4" changeset="164305061" timestamp="2025-03-30T20:53:58Z" user="Facalderonm" uid="1759764" lat="7.1414641" lon="-73.1195292"/>
 <node id="7516085661" visible="true" version="4" changeset="164305061" timestamp="2025-03-30T20:53:58Z" user="Facalderonm" uid="1759764" lat="7.1414578" lon="-73.1193131"/>
 <node id="7516085662" visible="true" version="4" changeset="164305061" timestamp="2025-03-30T20:53:58Z" user="Facalderonm" uid="1759764" lat="7.1413382" lon="-73.1193167"/>
 <node id="7516085663" visible="true" version="4" changeset="164305061" timestamp="2025-03-30T20:53:58Z" user="Facalderonm" uid="1759764" lat="7.1413420" lon="-73.1195329"/>
 <node id="7516092012" visible="true" version="4" changeset="164305061" timestamp="2025-03-30T20:53:58Z" user="Facalderonm" uid="1759764" lat="7.1412901" lon="-73.1198161"/>
 <node id="7516092013" visible="true" version="4" changeset="164305061" timestamp="2025-03-30T20:53:58Z" user="Facalderonm" uid="1759764" lat="7.1409536" lon="-73.1198211"/>
 <node id="7516092014" visible="true" version="4" changeset="164305061" timestamp="2025-03-30T20:53:58Z" user="Facalderonm" uid="1759764" lat="7.1409468" lon="-73.1193559"/>
 <node id="7516092015" visible="true" version="4" changeset="164305061" timestamp="2025-03-30T20:53:58Z" user="Facalderonm" uid="1759764" lat="7.1410897" lon="-73.1193538"/>
 <node id="7516092016" visible="true" version="4" changeset="164305061" timestamp="2025-03-30T20:53:58Z" user="Facalderonm" uid="1759764" lat="7.1412865" lon="-73.1195684"/>
 <node id="7516092017" visible="true" version="4" changeset="164305061" timestamp="2025-03-30T20:53:58Z" user="Facalderonm" uid="1759764" lat="7.1410929" lon="-73.1195713"/>
 <node id="7516166759" visible="true" version="6" changeset="164529698" timestamp="2025-04-04T21:51:34Z" user="Facalderonm" uid="1759764" lat="7.1412905" lon="-73.1214285"/>
 <node id="7516166762" visible="true" version="6" changeset="164529698" timestamp="2025-04-04T21:51:34Z" user="Facalderonm" uid="1759764" lat="7.1411525" lon="-73.1217882"/>
 <node id="7516190036" visible="true" version="5" changeset="164529698" timestamp="2025-04-04T21:51:34Z" user="Facalderonm" uid="1759764" lat="7.1412934" lon="-73.1217870"/>
 <node id="7516190037" visible="true" version="5" changeset="164529698" timestamp="2025-04-04T21:51:34Z" user="Facalderonm" uid="1759764" lat="7.1411496" lon="-73.1214297"/>
 <node id="7516212930" visible="true" version="4" changeset="164305061" timestamp="2025-03-30T20:53:58Z" user="Facalderonm" uid="1759764" lat="7.1411185" lon="-73.1223620"/>
 <node id="7516212931" visible="true" version="4" changeset="164305061" timestamp="2025-03-30T20:53:58Z" user="Facalderonm" uid="1759764" lat="7.1411138" lon="-73.1218543"/>
 <node id="7516212932" visible="true" version="4" changeset="164305061" timestamp="2025-03-30T20:53:58Z" user="Facalderonm" uid="1759764" lat="7.1409590" lon="-73.1218557"/>
 <node id="7516212933" visible="true" version="4" changeset="164305061" timestamp="2025-03-30T20:53:58Z" user="Facalderonm" uid="1759764" lat="7.1409606" lon="-73.1220405"/>
 <node id="7516212934" visible="true" version="4" changeset="164305061" timestamp="2025-03-30T20:53:58Z" user="Facalderonm" uid="1759764" lat="7.1405354" lon="-73.1220444"/>
 <node id="7516212935" visible="true" version="4" changeset="164305061" timestamp="2025-03-30T20:53:58Z" user="Facalderonm" uid="1759764" lat="7.1405374" lon="-73.1222562"/>
 <node id="7516212936" visible="true" version="4" changeset="164305061" timestamp="2025-03-30T20:53:58Z" user="Facalderonm" uid="1759764" lat="7.1406488" lon="-73.1222552"/>
 <node id="7516212937" visible="true" version="4" changeset="164305061" timestamp="2025-03-30T20:53:58Z" user="Facalderonm" uid="1759764" lat="7.1406498" lon="-73.1223663"/>
 <node id="7516218346" visible="true" version="3" changeset="164305061" timestamp="2025-03-30T20:53:58Z" user="Facalderonm" uid="1759764" lat="7.1419020" lon="-73.1223440"/>
 <node id="7516218347" visible="true" version="3" changeset="164305061" timestamp="2025-03-30T20:53:58Z" user="Facalderonm" uid="1759764" lat="7.1419018" lon="-73.1222887"/>
 <node id="7516218348" visible="true" version="3" changeset="164305061" timestamp="2025-03-30T20:53:58Z" user="Facalderonm" uid="1759764" lat="7.1419389" lon="-73.1222886"/>
 <node id="7516218349" visible="true" version="3" changeset="164305061" timestamp="2025-03-30T20:53:58Z" user="Facalderonm" uid="1759764" lat="7.1419383" lon="-73.1221453"/>
 <node id="7516218350" visible="true" version="3" changeset="164305061" timestamp="2025-03-30T20:53:58Z" user="Facalderonm" uid="1759764" lat="7.1418979" lon="-73.1221455"/>
 <node id="7516218351" visible="true" version="3" changeset="164305061" timestamp="2025-03-30T20:53:58Z" user="Facalderonm" uid="1759764" lat="7.1418974" lon="-73.1220146"/>
 <node id="7516218352" visible="true" version="3" changeset="164305061" timestamp="2025-03-30T20:53:58Z" user="Facalderonm" uid="1759764" lat="7.1417915" lon="-73.1219355"/>
 <node id="7516218353" visible="true" version="3" changeset="164305061" timestamp="2025-03-30T20:53:58Z" user="Facalderonm" uid="1759764" lat="7.1417932" lon="-73.1223445"/>
 <node id="7516218355" visible="true" version="3" changeset="164305061" timestamp="2025-03-30T20:53:58Z" user="Facalderonm" uid="1759764" lat="7.1419665" lon="-73.1222888"/>
 <node id="7516218356" visible="true" version="3" changeset="164305061" timestamp="2025-03-30T20:53:58Z" user="Facalderonm" uid="1759764" lat="7.1419644" lon="-73.1221825"/>
 <node id="7516218357" visible="true" version="3" changeset="164305061" timestamp="2025-03-30T20:53:58Z" user="Facalderonm" uid="1759764" lat="7.1420537" lon="-73.1221807"/>
 <node id="7516218358" visible="true" version="3" changeset="164305061" timestamp="2025-03-30T20:53:58Z" user="Facalderonm" uid="1759764" lat="7.1420484" lon="-73.1219170"/>
 <node id="7516218360" visible="true" version="3" changeset="164305061" timestamp="2025-03-30T20:53:58Z" user="Facalderonm" uid="1759764" lat="7.1421577" lon="-73.1219148"/>
 <node id="7516218361" visible="true" version="3" changeset="164305061" timestamp="2025-03-30T20:53:58Z" user="Facalderonm" uid="1759764" lat="7.1421652" lon="-73.1222848"/>
 <node id="7610398974" visible="true" version="4" changeset="164296571" timestamp="2025-03-30T17:14:35Z" user="Facalderonm" uid="1759764" lat="7.1405693" lon="-73.1157400"/>
 <node id="7610398975" visible="true" version="3" changeset="164296571" timestamp="2025-03-30T17:14:35Z" user="Facalderonm" uid="1759764" lat="7.1408390" lon="-73.1162081"/>
 <node id="7610398976" visible="true" version="3" changeset="164305227" timestamp="2025-03-30T20:59:43Z" user="Facalderonm" uid="1759764" lat="7.1404808" lon="-73.1160649"/>
 <node id="7610398977" visible="true" version="2" changeset="88550552" timestamp="2020-07-27T08:14:34Z" user="Caravanserai" uid="10019202" lat="7.1410071" lon="-73.1166416"/>
 <node id="7610398978" visible="true" version="2" changeset="88550552" timestamp="2020-07-27T08:14:34Z" user="Caravanserai" uid="10019202" lat="7.1415334" lon="-73.1171438"/>
 <node id="7610398979" visible="true" version="3" changeset="164305227" timestamp="2025-03-30T20:59:43Z" user="Facalderonm" uid="1759764" lat="7.1412147" lon="-73.1168682"/>
 <node id="7610398980" visible="true" version="1" changeset="86485164" timestamp="2020-06-10T21:55:58Z" user="nutchayahongvilai" uid="10028134" lat="7.1419652" lon="-73.1178734"/>
 <node id="7610398981" visible="true" version="3" changeset="164305061" timestamp="2025-03-30T20:53:58Z" user="Facalderonm" uid="1759764" lat="7.1420983" lon="-73.1185519"/>
 <node id="7610398982" visible="true" version="3" changeset="164305061" timestamp="2025-03-30T20:53:58Z" user="Facalderonm" uid="1759764" lat="7.1421102" lon="-73.1186928"/>
 <node id="7610409905" visible="true" version="3" changeset="164296571" timestamp="2025-03-30T17:14:35Z" user="Facalderonm" uid="1759764" lat="7.1410665" lon="-73.1165510"/>
 <node id="7610409906" visible="true" version="3" changeset="164296571" timestamp="2025-03-30T17:14:35Z" user="Facalderonm" uid="1759764" lat="7.1416087" lon="-73.1170458"/>
 <node id="7612475672" visible="true" version="2" changeset="124362634" timestamp="2022-08-01T19:55:01Z" user="Raenbow" uid="10782346" lat="7.1399556" lon="-73.1155628"/>
 <node id="7612475673" visible="true" version="2" changeset="124362634" timestamp="2022-08-01T19:55:01Z" user="Raenbow" uid="10782346" lat="7.1399541" lon="-73.1156268"/>
 <node id="7612565024" visible="true" version="2" changeset="157470043" timestamp="2024-10-04T16:45:58Z" user="JuanoDavo" uid="11097243" lat="7.1406408" lon="-73.1177926"/>
 <node id="7612840159" visible="true" version="2" changeset="164305061" timestamp="2025-03-30T20:53:58Z" user="Facalderonm" uid="1759764" lat="7.1415367" lon="-73.1191769"/>
 <node id="7612840161" visible="true" version="2" changeset="164305061" timestamp="2025-03-30T20:53:58Z" user="Facalderonm" uid="1759764" lat="7.1414986" lon="-73.1196069"/>
 <node id="7742032307" visible="true" version="5" changeset="164302575" timestamp="2025-03-30T19:41:52Z" user="Facalderonm" uid="1759764" lat="7.1390646" lon="-73.1201880">
  <tag k="access" v="customers"/>
  <tag k="door" v="yes"/>
  <tag k="entrance" v="yes"/>
 </node>
 <node id="7742048558" visible="true" version="5" changeset="164302575" timestamp="2025-03-30T19:41:52Z" user="Facalderonm" uid="1759764" lat="7.1390659" lon="-73.1202872">
  <tag k="door" v="yes"/>
  <tag k="entrance" v="main"/>
 </node>
 <node id="7742072206" visible="true" version="3" changeset="164790740" timestamp="2025-04-10T22:56:27Z" user="Facalderonm" uid="1759764" lat="7.1393184" lon="-73.1266250"/>
 <node id="7755635188" visible="true" version="5" changeset="164300738" timestamp="2025-03-30T19:00:03Z" user="Facalderonm" uid="1759764" lat="7.1400801" lon="-73.1212641"/>
 <node id="7755654241" visible="true" version="3" changeset="164305061" timestamp="2025-03-30T20:53:58Z" user="Facalderonm" uid="1759764" lat="7.1419425" lon="-73.1224316"/>
 <node id="7755654242" visible="true" version="2" changeset="157563325" timestamp="2024-10-07T03:22:12Z" user="JuanoDavo" uid="11097243" lat="7.1420152" lon="-73.1226814"/>
 <node id="7755654243" visible="true" version="4" changeset="164305061" timestamp="2025-03-30T20:53:58Z" user="Facalderonm" uid="1759764" lat="7.1421395" lon="-73.1223814"/>
 <node id="7755654244" visible="true" version="2" changeset="157563325" timestamp="2024-10-07T03:22:12Z" user="JuanoDavo" uid="11097243" lat="7.1417810" lon="-73.1228424"/>
 <node id="7755654245" visible="true" version="3" changeset="164305061" timestamp="2025-03-30T20:53:58Z" user="Facalderonm" uid="1759764" lat="7.1417768" lon="-73.1223848"/>
 <node id="7755654247" visible="true" version="2" changeset="164305061" timestamp="2025-03-30T20:53:58Z" user="Facalderonm" uid="1759764" lat="7.1417008" lon="-73.1193476"/>
 <node id="7755654249" visible="true" version="3" changeset="164305061" timestamp="2025-03-30T20:53:58Z" user="Facalderonm" uid="1759764" lat="7.1417909" lon="-73.1192828"/>
 <node id="7755796984" visible="true" version="2" changeset="164305227" timestamp="2025-03-30T20:59:43Z" user="Facalderonm" uid="1759764" lat="7.1403251" lon="-73.1161487"/>
 <node id="7847297636" visible="true" version="3" changeset="164305061" timestamp="2025-03-30T20:53:58Z" user="Facalderonm" uid="1759764" lat="7.1416602" lon="-73.1221200"/>
 <node id="7847297637" visible="true" version="3" changeset="164305061" timestamp="2025-03-30T20:53:58Z" user="Facalderonm" uid="1759764" lat="7.1413533" lon="-73.1221225"/>
 <node id="7847297638" visible="true" version="3" changeset="164305061" timestamp="2025-03-30T20:53:58Z" user="Facalderonm" uid="1759764" lat="7.1413491" lon="-73.1216109"/>
 <node id="7847297639" visible="true" version="3" changeset="164305061" timestamp="2025-03-30T20:53:58Z" user="Facalderonm" uid="1759764" lat="7.1416561" lon="-73.1216084"/>
 <node id="7847297648" visible="true" version="3" changeset="164305061" timestamp="2025-03-30T20:53:58Z" user="Facalderonm" uid="1759764" lat="7.1418806" lon="-73.1198328"/>
 <node id="7847297649" visible="true" version="4" changeset="164305061" timestamp="2025-03-30T20:53:58Z" user="Facalderonm" uid="1759764" lat="7.1415476" lon="-73.1198675"/>
 <node id="7847297651" visible="true" version="2" changeset="164305061" timestamp="2025-03-30T20:53:58Z" user="Facalderonm" uid="1759764" lat="7.1414982" lon="-73.1201250"/>
 <node id="7847297652" visible="true" version="1" changeset="89987351" timestamp="2020-08-26T19:04:14Z" user="Paul Herrera G" uid="11714094" lat="7.1415345" lon="-73.1202466"/>
 <node id="7847297653" visible="true" version="1" changeset="89987351" timestamp="2020-08-26T19:04:14Z" user="Paul Herrera G" uid="11714094" lat="7.1416020" lon="-73.1203152"/>
 <node id="7847297654" visible="true" version="3" changeset="164305061" timestamp="2025-03-30T20:53:58Z" user="Facalderonm" uid="1759764" lat="7.1416955" lon="-73.1203532"/>
 <node id="7847297657" visible="true" version="1" changeset="89987351" timestamp="2020-08-26T19:04:14Z" user="Paul Herrera G" uid="11714094" lat="7.1410976" lon="-73.1205952"/>
 <node id="7847297658" visible="true" version="1" changeset="89987351" timestamp="2020-08-26T19:04:14Z" user="Paul Herrera G" uid="11714094" lat="7.1410242" lon="-73.1206109"/>
 <node id="7847297659" visible="true" version="1" changeset="89987351" timestamp="2020-08-26T19:04:14Z" user="Paul Herrera G" uid="11714094" lat="7.1409094" lon="-73.1205926"/>
 <node id="7847297660" visible="true" version="2" changeset="157675528" timestamp="2024-10-09T14:28:59Z" user="JuanoDavo" uid="11097243" lat="7.1408308" lon="-73.1205013"/>
 <node id="7847297661" visible="true" version="1" changeset="89987351" timestamp="2020-08-26T19:04:14Z" user="Paul Herrera G" uid="11714094" lat="7.1407298" lon="-73.1204864"/>
 <node id="7847297662" visible="true" version="1" changeset="89987351" timestamp="2020-08-26T19:04:14Z" user="Paul Herrera G" uid="11714094" lat="7.1406288" lon="-73.1204908"/>
 <node id="7847297663" visible="true" version="1" changeset="89987351" timestamp="2020-08-26T19:04:14Z" user="Paul Herrera G" uid="11714094" lat="7.1405796" lon="-73.1204342"/>
 <node id="7847297664" visible="true" version="1" changeset="89987351" timestamp="2020-08-26T19:04:14Z" user="Paul Herrera G" uid="11714094" lat="7.1405934" lon="-73.1203689"/>
 <node id="7847297665" visible="true" version="1" changeset="89987351" timestamp="2020-08-26T19:04:14Z" user="Paul Herrera G" uid="11714094" lat="7.1406840" lon="-73.1203611"/>
 <node id="7847297666" visible="true" version="1" changeset="89987351" timestamp="2020-08-26T19:04:14Z" user="Paul Herrera G" uid="11714094" lat="7.1407488" lon="-73.1204246"/>
 <node id="7847297667" visible="true" version="2" changeset="157675528" timestamp="2024-10-09T14:28:59Z" user="JuanoDavo" uid="11097243" lat="7.1408420" lon="-73.1204446"/>
 <node id="7847297668" visible="true" version="1" changeset="89987351" timestamp="2020-08-26T19:04:14Z" user="Paul Herrera G" uid="11714094" lat="7.1408844" lon="-73.1204133"/>
 <node id="7847297669" visible="true" version="1" changeset="89987351" timestamp="2020-08-26T19:04:14Z" user="Paul Herrera G" uid="11714094" lat="7.1409448" lon="-73.1203872"/>
 <node id="7847297670" visible="true" version="2" changeset="157675528" timestamp="2024-10-09T14:28:59Z" user="JuanoDavo" uid="11097243" lat="7.1410270" lon="-73.1204158"/>
 <node id="7847297671" visible="true" version="2" changeset="157675528" timestamp="2024-10-09T14:28:59Z" user="JuanoDavo" uid="11097243" lat="7.1411040" lon="-73.1204719"/>
 <node id="7847297672" visible="true" version="3" changeset="164305061" timestamp="2025-03-30T20:53:58Z" user="Facalderonm" uid="1759764" lat="7.1413273" lon="-73.1209675"/>
 <node id="7847297673" visible="true" version="3" changeset="164305061" timestamp="2025-03-30T20:53:58Z" user="Facalderonm" uid="1759764" lat="7.1411637" lon="-73.1209700"/>
 <node id="7847297675" visible="true" version="3" changeset="164305061" timestamp="2025-03-30T20:53:58Z" user="Facalderonm" uid="1759764" lat="7.1407905" lon="-73.1207102"/>
 <node id="7847297676" visible="true" version="3" changeset="164305061" timestamp="2025-03-30T20:53:58Z" user="Facalderonm" uid="1759764" lat="7.1407896" lon="-73.1206663"/>
 <node id="7847297678" visible="true" version="3" changeset="164305061" timestamp="2025-03-30T20:53:58Z" user="Facalderonm" uid="1759764" lat="7.1405020" lon="-73.1207166"/>
 <node id="7847297679" visible="true" version="3" changeset="164305061" timestamp="2025-03-30T20:53:58Z" user="Facalderonm" uid="1759764" lat="7.1404928" lon="-73.1203139"/>
 <node id="7847297681" visible="true" version="2" changeset="157465452" timestamp="2024-10-04T15:01:47Z" user="JuanoDavo" uid="11097243" lat="7.1409710" lon="-73.1203028"/>
 <node id="7847297684" visible="true" version="3" changeset="164305061" timestamp="2025-03-30T20:53:58Z" user="Facalderonm" uid="1759764" lat="7.1411369" lon="-73.1203812"/>
 <node id="7847342185" visible="true" version="3" changeset="164305061" timestamp="2025-03-30T20:53:58Z" user="Facalderonm" uid="1759764" lat="7.1412061" lon="-73.1203697"/>
 <node id="7847342186" visible="true" version="3" changeset="164305061" timestamp="2025-03-30T20:53:58Z" user="Facalderonm" uid="1759764" lat="7.1412982" lon="-73.1203051"/>
 <node id="7847342187" visible="true" version="2" changeset="157465452" timestamp="2024-10-04T15:01:47Z" user="JuanoDavo" uid="11097243" lat="7.1414282" lon="-73.1202141"/>
 <node id="7847342188" visible="true" version="3" changeset="164305061" timestamp="2025-03-30T20:53:58Z" user="Facalderonm" uid="1759764" lat="7.1416193" lon="-73.1204043"/>
 <node id="7847342189" visible="true" version="3" changeset="164305061" timestamp="2025-03-30T20:53:58Z" user="Facalderonm" uid="1759764" lat="7.1416229" lon="-73.1204774"/>
 <node id="7847342194" visible="true" version="3" changeset="164305061" timestamp="2025-03-30T20:53:58Z" user="Facalderonm" uid="1759764" lat="7.1412885" lon="-73.1211826"/>
 <node id="7847342196" visible="true" version="3" changeset="164305061" timestamp="2025-03-30T20:53:58Z" user="Facalderonm" uid="1759764" lat="7.1409699" lon="-73.1211852"/>
 <node id="7847342198" visible="true" version="3" changeset="164305061" timestamp="2025-03-30T20:53:58Z" user="Facalderonm" uid="1759764" lat="7.1409746" lon="-73.1217896"/>
 <node id="7847400115" visible="true" version="4" changeset="164305061" timestamp="2025-03-30T20:53:58Z" user="Facalderonm" uid="1759764" lat="7.1414146" lon="-73.1223317"/>
 <node id="7847400118" visible="true" version="3" changeset="164305061" timestamp="2025-03-30T20:53:58Z" user="Facalderonm" uid="1759764" lat="7.1416782" lon="-73.1225900"/>
 <node id="7847400120" visible="true" version="3" changeset="164305061" timestamp="2025-03-30T20:53:58Z" user="Facalderonm" uid="1759764" lat="7.1414176" lon="-73.1225931"/>
 <node id="7847400122" visible="true" version="4" changeset="164305061" timestamp="2025-03-30T20:53:58Z" user="Facalderonm" uid="1759764" lat="7.1408122" lon="-73.1230786"/>
 <node id="7847400123" visible="true" version="3" changeset="164305061" timestamp="2025-03-30T20:53:58Z" user="Facalderonm" uid="1759764" lat="7.1411201" lon="-73.1225391"/>
 <node id="7847400128" visible="true" version="3" changeset="164305061" timestamp="2025-03-30T20:53:58Z" user="Facalderonm" uid="1759764" lat="7.1406851" lon="-73.1226555"/>
 <node id="7847400129" visible="true" version="3" changeset="164305061" timestamp="2025-03-30T20:53:58Z" user="Facalderonm" uid="1759764" lat="7.1407617" lon="-73.1226313"/>
 <node id="7847400130" visible="true" version="3" changeset="164305061" timestamp="2025-03-30T20:53:58Z" user="Facalderonm" uid="1759764" lat="7.1409054" lon="-73.1226300"/>
 <node id="7847400132" visible="true" version="4" changeset="165037046" timestamp="2025-04-16T16:33:47Z" user="Facalderonm" uid="1759764" lat="7.1401432" lon="-73.1218091"/>
 <node id="7847400137" visible="true" version="4" changeset="165037046" timestamp="2025-04-16T16:33:47Z" user="Facalderonm" uid="1759764" lat="7.1404505" lon="-73.1218047"/>
 <node id="7847400144" visible="true" version="4" changeset="164305061" timestamp="2025-03-30T20:53:58Z" user="Facalderonm" uid="1759764" lat="7.1404593" lon="-73.1224336"/>
 <node id="7847400146" visible="true" version="4" changeset="164305061" timestamp="2025-03-30T20:53:58Z" user="Facalderonm" uid="1759764" lat="7.1403003" lon="-73.1224350"/>
 <node id="7847400147" visible="true" version="3" changeset="164302575" timestamp="2025-03-30T19:41:52Z" user="Facalderonm" uid="1759764" lat="7.1402961" lon="-73.1221196"/>
 <node id="7847400149" visible="true" version="4" changeset="165037046" timestamp="2025-04-16T16:33:47Z" user="Facalderonm" uid="1759764" lat="7.1401475" lon="-73.1221216"/>
 <node id="7847400150" visible="true" version="3" changeset="164305061" timestamp="2025-03-30T20:53:58Z" user="Facalderonm" uid="1759764" lat="7.1407151" lon="-73.1211977"/>
 <node id="7847400151" visible="true" version="3" changeset="164305061" timestamp="2025-03-30T20:53:58Z" user="Facalderonm" uid="1759764" lat="7.1407108" lon="-73.1209887"/>
 <node id="7847400152" visible="true" version="3" changeset="164305061" timestamp="2025-03-30T20:53:58Z" user="Facalderonm" uid="1759764" lat="7.1405848" lon="-73.1209913"/>
 <node id="7847400153" visible="true" version="3" changeset="164305061" timestamp="2025-03-30T20:53:58Z" user="Facalderonm" uid="1759764" lat="7.1405837" lon="-73.1209350"/>
 <node id="7847400154" visible="true" version="3" changeset="164305061" timestamp="2025-03-30T20:53:58Z" user="Facalderonm" uid="1759764" lat="7.1405065" lon="-73.1209366"/>
 <node id="7847400155" visible="true" version="3" changeset="164305061" timestamp="2025-03-30T20:53:58Z" user="Facalderonm" uid="1759764" lat="7.1405119" lon="-73.1212019"/>
 <node id="7847400156" visible="true" version="4" changeset="164305061" timestamp="2025-03-30T20:53:58Z" user="Facalderonm" uid="1759764" lat="7.1407774" lon="-73.1209568"/>
 <node id="7847400161" visible="true" version="4" changeset="164305061" timestamp="2025-03-30T20:53:58Z" user="Facalderonm" uid="1759764" lat="7.1406348" lon="-73.1207138"/>
 <node id="7847400162" visible="true" version="4" changeset="164305061" timestamp="2025-03-30T20:53:58Z" user="Facalderonm" uid="1759764" lat="7.1406339" lon="-73.1206696"/>
 <node id="7847400164" visible="true" version="4" changeset="164305061" timestamp="2025-03-30T20:53:58Z" user="Facalderonm" uid="1759764" lat="7.1407933" lon="-73.1208425"/>
 <node id="7847400166" visible="true" version="4" changeset="164305061" timestamp="2025-03-30T20:53:58Z" user="Facalderonm" uid="1759764" lat="7.1408537" lon="-73.1208412"/>
 <node id="7847400167" visible="true" version="2" changeset="164299848" timestamp="2025-03-30T18:41:33Z" user="Facalderonm" uid="1759764" lat="7.1389165" lon="-73.1204934"/>
 <node id="7847400175" visible="true" version="4" changeset="164302575" timestamp="2025-03-30T19:41:52Z" user="Facalderonm" uid="1759764" lat="7.1390665" lon="-73.1203324"/>
 <node id="7847400177" visible="true" version="6" changeset="164302575" timestamp="2025-03-30T19:41:52Z" user="Facalderonm" uid="1759764" lat="7.1392692" lon="-73.1203297"/>
 <node id="7847400178" visible="true" version="6" changeset="164302575" timestamp="2025-03-30T19:41:52Z" user="Facalderonm" uid="1759764" lat="7.1392293" lon="-73.1201464"/>
 <node id="7847400181" visible="true" version="3" changeset="164300738" timestamp="2025-03-30T19:00:03Z" user="Facalderonm" uid="1759764" lat="7.1398859" lon="-73.1208654"/>
 <node id="7847400182" visible="true" version="3" changeset="164300738" timestamp="2025-03-30T19:00:03Z" user="Facalderonm" uid="1759764" lat="7.1398843" lon="-73.1207222"/>
 <node id="7847400183" visible="true" version="3" changeset="164300738" timestamp="2025-03-30T19:00:03Z" user="Facalderonm" uid="1759764" lat="7.1400217" lon="-73.1207205"/>
 <node id="7847400184" visible="true" version="3" changeset="164300738" timestamp="2025-03-30T19:00:03Z" user="Facalderonm" uid="1759764" lat="7.1400176" lon="-73.1203614"/>
 <node id="7847432187" visible="true" version="3" changeset="164300738" timestamp="2025-03-30T19:00:03Z" user="Facalderonm" uid="1759764" lat="7.1400537" lon="-73.1203610"/>
 <node id="7847432188" visible="true" version="4" changeset="164302575" timestamp="2025-03-30T19:41:52Z" user="Facalderonm" uid="1759764" lat="7.1400533" lon="-73.1203193"/>
 <node id="7847432189" visible="true" version="4" changeset="164302575" timestamp="2025-03-30T19:41:52Z" user="Facalderonm" uid="1759764" lat="7.1404269" lon="-73.1203143"/>
 <node id="7847432190" visible="true" version="3" changeset="164300738" timestamp="2025-03-30T19:00:03Z" user="Facalderonm" uid="1759764" lat="7.1404290" lon="-73.1204880"/>
 <node id="7847432191" visible="true" version="3" changeset="164300738" timestamp="2025-03-30T19:00:03Z" user="Facalderonm" uid="1759764" lat="7.1402312" lon="-73.1204903"/>
 <node id="7847432193" visible="true" version="3" changeset="164300738" timestamp="2025-03-30T19:00:03Z" user="Facalderonm" uid="1759764" lat="7.1401391" lon="-73.1204914"/>
 <node id="7847432194" visible="true" version="3" changeset="164300738" timestamp="2025-03-30T19:00:03Z" user="Facalderonm" uid="1759764" lat="7.1401438" lon="-73.1208933"/>
 <node id="7847432199" visible="true" version="4" changeset="164302575" timestamp="2025-03-30T19:41:52Z" user="Facalderonm" uid="1759764" lat="7.1399259" lon="-73.1198573"/>
 <node id="7847432200" visible="true" version="4" changeset="164302575" timestamp="2025-03-30T19:41:52Z" user="Facalderonm" uid="1759764" lat="7.1400918" lon="-73.1198560"/>
 <node id="7847432201" visible="true" version="4" changeset="164302575" timestamp="2025-03-30T19:41:52Z" user="Facalderonm" uid="1759764" lat="7.1400935" lon="-73.1200296"/>
 <node id="7847432206" visible="true" version="4" changeset="164302575" timestamp="2025-03-30T19:41:52Z" user="Facalderonm" uid="1759764" lat="7.1400239" lon="-73.1201357"/>
 <node id="7847432207" visible="true" version="4" changeset="164302575" timestamp="2025-03-30T19:41:52Z" user="Facalderonm" uid="1759764" lat="7.1400228" lon="-73.1200303"/>
 <node id="7847432209" visible="true" version="4" changeset="164302575" timestamp="2025-03-30T19:41:52Z" user="Facalderonm" uid="1759764" lat="7.1400896" lon="-73.1196338"/>
 <node id="7847432210" visible="true" version="3" changeset="164302575" timestamp="2025-03-30T19:41:52Z" user="Facalderonm" uid="1759764" lat="7.1402973" lon="-73.1196317"/>
 <node id="7847432213" visible="true" version="4" changeset="164302575" timestamp="2025-03-30T19:41:52Z" user="Facalderonm" uid="1759764" lat="7.1404582" lon="-73.1201299"/>
 <node id="7847432248" visible="true" version="3" changeset="164307755" timestamp="2025-03-30T22:43:53Z" user="Facalderonm" uid="1759764" lat="7.1399439" lon="-73.1186509"/>
 <node id="7847432249" visible="true" version="3" changeset="164307755" timestamp="2025-03-30T22:43:53Z" user="Facalderonm" uid="1759764" lat="7.1399351" lon="-73.1181368"/>
 <node id="7847432250" visible="true" version="3" changeset="164307755" timestamp="2025-03-30T22:43:53Z" user="Facalderonm" uid="1759764" lat="7.1399284" lon="-73.1177459"/>
 <node id="7847432251" visible="true" version="3" changeset="164305061" timestamp="2025-03-30T20:53:58Z" user="Facalderonm" uid="1759764" lat="7.1421668" lon="-73.1196180"/>
 <node id="7847432254" visible="true" version="4" changeset="164305061" timestamp="2025-03-30T20:53:58Z" user="Facalderonm" uid="1759764" lat="7.1420416" lon="-73.1196184"/>
 <node id="7847432255" visible="true" version="2" changeset="164305061" timestamp="2025-03-30T20:53:58Z" user="Facalderonm" uid="1759764" lat="7.1420378" lon="-73.1193691"/>
 <node id="7847432256" visible="true" version="4" changeset="164305061" timestamp="2025-03-30T20:53:58Z" user="Facalderonm" uid="1759764" lat="7.1422178" lon="-73.1193668"/>
 <node id="7847432261" visible="true" version="3" changeset="164305061" timestamp="2025-03-30T20:53:58Z" user="Facalderonm" uid="1759764" lat="7.1421146" lon="-73.1217197"/>
 <node id="7847432262" visible="true" version="3" changeset="164305061" timestamp="2025-03-30T20:53:58Z" user="Facalderonm" uid="1759764" lat="7.1419504" lon="-73.1217218"/>
 <node id="7847432263" visible="true" version="3" changeset="164305061" timestamp="2025-03-30T20:53:58Z" user="Facalderonm" uid="1759764" lat="7.1419486" lon="-73.1215778"/>
 <node id="7847432264" visible="true" version="3" changeset="164305061" timestamp="2025-03-30T20:53:58Z" user="Facalderonm" uid="1759764" lat="7.1417213" lon="-73.1215807"/>
 <node id="7847432265" visible="true" version="3" changeset="164305061" timestamp="2025-03-30T20:53:58Z" user="Facalderonm" uid="1759764" lat="7.1417181" lon="-73.1213279"/>
 <node id="7847432266" visible="true" version="3" changeset="164305061" timestamp="2025-03-30T20:53:58Z" user="Facalderonm" uid="1759764" lat="7.1418867" lon="-73.1213257"/>
 <node id="7847432267" visible="true" version="3" changeset="164305061" timestamp="2025-03-30T20:53:58Z" user="Facalderonm" uid="1759764" lat="7.1418876" lon="-73.1213997"/>
 <node id="7847432268" visible="true" version="3" changeset="164305061" timestamp="2025-03-30T20:53:58Z" user="Facalderonm" uid="1759764" lat="7.1419802" lon="-73.1213985"/>
 <node id="7847432269" visible="true" version="3" changeset="164305061" timestamp="2025-03-30T20:53:58Z" user="Facalderonm" uid="1759764" lat="7.1419818" lon="-73.1215255"/>
 <node id="7847432270" visible="true" version="3" changeset="164305061" timestamp="2025-03-30T20:53:58Z" user="Facalderonm" uid="1759764" lat="7.1421121" lon="-73.1215239"/>
 <node id="7847515982" visible="true" version="3" changeset="164525254" timestamp="2025-04-04T19:15:50Z" user="Facalderonm" uid="1759764" lat="7.1351201" lon="-73.1178919"/>
 <node id="7847515983" visible="true" version="3" changeset="164525254" timestamp="2025-04-04T19:15:50Z" user="Facalderonm" uid="1759764" lat="7.1349580" lon="-73.1178393"/>
 <node id="7847515984" visible="true" version="3" changeset="164525254" timestamp="2025-04-04T19:15:50Z" user="Facalderonm" uid="1759764" lat="7.1348698" lon="-73.1176939"/>
 <node id="7847532285" visible="true" version="4" changeset="164525254" timestamp="2025-04-04T19:15:50Z" user="Facalderonm" uid="1759764" lat="7.1347096" lon="-73.1175972"/>
 <node id="8875392103" visible="true" version="2" changeset="164305061" timestamp="2025-03-30T20:53:58Z" user="Facalderonm" uid="1759764" lat="7.1407509" lon="-73.1205145"/>
 <node id="8875392104" visible="true" version="2" changeset="164305061" timestamp="2025-03-30T20:53:58Z" user="Facalderonm" uid="1759764" lat="7.1407707" lon="-73.1204111"/>
 <node id="8875392105" visible="true" version="1" changeset="107156539" timestamp="2021-06-29T15:20:11Z" user="JohnFNa" uid="11654063" lat="7.1401424" lon="-73.1215246">
  <tag k="amenity" v="drinking_water"/>
 </node>
 <node id="9113942325" visible="true" version="2" changeset="164296571" timestamp="2025-03-30T17:14:35Z" user="Facalderonm" uid="1759764" lat="7.1430076" lon="-73.1170319"/>
 <node id="9228900623" visible="true" version="4" changeset="156406030" timestamp="2024-09-09T17:26:27Z" user="VLD522" uid="15939397" lat="7.1409020" lon="-73.1230085">
  <tag k="name" v="CUSOL-UIS (Comunidad Universitaria de Software Libre)"/>
  <tag k="office" v="association"/>
  <tag k="opening_hours" v="Mo-Sa 06:00-18:00+"/>
 </node>
 <node id="9275533524" visible="true" version="2" changeset="164440028" timestamp="2025-04-02T21:12:19Z" user="Facalderonm" uid="1759764" lat="7.1376925" lon="-73.1086234"/>
 <node id="9275533528" visible="true" version="2" changeset="164439538" timestamp="2025-04-02T20:55:09Z" user="Facalderonm" uid="1759764" lat="7.1387056" lon="-73.1114023"/>
 <node id="9275533529" visible="true" version="2" changeset="164439538" timestamp="2025-04-02T20:55:09Z" user="Facalderonm" uid="1759764" lat="7.1386781" lon="-73.1115486"/>
 <node id="9275533530" visible="true" version="2" changeset="164439538" timestamp="2025-04-02T20:55:09Z" user="Facalderonm" uid="1759764" lat="7.1387897" lon="-73.1116164"/>
 <node id="9275533531" visible="true" version="2" changeset="164439538" timestamp="2025-04-02T20:55:09Z" user="Facalderonm" uid="1759764" lat="7.1387760" lon="-73.1124113"/>
 <node id="9275533532" visible="true" version="2" changeset="164439538" timestamp="2025-04-02T20:55:09Z" user="Facalderonm" uid="1759764" lat="7.1391359" lon="-73.1132190"/>
 <node id="9275533533" visible="true" version="2" changeset="164296571" timestamp="2025-03-30T17:14:35Z" user="Facalderonm" uid="1759764" lat="7.1393891" lon="-73.1130962"/>
 <node id="9275533535" visible="true" version="2" changeset="164296571" timestamp="2025-03-30T17:14:35Z" user="Facalderonm" uid="1759764" lat="7.1398958" lon="-73.1139485"/>
 <node id="9275533536" visible="true" version="2" changeset="164296571" timestamp="2025-03-30T17:14:35Z" user="Facalderonm" uid="1759764" lat="7.1403914" lon="-73.1149840"/>
 <node id="9275533538" visible="true" version="2" changeset="164231513" timestamp="2025-03-29T00:29:01Z" user="Facalderonm" uid="1759764" lat="7.1401023" lon="-73.1158243"/>
 <node id="9275533539" visible="true" version="2" changeset="164231513" timestamp="2025-03-29T00:29:01Z" user="Facalderonm" uid="1759764" lat="7.1399491" lon="-73.1163033"/>
 <node id="9275533540" visible="true" version="5" changeset="164296571" timestamp="2025-03-30T17:14:35Z" user="Facalderonm" uid="1759764" lat="7.1396005" lon="-73.1169346"/>
 <node id="9275533541" visible="true" version="3" changeset="164231513" timestamp="2025-03-29T00:29:01Z" user="Facalderonm" uid="1759764" lat="7.1394159" lon="-73.1170991"/>
 <node id="9275533545" visible="true" version="4" changeset="164227985" timestamp="2025-03-28T21:33:38Z" user="Facalderonm" uid="1759764" lat="7.1383212" lon="-73.1177702"/>
 <node id="9275533546" visible="true" version="4" changeset="164231513" timestamp="2025-03-29T00:29:01Z" user="Facalderonm" uid="1759764" lat="7.1369572" lon="-73.1178658"/>
 <node id="9275533547" visible="true" version="5" changeset="164310382" timestamp="2025-03-31T01:56:56Z" user="Facalderonm" uid="1759764" lat="7.1360745" lon="-73.1179216"/>
 <node id="9275533548" visible="true" version="5" changeset="164310382" timestamp="2025-03-31T01:56:56Z" user="Facalderonm" uid="1759764" lat="7.1349986" lon="-73.1179920"/>
 <node id="9275533549" visible="true" version="4" changeset="164310382" timestamp="2025-03-31T01:56:56Z" user="Facalderonm" uid="1759764" lat="7.1346289" lon="-73.1179945"/>
 <node id="9275533552" visible="true" version="4" changeset="164526272" timestamp="2025-04-04T19:48:30Z" user="Facalderonm" uid="1759764" lat="7.1328196" lon="-73.1200203"/>
 <node id="9275533554" visible="true" version="4" changeset="163957638" timestamp="2025-03-22T17:30:52Z" user="Facalderonm" uid="1759764" lat="7.1297959" lon="-73.1195166"/>
 <node id="9275533555" visible="true" version="3" changeset="162680168" timestamp="2025-02-18T22:52:56Z" user="Spaghetti Monster🍝" uid="8758904" lat="7.1294787" lon="-73.1194606"/>
 <node id="9275533556" visible="true" version="5" changeset="163957638" timestamp="2025-03-22T17:30:52Z" user="Facalderonm" uid="1759764" lat="7.1280533" lon="-73.1192921"/>
 <node id="9275533557" visible="true" version="4" changeset="163955119" timestamp="2025-03-22T16:27:01Z" user="Facalderonm" uid="1759764" lat="7.1274186" lon="-73.1191573"/>
 <node id="9275533561" visible="true" version="5" changeset="164950197" timestamp="2025-04-14T17:36:47Z" user="Facalderonm" uid="1759764" lat="7.1254847" lon="-73.1219045"/>
 <node id="9275533563" visible="true" version="3" changeset="162680168" timestamp="2025-02-18T22:52:56Z" user="Spaghetti Monster🍝" uid="8758904" lat="7.1254359" lon="-73.1219845"/>
 <node id="9275533564" visible="true" version="4" changeset="164950197" timestamp="2025-04-14T17:36:47Z" user="Facalderonm" uid="1759764" lat="7.1247084" lon="-73.1227718"/>
 <node id="9275652994" visible="true" version="2" changeset="164296571" timestamp="2025-03-30T17:14:35Z" user="Facalderonm" uid="1759764" lat="7.1407818" lon="-73.1155584"/>
 <node id="9275652997" visible="true" version="2" changeset="164296571" timestamp="2025-03-30T17:14:35Z" user="Facalderonm" uid="1759764" lat="7.1410046" lon="-73.1165540"/>
 <node id="9275653007" visible="true" version="3" changeset="164299848" timestamp="2025-03-30T18:41:33Z" user="Facalderonm" uid="1759764" lat="7.1431600" lon="-73.1209009"/>
 <node id="9275653009" visible="true" version="2" changeset="164296571" timestamp="2025-03-30T17:14:35Z" user="Facalderonm" uid="1759764" lat="7.1433415" lon="-73.1213475"/>
 <node id="9275653010" visible="true" version="2" changeset="164296571" timestamp="2025-03-30T17:14:35Z" user="Facalderonm" uid="1759764" lat="7.1433939" lon="-73.1215615"/>
 <node id="9275653011" visible="true" version="2" changeset="164296571" timestamp="2025-03-30T17:14:35Z" user="Facalderonm" uid="1759764" lat="7.1433905" lon="-73.1218110"/>
 <node id="9275653012" visible="true" version="2" changeset="164296571" timestamp="2025-03-30T17:14:35Z" user="Facalderonm" uid="1759764" lat="7.1432698" lon="-73.1219620"/>
 <node id="9275653013" visible="true" version="2" changeset="164296571" timestamp="2025-03-30T17:14:35Z" user="Facalderonm" uid="1759764" lat="7.1431881" lon="-73.1221121"/>
 <node id="9275653014" visible="true" version="2" changeset="164299848" timestamp="2025-03-30T18:41:33Z" user="Facalderonm" uid="1759764" lat="7.1427686" lon="-73.1223254"/>
 <node id="9275653015" visible="true" version="2" changeset="164299848" timestamp="2025-03-30T18:41:33Z" user="Facalderonm" uid="1759764" lat="7.1425383" lon="-73.1225576"/>
 <node id="9275653016" visible="true" version="2" changeset="164299848" timestamp="2025-03-30T18:41:33Z" user="Facalderonm" uid="1759764" lat="7.1422573" lon="-73.1230127"/>
 <node id="9275688331" visible="true" version="3" changeset="164793459" timestamp="2025-04-11T01:18:27Z" user="Facalderonm" uid="1759764" lat="7.1421825" lon="-73.1336373"/>
 <node id="9275688334" visible="true" version="2" changeset="164793459" timestamp="2025-04-11T01:18:27Z" user="Facalderonm" uid="1759764" lat="7.1450173" lon="-73.1366102"/>
 <node id="9276029738" visible="true" version="2" changeset="164299848" timestamp="2025-03-30T18:41:33Z" user="Facalderonm" uid="1759764" lat="7.1429004" lon="-73.1234655"/>
 <node id="9276029739" visible="true" version="1" changeset="114111362" timestamp="2021-11-22T19:13:56Z" user="Cafetom" uid="6893461" lat="7.1431257" lon="-73.1229407"/>
 <node id="9276029740" visible="true" version="1" changeset="114111362" timestamp="2021-11-22T19:13:56Z" user="Cafetom" uid="6893461" lat="7.1433013" lon="-73.1227690"/>
 <node id="9276029741" visible="true" version="1" changeset="114111362" timestamp="2021-11-22T19:13:56Z" user="Cafetom" uid="6893461" lat="7.1436313" lon="-73.1227154"/>
 <node id="9276029742" visible="true" version="1" changeset="114111362" timestamp="2021-11-22T19:13:56Z" user="Cafetom" uid="6893461" lat="7.1440518" lon="-73.1227154"/>
 <node id="9276029743" visible="true" version="1" changeset="114111362" timestamp="2021-11-22T19:13:56Z" user="Cafetom" uid="6893461" lat="7.1443659" lon="-73.1226188"/>
 <node id="9276029744" visible="true" version="1" changeset="114111362" timestamp="2021-11-22T19:13:56Z" user="Cafetom" uid="6893461" lat="7.1450259" lon="-73.1223077"/>
 <node id="9276029745" visible="true" version="1" changeset="114111362" timestamp="2021-11-22T19:13:56Z" user="Cafetom" uid="6893461" lat="7.1454943" lon="-73.1226832"/>
 <node id="9276029746" visible="true" version="1" changeset="114111362" timestamp="2021-11-22T19:13:56Z" user="Cafetom" uid="6893461" lat="7.1459947" lon="-73.1224579"/>
 <node id="9276029747" visible="true" version="1" changeset="114111362" timestamp="2021-11-22T19:13:56Z" user="Cafetom" uid="6893461" lat="7.1463034" lon="-73.1223077"/>
 <node id="9276029748" visible="true" version="1" changeset="114111362" timestamp="2021-11-22T19:13:56Z" user="Cafetom" uid="6893461" lat="7.1466068" lon="-73.1221146"/>
 <node id="9276029749" visible="true" version="1" changeset="114111362" timestamp="2021-11-22T19:13:56Z" user="Cafetom" uid="6893461" lat="7.1468569" lon="-73.1214923"/>
 <node id="9276029750" visible="true" version="1" changeset="114111362" timestamp="2021-11-22T19:13:56Z" user="Cafetom" uid="6893461" lat="7.1474691" lon="-73.1217230"/>
 <node id="9276029751" visible="true" version="1" changeset="114111362" timestamp="2021-11-22T19:13:56Z" user="Cafetom" uid="6893461" lat="7.1479321" lon="-73.1219912"/>
 <node id="9276029752" visible="true" version="1" changeset="114111362" timestamp="2021-11-22T19:13:56Z" user="Cafetom" uid="6893461" lat="7.1485549" lon="-73.1222487"/>
 <node id="9276029753" visible="true" version="1" changeset="114111362" timestamp="2021-11-22T19:13:56Z" user="Cafetom" uid="6893461" lat="7.1488796" lon="-73.1223560"/>
 <node id="9276029754" visible="true" version="1" changeset="114111362" timestamp="2021-11-22T19:13:56Z" user="Cafetom" uid="6893461" lat="7.1493959" lon="-73.1224257"/>
 <node id="9276029755" visible="true" version="1" changeset="114111362" timestamp="2021-11-22T19:13:56Z" user="Cafetom" uid="6893461" lat="7.1500985" lon="-73.1225652"/>
 <node id="9276029756" visible="true" version="1" changeset="114111362" timestamp="2021-11-22T19:13:56Z" user="Cafetom" uid="6893461" lat="7.1507106" lon="-73.1227261"/>
 <node id="9276029757" visible="true" version="1" changeset="114111362" timestamp="2021-11-22T19:13:56Z" user="Cafetom" uid="6893461" lat="7.1508596" lon="-73.1230104"/>
 <node id="9276029758" visible="true" version="1" changeset="114111362" timestamp="2021-11-22T19:13:56Z" user="Cafetom" uid="6893461" lat="7.1507638" lon="-73.1235093"/>
 <node id="9276029759" visible="true" version="1" changeset="114111362" timestamp="2021-11-22T19:13:56Z" user="Cafetom" uid="6893461" lat="7.1508809" lon="-73.1237185"/>
 <node id="9276029760" visible="true" version="1" changeset="114111362" timestamp="2021-11-22T19:13:56Z" user="Cafetom" uid="6893461" lat="7.1511737" lon="-73.1237561"/>
 <node id="9276029761" visible="true" version="1" changeset="114111362" timestamp="2021-11-22T19:13:56Z" user="Cafetom" uid="6893461" lat="7.1516474" lon="-73.1238956"/>
 <node id="9276029762" visible="true" version="1" changeset="114111362" timestamp="2021-11-22T19:13:56Z" user="Cafetom" uid="6893461" lat="7.1518124" lon="-73.1240887"/>
 <node id="9276029763" visible="true" version="1" changeset="114111362" timestamp="2021-11-22T19:13:56Z" user="Cafetom" uid="6893461" lat="7.1519135" lon="-73.1245017"/>
 <node id="9276029764" visible="true" version="1" changeset="114111362" timestamp="2021-11-22T19:13:56Z" user="Cafetom" uid="6893461" lat="7.1520040" lon="-73.1247646"/>
 <node id="9276029770" visible="true" version="1" changeset="114111362" timestamp="2021-11-22T19:13:56Z" user="Cafetom" uid="6893461" lat="7.1538723" lon="-73.1226403"/>
 <node id="9276029771" visible="true" version="1" changeset="114111362" timestamp="2021-11-22T19:13:56Z" user="Cafetom" uid="6893461" lat="7.1541969" lon="-73.1234181"/>
 <node id="9276029772" visible="true" version="1" changeset="114111362" timestamp="2021-11-22T19:13:56Z" user="Cafetom" uid="6893461" lat="7.1544471" lon="-73.1237293"/>
 <node id="9276029773" visible="true" version="1" changeset="114111362" timestamp="2021-11-22T19:13:56Z" user="Cafetom" uid="6893461" lat="7.1546494" lon="-73.1241048"/>
 <node id="9276029774" visible="true" version="1" changeset="114111362" timestamp="2021-11-22T19:13:56Z" user="Cafetom" uid="6893461" lat="7.1548144" lon="-73.1245232"/>
 <node id="9276029775" visible="true" version="1" changeset="114111362" timestamp="2021-11-22T19:13:56Z" user="Cafetom" uid="6893461" lat="7.1547984" lon="-73.1250972"/>
 <node id="9276029776" visible="true" version="1" changeset="114111362" timestamp="2021-11-22T19:13:56Z" user="Cafetom" uid="6893461" lat="7.1548144" lon="-73.1257409"/>
 <node id="9276029777" visible="true" version="1" changeset="114111362" timestamp="2021-11-22T19:13:56Z" user="Cafetom" uid="6893461" lat="7.1548463" lon="-73.1262130"/>
 <node id="9276029778" visible="true" version="1" changeset="114111362" timestamp="2021-11-22T19:13:56Z" user="Cafetom" uid="6893461" lat="7.1548569" lon="-73.1265080"/>
 <node id="9276029779" visible="true" version="1" changeset="114111362" timestamp="2021-11-22T19:13:56Z" user="Cafetom" uid="6893461" lat="7.1548729" lon="-73.1272859"/>
 <node id="9276029780" visible="true" version="1" changeset="114111362" timestamp="2021-11-22T19:13:56Z" user="Cafetom" uid="6893461" lat="7.1550060" lon="-73.1277794"/>
 <node id="9276029781" visible="true" version="2" changeset="119086384" timestamp="2022-03-29T19:53:41Z" user="JAAS" uid="3321532" lat="7.1551102" lon="-73.1285219"/>
 <node id="9301986477" visible="true" version="2" changeset="157471865" timestamp="2024-10-04T17:33:01Z" user="JuanoDavo" uid="11097243" lat="7.1419266" lon="-73.1188957"/>
 <node id="9301986478" visible="true" version="3" changeset="164305061" timestamp="2025-03-30T20:53:58Z" user="Facalderonm" uid="1759764" lat="7.1419293" lon="-73.1192171"/>
 <node id="9301986482" visible="true" version="2" changeset="164296571" timestamp="2025-03-30T17:14:35Z" user="Facalderonm" uid="1759764" lat="7.1398140" lon="-73.1166881"/>
 <node id="9301986483" visible="true" version="3" changeset="164296571" timestamp="2025-03-30T17:14:35Z" user="Facalderonm" uid="1759764" lat="7.1397652" lon="-73.1166541"/>
 <node id="9302019041" visible="true" version="2" changeset="164305061" timestamp="2025-03-30T20:53:58Z" user="Facalderonm" uid="1759764" lat="7.1419983" lon="-73.1227619"/>
 <node id="9302019065" visible="true" version="2" changeset="164296571" timestamp="2025-03-30T17:14:35Z" user="Facalderonm" uid="1759764" lat="7.1408993" lon="-73.1163011"/>
 <node id="9302019066" visible="true" version="2" changeset="164296571" timestamp="2025-03-30T17:14:35Z" user="Facalderonm" uid="1759764" lat="7.1409611" lon="-73.1163498"/>
 <node id="9302019067" visible="true" version="2" changeset="164296571" timestamp="2025-03-30T17:14:35Z" user="Facalderonm" uid="1759764" lat="7.1409901" lon="-73.1163736"/>
 <node id="9314423001" visible="true" version="5" changeset="164791217" timestamp="2025-04-10T23:19:41Z" user="Facalderonm" uid="1759764" lat="7.1391444" lon="-73.1230531"/>
 <node id="9314423005" visible="true" version="6" changeset="164310382" timestamp="2025-03-31T01:56:56Z" user="Facalderonm" uid="1759764" lat="7.1383024" lon="-73.1228866">
  <tag k="highway" v="stop"/>
 </node>
 <node id="9442559978" visible="true" version="2" changeset="164302575" timestamp="2025-03-30T19:41:52Z" user="Facalderonm" uid="1759764" lat="7.1400000" lon="-73.1200000">
  <tag k="addr:city" v="Bucaramanga"/>
  <tag k="addr:state" v="Santander"/>
  <tag k="condition" v="Activa"/>
  <tag k="description" v="Climática Principal"/>
  <tag k="display:digital" v="yes"/>
  <tag k="man_made" v="monitoring_station"/>
  <tag k="monitoring:weather" v="yes"/>
  <tag k="name" v="Universidad Industrial De Santander"/>
  <tag k="operator" v="Instituto de Hidrología, Meteorología y Estudios Ambientales"/>
  <tag k="operator:wikidata" v="Q2890179"/>
  <tag k="recording:automated" v="yes"/>
  <tag k="ref" v="2319500159"/>
 </node>
 <node id="9652094516" visible="true" version="3" changeset="164439538" timestamp="2025-04-02T20:55:09Z" user="Facalderonm" uid="1759764" lat="7.1343531" lon="-73.1116345">
  <tag k="access" v="permissive"/>
  <tag k="barrier" v="gate"/>
 </node>
 <node id="9652154445" visible="true" version="5" changeset="164525254" timestamp="2025-04-04T19:15:50Z" user="Facalderonm" uid="1759764" lat="7.1346235" lon="-73.1174054">
  <tag k="access" v="permissive"/>
  <tag k="barrier" v="gate"/>
 </node>
 <node id="9652240267" visible="true" version="3" changeset="162680168" timestamp="2025-02-18T22:52:56Z" user="Spaghetti Monster🍝" uid="8758904" lat="7.1263452" lon="-73.1201050"/>
 <node id="9732098279" visible="true" version="2" changeset="164305061" timestamp="2025-03-30T20:53:58Z" user="Facalderonm" uid="1759764" lat="7.1419426" lon="-73.1180624">
  <tag k="barrier" v="gate"/>
 </node>
 <node id="9925469143" visible="true" version="2" changeset="164525254" timestamp="2025-04-04T19:15:50Z" user="Facalderonm" uid="1759764" lat="7.1389930" lon="-73.1174038"/>
 <node id="9925469148" visible="true" version="2" changeset="164525254" timestamp="2025-04-04T19:15:50Z" user="Facalderonm" uid="1759764" lat="7.1390655" lon="-73.1164079">
  <tag k="barrier" v="gate"/>
 </node>
 <node id="9925469149" visible="true" version="2" changeset="164395759" timestamp="2025-04-01T22:12:40Z" user="Facalderonm" uid="1759764" lat="7.1391041" lon="-73.1163572"/>
 <node id="9925469164" visible="true" version="1" changeset="124362634" timestamp="2022-08-01T19:55:01Z" user="Raenbow" uid="10782346" lat="7.1395112" lon="-73.1144729"/>
 <node id="9925469165" visible="true" version="1" changeset="124362634" timestamp="2022-08-01T19:55:01Z" user="Raenbow" uid="10782346" lat="7.1395356" lon="-73.1144980"/>
 <node id="9925469166" visible="true" version="1" changeset="124362634" timestamp="2022-08-01T19:55:01Z" user="Raenbow" uid="10782346" lat="7.1395538" lon="-73.1145322"/>
 <node id="9925469167" visible="true" version="1" changeset="124362634" timestamp="2022-08-01T19:55:01Z" user="Raenbow" uid="10782346" lat="7.1395609" lon="-73.1145664"/>
 <node id="9925469168" visible="true" version="1" changeset="124362634" timestamp="2022-08-01T19:55:01Z" user="Raenbow" uid="10782346" lat="7.1395579" lon="-73.1146059"/>
 <node id="9925469169" visible="true" version="1" changeset="124362634" timestamp="2022-08-01T19:55:01Z" user="Raenbow" uid="10782346" lat="7.1395505" lon="-73.1146902"/>
 <node id="9925469170" visible="true" version="1" changeset="124362634" timestamp="2022-08-01T19:55:01Z" user="Raenbow" uid="10782346" lat="7.1395479" lon="-73.1147551"/>
 <node id="9925469171" visible="true" version="1" changeset="124362634" timestamp="2022-08-01T19:55:01Z" user="Raenbow" uid="10782346" lat="7.1399453" lon="-73.1155102"/>
 <node id="9925469172" visible="true" version="1" changeset="124362634" timestamp="2022-08-01T19:55:01Z" user="Raenbow" uid="10782346" lat="7.1399274" lon="-73.1157695"/>
 <node id="9925469173" visible="true" version="1" changeset="124362634" timestamp="2022-08-01T19:55:01Z" user="Raenbow" uid="10782346" lat="7.1398014" lon="-73.1160447"/>
 <node id="9925469174" visible="true" version="1" changeset="124362634" timestamp="2022-08-01T19:55:01Z" user="Raenbow" uid="10782346" lat="7.1397373" lon="-73.1161143"/>
 <node id="9925469175" visible="true" version="1" changeset="124362634" timestamp="2022-08-01T19:55:01Z" user="Raenbow" uid="10782346" lat="7.1394631" lon="-73.1162967"/>
 <node id="9925469176" visible="true" version="1" changeset="124362634" timestamp="2022-08-01T19:55:01Z" user="Raenbow" uid="10782346" lat="7.1394166" lon="-73.1163104"/>
 <node id="9925469177" visible="true" version="1" changeset="124362634" timestamp="2022-08-01T19:55:01Z" user="Raenbow" uid="10782346" lat="7.1393246" lon="-73.1163173"/>
 <node id="9925469178" visible="true" version="1" changeset="124362634" timestamp="2022-08-01T19:55:01Z" user="Raenbow" uid="10782346" lat="7.1392803" lon="-73.1163114">
  <tag k="barrier" v="gate"/>
 </node>
 <node id="9925469179" visible="true" version="1" changeset="124362634" timestamp="2022-08-01T19:55:01Z" user="Raenbow" uid="10782346" lat="7.1392420" lon="-73.1163011"/>
 <node id="9925469180" visible="true" version="1" changeset="124362634" timestamp="2022-08-01T19:55:01Z" user="Raenbow" uid="10782346" lat="7.1391897" lon="-73.1162787"/>
 <node id="9925469181" visible="true" version="1" changeset="124362634" timestamp="2022-08-01T19:55:01Z" user="Raenbow" uid="10782346" lat="7.1391196" lon="-73.1162390"/>
 <node id="9925469182" visible="true" version="1" changeset="124362634" timestamp="2022-08-01T19:55:01Z" user="Raenbow" uid="10782346" lat="7.1390657" lon="-73.1161847"/>
 <node id="9925469183" visible="true" version="1" changeset="124362634" timestamp="2022-08-01T19:55:01Z" user="Raenbow" uid="10782346" lat="7.1386084" lon="-73.1156482"/>
 <node id="9925469184" visible="true" version="1" changeset="124362634" timestamp="2022-08-01T19:55:01Z" user="Raenbow" uid="10782346" lat="7.1385651" lon="-73.1156163"/>
 <node id="9925469185" visible="true" version="1" changeset="124362634" timestamp="2022-08-01T19:55:01Z" user="Raenbow" uid="10782346" lat="7.1385292" lon="-73.1156035"/>
 <node id="9925469186" visible="true" version="1" changeset="124362634" timestamp="2022-08-01T19:55:01Z" user="Raenbow" uid="10782346" lat="7.1384901" lon="-73.1155950"/>
 <node id="9925469187" visible="true" version="1" changeset="124362634" timestamp="2022-08-01T19:55:01Z" user="Raenbow" uid="10782346" lat="7.1383021" lon="-73.1155907"/>
 <node id="9925469188" visible="true" version="1" changeset="124362634" timestamp="2022-08-01T19:55:01Z" user="Raenbow" uid="10782346" lat="7.1382472" lon="-73.1155822"/>
 <node id="9925469189" visible="true" version="1" changeset="124362634" timestamp="2022-08-01T19:55:01Z" user="Raenbow" uid="10782346" lat="7.1382102" lon="-73.1155716"/>
 <node id="9925469190" visible="true" version="1" changeset="124362634" timestamp="2022-08-01T19:55:01Z" user="Raenbow" uid="10782346" lat="7.1381838" lon="-73.1155588"/>
 <node id="9925469213" visible="true" version="3" changeset="164441773" timestamp="2025-04-02T22:32:09Z" user="Facalderonm" uid="1759764" lat="7.1374272" lon="-73.1148725"/>
 <node id="9925469214" visible="true" version="3" changeset="164441773" timestamp="2025-04-02T22:32:09Z" user="Facalderonm" uid="1759764" lat="7.1374297" lon="-73.1149808"/>
 <node id="9925473105" visible="true" version="2" changeset="164525254" timestamp="2025-04-04T19:15:50Z" user="Facalderonm" uid="1759764" lat="7.1346267" lon="-73.1174810"/>
 <node id="9925473111" visible="true" version="2" changeset="164525254" timestamp="2025-04-04T19:15:50Z" user="Facalderonm" uid="1759764" lat="7.1346306" lon="-73.1175738"/>
 <node id="9925473112" visible="true" version="2" changeset="164525254" timestamp="2025-04-04T19:15:50Z" user="Facalderonm" uid="1759764" lat="7.1348160" lon="-73.1176408"/>
 <node id="9925473115" visible="true" version="2" changeset="164525254" timestamp="2025-04-04T19:15:50Z" user="Facalderonm" uid="1759764" lat="7.1349154" lon="-73.1177540"/>
 <node id="9925473122" visible="true" version="2" changeset="164525254" timestamp="2025-04-04T19:15:50Z" user="Facalderonm" uid="1759764" lat="7.1349716" lon="-73.1178966"/>
 <node id="11057499583" visible="true" version="3" changeset="164227985" timestamp="2025-03-28T21:33:38Z" user="Facalderonm" uid="1759764" lat="7.1378140" lon="-73.1186810">
  <tag k="access" v="permit"/>
  <tag k="bicycle" v="unknown"/>
  <tag k="door" v="yes/manual"/>
  <tag k="entrance" v="main"/>
  <tag k="foot" v="yes"/>
  <tag k="horse" v="no"/>
  <tag k="locked" v="no"/>
  <tag k="motor_vehicle" v="private"/>
  <tag k="wheelchair" v="limited"/>
 </node>
 <node id="11057499597" visible="true" version="5" changeset="164307755" timestamp="2025-03-30T22:43:53Z" user="Facalderonm" uid="1759764" lat="7.1407039" lon="-73.1192062"/>
 <node id="12152644130" visible="true" version="3" changeset="164305061" timestamp="2025-03-30T20:53:58Z" user="Facalderonm" uid="1759764" lat="7.1408345" lon="-73.1218273"/>
 <node id="12152644134" visible="true" version="4" changeset="164307816" timestamp="2025-03-30T22:46:34Z" user="Facalderonm" uid="1759764" lat="7.1404869" lon="-73.1219449"/>
 <node id="12152644135" visible="true" version="1" changeset="156118853" timestamp="2024-09-02T22:28:39Z" user="tuxcoon19" uid="21886215" lat="7.1408340" lon="-73.1219423"/>
 <node id="12152644136" visible="true" version="3" changeset="164305061" timestamp="2025-03-30T20:53:58Z" user="Facalderonm" uid="1759764" lat="7.1413364" lon="-73.1218232"/>
 <node id="12152644137" visible="true" version="2" changeset="164305061" timestamp="2025-03-30T20:53:58Z" user="Facalderonm" uid="1759764" lat="7.1411504" lon="-73.1218247"/>
 <node id="12152644138" visible="true" version="2" changeset="164305061" timestamp="2025-03-30T20:53:58Z" user="Facalderonm" uid="1759764" lat="7.1411532" lon="-73.1224271"/>
 <node id="12152644140" visible="true" version="4" changeset="164305061" timestamp="2025-03-30T20:53:58Z" user="Facalderonm" uid="1759764" lat="7.1412184" lon="-73.1227278">
  <tag k="door" v="yes2"/>
  <tag k="entrance" v="secondary"/>
 </node>
 <node id="12152644141" visible="true" version="2" changeset="164305061" timestamp="2025-03-30T20:53:58Z" user="Facalderonm" uid="1759764" lat="7.1407756" lon="-73.1224306"/>
 <node id="12152644144" visible="true" version="3" changeset="164305061" timestamp="2025-03-30T20:53:58Z" user="Facalderonm" uid="1759764" lat="7.1408691" lon="-73.1227222">
  <tag k="access" v="permissive"/>
  <tag k="door" v="yes"/>
  <tag k="entrance" v="main"/>
 </node>
 <node id="12152644145" visible="true" version="2" changeset="164305061" timestamp="2025-03-30T20:53:58Z" user="Facalderonm" uid="1759764" lat="7.1407781" lon="-73.1226478"/>
 <node id="12152644146" visible="true" version="5" changeset="164305061" timestamp="2025-03-30T20:53:58Z" user="Facalderonm" uid="1759764" lat="7.1407848" lon="-73.1232301"/>
 <node id="12152644148" visible="true" version="3" changeset="164305061" timestamp="2025-03-30T20:53:58Z" user="Facalderonm" uid="1759764" lat="7.1412175" lon="-73.1226445"/>
 <node id="12152644149" visible="true" version="4" changeset="164305061" timestamp="2025-03-30T20:53:58Z" user="Facalderonm" uid="1759764" lat="7.1413133" lon="-73.1226438"/>
 <node id="12152644151" visible="true" version="4" changeset="164305061" timestamp="2025-03-30T20:53:58Z" user="Facalderonm" uid="1759764" lat="7.1417304" lon="-73.1226408"/>
 <node id="12152644155" visible="true" version="3" changeset="164305061" timestamp="2025-03-30T20:53:58Z" user="Facalderonm" uid="1759764" lat="7.1413398" lon="-73.1221436"/>
 <node id="12152644157" visible="true" version="3" changeset="164305061" timestamp="2025-03-30T20:53:58Z" user="Facalderonm" uid="1759764" lat="7.1417145" lon="-73.1221395"/>
 <node id="12185066672" visible="true" version="3" changeset="164307755" timestamp="2025-03-30T22:43:53Z" user="Facalderonm" uid="1759764" lat="7.1398221" lon="-73.1174765"/>
 <node id="12185066676" visible="true" version="3" changeset="164305061" timestamp="2025-03-30T20:53:58Z" user="Facalderonm" uid="1759764" lat="7.1412461" lon="-73.1221746"/>
 <node id="12185066677" visible="true" version="3" changeset="164305061" timestamp="2025-03-30T20:53:58Z" user="Facalderonm" uid="1759764" lat="7.1412121" lon="-73.1221450"/>
 <node id="12222405346" visible="true" version="1" changeset="157462790" timestamp="2024-10-04T14:04:20Z" user="JuanoDavo" uid="11097243" lat="7.1379841" lon="-73.1200523"/>
 <node id="12222405356" visible="true" version="2" changeset="164227985" timestamp="2025-03-28T21:33:38Z" user="Facalderonm" uid="1759764" lat="7.1378168" lon="-73.1187558"/>
 <node id="12222405357" visible="true" version="2" changeset="164227985" timestamp="2025-03-28T21:33:38Z" user="Facalderonm" uid="1759764" lat="7.1378392" lon="-73.1192595"/>
 <node id="12222405358" visible="true" version="2" changeset="164227985" timestamp="2025-03-28T21:33:38Z" user="Facalderonm" uid="1759764" lat="7.1391999" lon="-73.1184582"/>
 <node id="12222405359" visible="true" version="2" changeset="164227985" timestamp="2025-03-28T21:33:38Z" user="Facalderonm" uid="1759764" lat="7.1390976" lon="-73.1184604"/>
 <node id="12222405360" visible="true" version="2" changeset="164227985" timestamp="2025-03-28T21:33:38Z" user="Facalderonm" uid="1759764" lat="7.1390778" lon="-73.1175425"/>
 <node id="12222405361" visible="true" version="2" changeset="164227985" timestamp="2025-03-28T21:33:38Z" user="Facalderonm" uid="1759764" lat="7.1391802" lon="-73.1175402"/>
 <node id="12222443472" visible="true" version="4" changeset="164525254" timestamp="2025-04-04T19:15:50Z" user="Facalderonm" uid="1759764" lat="7.1345901" lon="-73.1166108"/>
 <node id="12222443473" visible="true" version="4" changeset="164525254" timestamp="2025-04-04T19:15:50Z" user="Facalderonm" uid="1759764" lat="7.1345849" lon="-73.1164872"/>
 <node id="12222468369" visible="true" version="5" changeset="164300738" timestamp="2025-03-30T19:00:03Z" user="Facalderonm" uid="1759764" lat="7.1389317" lon="-73.1209802">
  <tag k="amenity" v="parking"/>
  <tag k="layer" v="-1"/>
  <tag k="parking" v="underground"/>
 </node>
 <node id="12222468372" visible="true" version="2" changeset="164305061" timestamp="2025-03-30T20:53:58Z" user="Facalderonm" uid="1759764" lat="7.1410665" lon="-73.1203676"/>
 <node id="12222468373" visible="true" version="2" changeset="164305061" timestamp="2025-03-30T20:53:58Z" user="Facalderonm" uid="1759764" lat="7.1413222" lon="-73.1204860"/>
 <node id="12222468374" visible="true" version="1" changeset="157465452" timestamp="2024-10-04T15:01:47Z" user="JuanoDavo" uid="11097243" lat="7.1415624" lon="-73.1203894"/>
 <node id="12222468375" visible="true" version="1" changeset="157465452" timestamp="2024-10-04T15:01:47Z" user="JuanoDavo" uid="11097243" lat="7.1414777" lon="-73.1203114"/>
 <node id="12222468380" visible="true" version="2" changeset="164305061" timestamp="2025-03-30T20:53:58Z" user="Facalderonm" uid="1759764" lat="7.1411854" lon="-73.1210888"/>
 <node id="12222468381" visible="true" version="2" changeset="164305061" timestamp="2025-03-30T20:53:58Z" user="Facalderonm" uid="1759764" lat="7.1411661" lon="-73.1210892"/>
 <node id="12222468383" visible="true" version="2" changeset="164305061" timestamp="2025-03-30T20:53:58Z" user="Facalderonm" uid="1759764" lat="7.1411829" lon="-73.1209696"/>
 <node id="12222468384" visible="true" version="1" changeset="157465452" timestamp="2024-10-04T15:01:47Z" user="JuanoDavo" uid="11097243" lat="7.1410530" lon="-73.1212611"/>
 <node id="12222468385" visible="true" version="1" changeset="157465452" timestamp="2024-10-04T15:01:47Z" user="JuanoDavo" uid="11097243" lat="7.1410485" lon="-73.1212681"/>
 <node id="12222468386" visible="true" version="1" changeset="157465452" timestamp="2024-10-04T15:01:47Z" user="JuanoDavo" uid="11097243" lat="7.1410419" lon="-73.1212732"/>
 <node id="12222468387" visible="true" version="1" changeset="157465452" timestamp="2024-10-04T15:01:47Z" user="JuanoDavo" uid="11097243" lat="7.1410340" lon="-73.1212760"/>
 <node id="12222468388" visible="true" version="1" changeset="157465452" timestamp="2024-10-04T15:01:47Z" user="JuanoDavo" uid="11097243" lat="7.1410076" lon="-73.1212373"/>
 <node id="12222468389" visible="true" version="1" changeset="157465452" timestamp="2024-10-04T15:01:47Z" user="JuanoDavo" uid="11097243" lat="7.1410131" lon="-73.1212307"/>
 <node id="12222468390" visible="true" version="1" changeset="157465452" timestamp="2024-10-04T15:01:47Z" user="JuanoDavo" uid="11097243" lat="7.1410205" lon="-73.1212263"/>
 <node id="12222468391" visible="true" version="1" changeset="157465452" timestamp="2024-10-04T15:01:47Z" user="JuanoDavo" uid="11097243" lat="7.1410290" lon="-73.1212247"/>
 <node id="12222468392" visible="true" version="1" changeset="157465452" timestamp="2024-10-04T15:01:47Z" user="JuanoDavo" uid="11097243" lat="7.1410375" lon="-73.1212259"/>
 <node id="12222468393" visible="true" version="1" changeset="157465452" timestamp="2024-10-04T15:01:47Z" user="JuanoDavo" uid="11097243" lat="7.1410257" lon="-73.1212760"/>
 <node id="12222468394" visible="true" version="1" changeset="157465452" timestamp="2024-10-04T15:01:47Z" user="JuanoDavo" uid="11097243" lat="7.1410178" lon="-73.1212734"/>
 <node id="12222468395" visible="true" version="1" changeset="157465452" timestamp="2024-10-04T15:01:47Z" user="JuanoDavo" uid="11097243" lat="7.1410112" lon="-73.1212684"/>
 <node id="12222468396" visible="true" version="1" changeset="157465452" timestamp="2024-10-04T15:01:47Z" user="JuanoDavo" uid="11097243" lat="7.1410065" lon="-73.1212615"/>
 <node id="12222468397" visible="true" version="1" changeset="157465452" timestamp="2024-10-04T15:01:47Z" user="JuanoDavo" uid="11097243" lat="7.1410042" lon="-73.1212535"/>
 <node id="12222468398" visible="true" version="1" changeset="157465452" timestamp="2024-10-04T15:01:47Z" user="JuanoDavo" uid="11097243" lat="7.1410046" lon="-73.1212451"/>
 <node id="12222468399" visible="true" version="1" changeset="157465452" timestamp="2024-10-04T15:01:47Z" user="JuanoDavo" uid="11097243" lat="7.1410451" lon="-73.1212299"/>
 <node id="12222468400" visible="true" version="1" changeset="157465452" timestamp="2024-10-04T15:01:47Z" user="JuanoDavo" uid="11097243" lat="7.1410510" lon="-73.1212362"/>
 <node id="12222493551" visible="true" version="4" changeset="164307755" timestamp="2025-03-30T22:43:53Z" user="Facalderonm" uid="1759764" lat="7.1408834" lon="-73.1198688"/>
 <node id="12222493554" visible="true" version="4" changeset="164307755" timestamp="2025-03-30T22:43:53Z" user="Facalderonm" uid="1759764" lat="7.1408842" lon="-73.1194536"/>
 <node id="12222493555" visible="true" version="4" changeset="164307755" timestamp="2025-03-30T22:43:53Z" user="Facalderonm" uid="1759764" lat="7.1407034" lon="-73.1194532"/>
 <node id="12222493556" visible="true" version="3" changeset="164305061" timestamp="2025-03-30T20:53:58Z" user="Facalderonm" uid="1759764" lat="7.1407036" lon="-73.1197469"/>
 <node id="12222511301" visible="true" version="1" changeset="157465452" timestamp="2024-10-04T15:01:47Z" user="JuanoDavo" uid="11097243" lat="7.1410545" lon="-73.1212441"/>
 <node id="12222511302" visible="true" version="1" changeset="157465452" timestamp="2024-10-04T15:01:47Z" user="JuanoDavo" uid="11097243" lat="7.1410552" lon="-73.1212527"/>
 <node id="12222511303" visible="true" version="3" changeset="165037046" timestamp="2025-04-16T16:33:47Z" user="Facalderonm" uid="1759764" lat="7.1403612" lon="-73.1216275"/>
 <node id="12222511312" visible="true" version="3" changeset="164305061" timestamp="2025-03-30T20:53:58Z" user="Facalderonm" uid="1759764" lat="7.1415572" lon="-73.1211848"/>
 <node id="12222511313" visible="true" version="3" changeset="164305061" timestamp="2025-03-30T20:53:58Z" user="Facalderonm" uid="1759764" lat="7.1415566" lon="-73.1211429"/>
 <node id="12222511314" visible="true" version="1" changeset="157465452" timestamp="2024-10-04T15:01:47Z" user="JuanoDavo" uid="11097243" lat="7.1413071" lon="-73.1221019"/>
 <node id="12222511315" visible="true" version="1" changeset="157465452" timestamp="2024-10-04T15:01:47Z" user="JuanoDavo" uid="11097243" lat="7.1413054" lon="-73.1218644"/>
 <node id="12222511316" visible="true" version="1" changeset="157465452" timestamp="2024-10-04T15:01:47Z" user="JuanoDavo" uid="11097243" lat="7.1411821" lon="-73.1218653"/>
 <node id="12222511317" visible="true" version="1" changeset="157465452" timestamp="2024-10-04T15:01:47Z" user="JuanoDavo" uid="11097243" lat="7.1411838" lon="-73.1221028"/>
 <node id="12222511321" visible="true" version="1" changeset="157465452" timestamp="2024-10-04T15:01:47Z" user="JuanoDavo" uid="11097243" lat="7.1421767" lon="-73.1218873"/>
 <node id="12222511322" visible="true" version="1" changeset="157465452" timestamp="2024-10-04T15:01:47Z" user="JuanoDavo" uid="11097243" lat="7.1421325" lon="-73.1218883"/>
 <node id="12222511323" visible="true" version="1" changeset="157465452" timestamp="2024-10-04T15:01:47Z" user="JuanoDavo" uid="11097243" lat="7.1422949" lon="-73.1205842"/>
 <node id="12222511324" visible="true" version="2" changeset="157563325" timestamp="2024-10-07T03:22:12Z" user="JuanoDavo" uid="11097243" lat="7.1426182" lon="-73.1214209"/>
 <node id="12222511325" visible="true" version="3" changeset="164305061" timestamp="2025-03-30T20:53:58Z" user="Facalderonm" uid="1759764" lat="7.1411101" lon="-73.1231225"/>
 <node id="12222511326" visible="true" version="2" changeset="164305061" timestamp="2025-03-30T20:53:58Z" user="Facalderonm" uid="1759764" lat="7.1403796" lon="-73.1226069"/>
 <node id="12222511327" visible="true" version="2" changeset="164305061" timestamp="2025-03-30T20:53:58Z" user="Facalderonm" uid="1759764" lat="7.1403784" lon="-73.1224863"/>
 <node id="12222511329" visible="true" version="2" changeset="164305061" timestamp="2025-03-30T20:53:58Z" user="Facalderonm" uid="1759764" lat="7.1414852" lon="-73.1198682"/>
 <node id="12222511330" visible="true" version="2" changeset="157563325" timestamp="2024-10-07T03:22:12Z" user="JuanoDavo" uid="11097243" lat="7.1419368" lon="-73.1203775"/>
 <node id="12222511332" visible="true" version="3" changeset="164305061" timestamp="2025-03-30T20:53:58Z" user="Facalderonm" uid="1759764" lat="7.1419474" lon="-73.1194067"/>
 <node id="12222511333" visible="true" version="3" changeset="164305061" timestamp="2025-03-30T20:53:58Z" user="Facalderonm" uid="1759764" lat="7.1415447" lon="-73.1196365"/>
 <node id="12222665280" visible="true" version="1" changeset="157470043" timestamp="2024-10-04T16:45:58Z" user="JuanoDavo" uid="11097243" lat="7.1415589" lon="-73.1187260"/>
 <node id="12222665281" visible="true" version="1" changeset="157470043" timestamp="2024-10-04T16:45:58Z" user="JuanoDavo" uid="11097243" lat="7.1414976" lon="-73.1181883"/>
 <node id="12222665282" visible="true" version="1" changeset="157470043" timestamp="2024-10-04T16:45:58Z" user="JuanoDavo" uid="11097243" lat="7.1412868" lon="-73.1180523"/>
 <node id="12222665283" visible="true" version="1" changeset="157470043" timestamp="2024-10-04T16:45:58Z" user="JuanoDavo" uid="11097243" lat="7.1413501" lon="-73.1180738"/>
 <node id="12222665284" visible="true" version="1" changeset="157470043" timestamp="2024-10-04T16:45:58Z" user="JuanoDavo" uid="11097243" lat="7.1408556" lon="-73.1180321"/>
 <node id="12222665285" visible="true" version="1" changeset="157470043" timestamp="2024-10-04T16:45:58Z" user="JuanoDavo" uid="11097243" lat="7.1403908" lon="-73.1180414"/>
 <node id="12222665286" visible="true" version="1" changeset="157470043" timestamp="2024-10-04T16:45:58Z" user="JuanoDavo" uid="11097243" lat="7.1403337" lon="-73.1180532"/>
 <node id="12222665287" visible="true" version="1" changeset="157470043" timestamp="2024-10-04T16:45:58Z" user="JuanoDavo" uid="11097243" lat="7.1400445" lon="-73.1184005"/>
 <node id="12222665288" visible="true" version="1" changeset="157470043" timestamp="2024-10-04T16:45:58Z" user="JuanoDavo" uid="11097243" lat="7.1400711" lon="-73.1183114"/>
 <node id="12222665289" visible="true" version="1" changeset="157470043" timestamp="2024-10-04T16:45:58Z" user="JuanoDavo" uid="11097243" lat="7.1400346" lon="-73.1185060"/>
 <node id="12222665290" visible="true" version="1" changeset="157470043" timestamp="2024-10-04T16:45:58Z" user="JuanoDavo" uid="11097243" lat="7.1400439" lon="-73.1185987"/>
 <node id="12222665291" visible="true" version="1" changeset="157470043" timestamp="2024-10-04T16:45:58Z" user="JuanoDavo" uid="11097243" lat="7.1401283" lon="-73.1187925"/>
 <node id="12222665292" visible="true" version="2" changeset="164307755" timestamp="2025-03-30T22:43:53Z" user="Facalderonm" uid="1759764" lat="7.1403409" lon="-73.1182198"/>
 <node id="12222665293" visible="true" version="1" changeset="157470043" timestamp="2024-10-04T16:45:58Z" user="JuanoDavo" uid="11097243" lat="7.1401373" lon="-73.1186118"/>
 <node id="12222665294" visible="true" version="1" changeset="157470043" timestamp="2024-10-04T16:45:58Z" user="JuanoDavo" uid="11097243" lat="7.1401238" lon="-73.1184315"/>
 <node id="12222665295" visible="true" version="1" changeset="157470043" timestamp="2024-10-04T16:45:58Z" user="JuanoDavo" uid="11097243" lat="7.1415291" lon="-73.1182298"/>
 <node id="12222665296" visible="true" version="1" changeset="157470043" timestamp="2024-10-04T16:45:58Z" user="JuanoDavo" uid="11097243" lat="7.1403583" lon="-73.1181592"/>
 <node id="12222665297" visible="true" version="1" changeset="157470043" timestamp="2024-10-04T16:45:58Z" user="JuanoDavo" uid="11097243" lat="7.1401976" lon="-73.1182719"/>
 <node id="12222665298" visible="true" version="1" changeset="157470043" timestamp="2024-10-04T16:45:58Z" user="JuanoDavo" uid="11097243" lat="7.1401846" lon="-73.1187028"/>
 <node id="12222669901" visible="true" version="1" changeset="157470043" timestamp="2024-10-04T16:45:58Z" user="JuanoDavo" uid="11097243" lat="7.1414348" lon="-73.1172604"/>
 <node id="12222669902" visible="true" version="2" changeset="164307755" timestamp="2025-03-30T22:43:53Z" user="Facalderonm" uid="1759764" lat="7.1411211" lon="-73.1172177"/>
 <node id="12222669903" visible="true" version="1" changeset="157470043" timestamp="2024-10-04T16:45:58Z" user="JuanoDavo" uid="11097243" lat="7.1411565" lon="-73.1169535"/>
 <node id="12222669904" visible="true" version="1" changeset="157470043" timestamp="2024-10-04T16:45:58Z" user="JuanoDavo" uid="11097243" lat="7.1412331" lon="-73.1169677"/>
 <node id="12222669905" visible="true" version="1" changeset="157470043" timestamp="2024-10-04T16:45:58Z" user="JuanoDavo" uid="11097243" lat="7.1412724" lon="-73.1169951"/>
 <node id="12222669906" visible="true" version="1" changeset="157470043" timestamp="2024-10-04T16:45:58Z" user="JuanoDavo" uid="11097243" lat="7.1414388" lon="-73.1171293"/>
 <node id="12222669907" visible="true" version="1" changeset="157470043" timestamp="2024-10-04T16:45:58Z" user="JuanoDavo" uid="11097243" lat="7.1414550" lon="-73.1171527"/>
 <node id="12222669908" visible="true" version="1" changeset="157470043" timestamp="2024-10-04T16:45:58Z" user="JuanoDavo" uid="11097243" lat="7.1414671" lon="-73.1171811"/>
 <node id="12222669909" visible="true" version="1" changeset="157470043" timestamp="2024-10-04T16:45:58Z" user="JuanoDavo" uid="11097243" lat="7.1414711" lon="-73.1172004"/>
 <node id="12222669910" visible="true" version="1" changeset="157470043" timestamp="2024-10-04T16:45:58Z" user="JuanoDavo" uid="11097243" lat="7.1414671" lon="-73.1172187"/>
 <node id="12222669911" visible="true" version="1" changeset="157470043" timestamp="2024-10-04T16:45:58Z" user="JuanoDavo" uid="11097243" lat="7.1414600" lon="-73.1172380"/>
 <node id="12222669912" visible="true" version="1" changeset="157470043" timestamp="2024-10-04T16:45:58Z" user="JuanoDavo" uid="11097243" lat="7.1414509" lon="-73.1172513"/>
 <node id="12222669913" visible="true" version="1" changeset="157470043" timestamp="2024-10-04T16:45:58Z" user="JuanoDavo" uid="11097243" lat="7.1410514" lon="-73.1169265"/>
 <node id="12222669914" visible="true" version="2" changeset="164307755" timestamp="2025-03-30T22:43:53Z" user="Facalderonm" uid="1759764" lat="7.1403155" lon="-73.1177409"/>
 <node id="12222669915" visible="true" version="2" changeset="164307755" timestamp="2025-03-30T22:43:53Z" user="Facalderonm" uid="1759764" lat="7.1402662" lon="-73.1177420"/>
 <node id="12222669916" visible="true" version="2" changeset="164307755" timestamp="2025-03-30T22:43:53Z" user="Facalderonm" uid="1759764" lat="7.1403116" lon="-73.1175678"/>
 <node id="12222669917" visible="true" version="2" changeset="164307755" timestamp="2025-03-30T22:43:53Z" user="Facalderonm" uid="1759764" lat="7.1402042" lon="-73.1175702"/>
 <node id="12222669918" visible="true" version="2" changeset="164307755" timestamp="2025-03-30T22:43:53Z" user="Facalderonm" uid="1759764" lat="7.1401643" lon="-73.1176942"/>
 <node id="12222669919" visible="true" version="2" changeset="164307755" timestamp="2025-03-30T22:43:53Z" user="Facalderonm" uid="1759764" lat="7.1401658" lon="-73.1177588"/>
 <node id="12222669920" visible="true" version="2" changeset="164307755" timestamp="2025-03-30T22:43:53Z" user="Facalderonm" uid="1759764" lat="7.1404729" lon="-73.1178639"/>
 <node id="12222669921" visible="true" version="2" changeset="164307755" timestamp="2025-03-30T22:43:53Z" user="Facalderonm" uid="1759764" lat="7.1404712" lon="-73.1176317"/>
 <node id="12222669922" visible="true" version="2" changeset="164307755" timestamp="2025-03-30T22:43:53Z" user="Facalderonm" uid="1759764" lat="7.1403376" lon="-73.1176327"/>
 <node id="12222669923" visible="true" version="2" changeset="164307755" timestamp="2025-03-30T22:43:53Z" user="Facalderonm" uid="1759764" lat="7.1403393" lon="-73.1178648"/>
 <node id="12222669925" visible="true" version="2" changeset="164307755" timestamp="2025-03-30T22:43:53Z" user="Facalderonm" uid="1759764" lat="7.1398053" lon="-73.1170332"/>
 <node id="12222669926" visible="true" version="1" changeset="157470043" timestamp="2024-10-04T16:45:58Z" user="JuanoDavo" uid="11097243" lat="7.1397794" lon="-73.1168867"/>
 <node id="12222669927" visible="true" version="1" changeset="157470043" timestamp="2024-10-04T16:45:58Z" user="JuanoDavo" uid="11097243" lat="7.1399456" lon="-73.1171811"/>
 <node id="12222669928" visible="true" version="1" changeset="157470043" timestamp="2024-10-04T16:45:58Z" user="JuanoDavo" uid="11097243" lat="7.1398434" lon="-73.1170658"/>
 <node id="12222669929" visible="true" version="1" changeset="157470043" timestamp="2024-10-04T16:45:58Z" user="JuanoDavo" uid="11097243" lat="7.1397791" lon="-73.1169827"/>
 <node id="12222669930" visible="true" version="1" changeset="157470043" timestamp="2024-10-04T16:45:58Z" user="JuanoDavo" uid="11097243" lat="7.1398112" lon="-73.1170283"/>
 <node id="12222669931" visible="true" version="1" changeset="157470043" timestamp="2024-10-04T16:45:58Z" user="JuanoDavo" uid="11097243" lat="7.1402582" lon="-73.1175024"/>
 <node id="12222669932" visible="true" version="1" changeset="157470043" timestamp="2024-10-04T16:45:58Z" user="JuanoDavo" uid="11097243" lat="7.1404308" lon="-73.1175781"/>
 <node id="12222669933" visible="true" version="2" changeset="164307755" timestamp="2025-03-30T22:43:53Z" user="Facalderonm" uid="1759764" lat="7.1401961" lon="-73.1176934">
  <tag k="access" v="private"/>
  <tag k="entrance" v="main"/>
 </node>
 <node id="12222669935" visible="true" version="1" changeset="157470043" timestamp="2024-10-04T16:45:58Z" user="JuanoDavo" uid="11097243" lat="7.1408486" lon="-73.1176481">
  <tag k="amenity" v="drinking_water"/>
 </node>
 <node id="12222669936" visible="true" version="2" changeset="164307755" timestamp="2025-03-30T22:43:53Z" user="Facalderonm" uid="1759764" lat="7.1416972" lon="-73.1177265"/>
 <node id="12222669937" visible="true" version="1" changeset="157470043" timestamp="2024-10-04T16:45:58Z" user="JuanoDavo" uid="11097243" lat="7.1396021" lon="-73.1174878">
  <tag k="amenity" v="theatre"/>
  <tag k="name" v="Teatrino - UIS"/>
  <tag k="operator" v="Universidad Industrial de Santander"/>
 </node>
 <node id="12222669938" visible="true" version="1" changeset="157470043" timestamp="2024-10-04T16:45:58Z" user="JuanoDavo" uid="11097243" lat="7.1393789" lon="-73.1191339"/>
 <node id="12222669939" visible="true" version="1" changeset="157470043" timestamp="2024-10-04T16:45:58Z" user="JuanoDavo" uid="11097243" lat="7.1393776" lon="-73.1190319"/>
 <node id="12222669940" visible="true" version="1" changeset="157470043" timestamp="2024-10-04T16:45:58Z" user="JuanoDavo" uid="11097243" lat="7.1395932" lon="-73.1190291"/>
 <node id="12222669941" visible="true" version="1" changeset="157470043" timestamp="2024-10-04T16:45:58Z" user="JuanoDavo" uid="11097243" lat="7.1395945" lon="-73.1191311"/>
 <node id="12222669942" visible="true" version="3" changeset="164305254" timestamp="2025-03-30T21:00:57Z" user="Facalderonm" uid="1759764" lat="7.1399537" lon="-73.1192197"/>
 <node id="12222705673" visible="true" version="3" changeset="164300738" timestamp="2025-03-30T19:00:03Z" user="Facalderonm" uid="1759764" lat="7.1393494" lon="-73.1207390"/>
 <node id="12222705674" visible="true" version="2" changeset="164300738" timestamp="2025-03-30T19:00:03Z" user="Facalderonm" uid="1759764" lat="7.1390688" lon="-73.1207502"/>
 <node id="12222705675" visible="true" version="2" changeset="164300738" timestamp="2025-03-30T19:00:03Z" user="Facalderonm" uid="1759764" lat="7.1390700" lon="-73.1208055">
  <tag k="entrance" v="main"/>
 </node>
 <node id="12222705676" visible="true" version="2" changeset="164300738" timestamp="2025-03-30T19:00:03Z" user="Facalderonm" uid="1759764" lat="7.1390656" lon="-73.1206066"/>
 <node id="12222705677" visible="true" version="2" changeset="164300738" timestamp="2025-03-30T19:00:03Z" user="Facalderonm" uid="1759764" lat="7.1389897" lon="-73.1205447"/>
 <node id="12222705678" visible="true" version="2" changeset="164300738" timestamp="2025-03-30T19:00:03Z" user="Facalderonm" uid="1759764" lat="7.1390384" lon="-73.1204842"/>
 <node id="12222705679" visible="true" version="2" changeset="164300738" timestamp="2025-03-30T19:00:03Z" user="Facalderonm" uid="1759764" lat="7.1391207" lon="-73.1205515"/>
 <node id="12222705680" visible="true" version="2" changeset="157472654" timestamp="2024-10-04T17:56:33Z" user="JuanoDavo" uid="11097243" lat="7.1400016" lon="-73.1213504"/>
 <node id="12222705681" visible="true" version="2" changeset="157472654" timestamp="2024-10-04T17:56:33Z" user="JuanoDavo" uid="11097243" lat="7.1399512" lon="-73.1213312"/>
 <node id="12222705682" visible="true" version="2" changeset="157472654" timestamp="2024-10-04T17:56:33Z" user="JuanoDavo" uid="11097243" lat="7.1399694" lon="-73.1212829"/>
 <node id="12222705683" visible="true" version="2" changeset="157472654" timestamp="2024-10-04T17:56:33Z" user="JuanoDavo" uid="11097243" lat="7.1400197" lon="-73.1213021"/>
 <node id="12222705684" visible="true" version="2" changeset="157472654" timestamp="2024-10-04T17:56:33Z" user="JuanoDavo" uid="11097243" lat="7.1400712" lon="-73.1213389"/>
 <node id="12222705685" visible="true" version="2" changeset="157472654" timestamp="2024-10-04T17:56:33Z" user="JuanoDavo" uid="11097243" lat="7.1400687" lon="-73.1212863"/>
 <node id="12222705686" visible="true" version="2" changeset="157472654" timestamp="2024-10-04T17:56:33Z" user="JuanoDavo" uid="11097243" lat="7.1400219" lon="-73.1212885"/>
 <node id="12222705687" visible="true" version="2" changeset="157472654" timestamp="2024-10-04T17:56:33Z" user="JuanoDavo" uid="11097243" lat="7.1400244" lon="-73.1213411"/>
 <node id="12222705689" visible="true" version="3" changeset="164300738" timestamp="2025-03-30T19:00:03Z" user="Facalderonm" uid="1759764" lat="7.1397045" lon="-73.1229116"/>
 <node id="12222705690" visible="true" version="4" changeset="164305061" timestamp="2025-03-30T20:53:58Z" user="Facalderonm" uid="1759764" lat="7.1399303" lon="-73.1225578"/>
 <node id="12222705691" visible="true" version="4" changeset="164305061" timestamp="2025-03-30T20:53:58Z" user="Facalderonm" uid="1759764" lat="7.1399233" lon="-73.1221020"/>
 <node id="12222705692" visible="true" version="4" changeset="164305061" timestamp="2025-03-30T20:53:58Z" user="Facalderonm" uid="1759764" lat="7.1397795" lon="-73.1221043"/>
 <node id="12222705693" visible="true" version="4" changeset="164305061" timestamp="2025-03-30T20:53:58Z" user="Facalderonm" uid="1759764" lat="7.1397865" lon="-73.1225600"/>
 <node id="12222705694" visible="true" version="2" changeset="157472654" timestamp="2024-10-04T17:56:33Z" user="JuanoDavo" uid="11097243" lat="7.1401015" lon="-73.1213321"/>
 <node id="12222705695" visible="true" version="2" changeset="157472654" timestamp="2024-10-04T17:56:33Z" user="JuanoDavo" uid="11097243" lat="7.1400733" lon="-73.1213051"/>
 <node id="12222705696" visible="true" version="2" changeset="157472654" timestamp="2024-10-04T17:56:33Z" user="JuanoDavo" uid="11097243" lat="7.1401041" lon="-73.1212727"/>
 <node id="12222705697" visible="true" version="2" changeset="157472654" timestamp="2024-10-04T17:56:33Z" user="JuanoDavo" uid="11097243" lat="7.1401322" lon="-73.1212997"/>
 <node id="12222705700" visible="true" version="5" changeset="164302575" timestamp="2025-03-30T19:41:52Z" user="Facalderonm" uid="1759764" lat="7.1397009" lon="-73.1203239"/>
 <node id="12222711201" visible="true" version="4" changeset="164300738" timestamp="2025-03-30T19:00:03Z" user="Facalderonm" uid="1759764" lat="7.1397014" lon="-73.1203650"/>
 <node id="12222711202" visible="true" version="1" changeset="157471523" timestamp="2024-10-04T17:23:43Z" user="JuanoDavo" uid="11097243" lat="7.1407300" lon="-73.1202325">
  <tag k="amenity" v="bench"/>
 </node>
 <node id="12222711203" visible="true" version="1" changeset="157471523" timestamp="2024-10-04T17:23:43Z" user="JuanoDavo" uid="11097243" lat="7.1407289" lon="-73.1201811">
  <tag k="amenity" v="bench"/>
 </node>
 <node id="12222711204" visible="true" version="1" changeset="157471523" timestamp="2024-10-04T17:23:43Z" user="JuanoDavo" uid="11097243" lat="7.1403025" lon="-73.1201356">
  <tag k="amenity" v="bench"/>
 </node>
 <node id="12222711205" visible="true" version="1" changeset="157471523" timestamp="2024-10-04T17:23:43Z" user="JuanoDavo" uid="11097243" lat="7.1402666" lon="-73.1201367">
  <tag k="amenity" v="bench"/>
 </node>
 <node id="12222711206" visible="true" version="1" changeset="157471523" timestamp="2024-10-04T17:23:43Z" user="JuanoDavo" uid="11097243" lat="7.1411144" lon="-73.1205400"/>
 <node id="12222711207" visible="true" version="1" changeset="157471523" timestamp="2024-10-04T17:23:43Z" user="JuanoDavo" uid="11097243" lat="7.1415200" lon="-73.1214036">
  <tag k="amenity" v="toilets"/>
 </node>
 <node id="12222711208" visible="true" version="1" changeset="157471523" timestamp="2024-10-04T17:23:43Z" user="JuanoDavo" uid="11097243" lat="7.1403129" lon="-73.1214138">
  <tag k="amenity" v="toilets"/>
 </node>
 <node id="12222711209" visible="true" version="3" changeset="164300738" timestamp="2025-03-30T19:00:03Z" user="Facalderonm" uid="1759764" lat="7.1398105" lon="-73.1212685"/>
 <node id="12222711210" visible="true" version="4" changeset="164305061" timestamp="2025-03-30T20:53:58Z" user="Facalderonm" uid="1759764" lat="7.1398090" lon="-73.1211735"/>
 <node id="12222711211" visible="true" version="4" changeset="164305061" timestamp="2025-03-30T20:53:58Z" user="Facalderonm" uid="1759764" lat="7.1396701" lon="-73.1211758"/>
 <node id="12222711212" visible="true" version="2" changeset="164300738" timestamp="2025-03-30T19:00:03Z" user="Facalderonm" uid="1759764" lat="7.1404130" lon="-73.1208229"/>
 <node id="12222711213" visible="true" version="2" changeset="164300738" timestamp="2025-03-30T19:00:03Z" user="Facalderonm" uid="1759764" lat="7.1404112" lon="-73.1205342"/>
 <node id="12222711214" visible="true" version="2" changeset="164300738" timestamp="2025-03-30T19:00:03Z" user="Facalderonm" uid="1759764" lat="7.1402603" lon="-73.1205352"/>
 <node id="12222711215" visible="true" version="2" changeset="164300738" timestamp="2025-03-30T19:00:03Z" user="Facalderonm" uid="1759764" lat="7.1402622" lon="-73.1208239"/>
 <node id="12222711216" visible="true" version="2" changeset="164305061" timestamp="2025-03-30T20:53:58Z" user="Facalderonm" uid="1759764" lat="7.1406332" lon="-73.1215199"/>
 <node id="12222711217" visible="true" version="2" changeset="164305061" timestamp="2025-03-30T20:53:58Z" user="Facalderonm" uid="1759764" lat="7.1406057" lon="-73.1215201"/>
 <node id="12222711218" visible="true" version="2" changeset="164305061" timestamp="2025-03-30T20:53:58Z" user="Facalderonm" uid="1759764" lat="7.1406047" lon="-73.1213831"/>
 <node id="12222711219" visible="true" version="2" changeset="164305061" timestamp="2025-03-30T20:53:58Z" user="Facalderonm" uid="1759764" lat="7.1406323" lon="-73.1213829"/>
 <node id="12222711220" visible="true" version="2" changeset="164305061" timestamp="2025-03-30T20:53:58Z" user="Facalderonm" uid="1759764" lat="7.1406335" lon="-73.1217529"/>
 <node id="12222711221" visible="true" version="2" changeset="164305061" timestamp="2025-03-30T20:53:58Z" user="Facalderonm" uid="1759764" lat="7.1406060" lon="-73.1217531"/>
 <node id="12222711222" visible="true" version="2" changeset="164305061" timestamp="2025-03-30T20:53:58Z" user="Facalderonm" uid="1759764" lat="7.1406050" lon="-73.1216161"/>
 <node id="12222711223" visible="true" version="2" changeset="164305061" timestamp="2025-03-30T20:53:58Z" user="Facalderonm" uid="1759764" lat="7.1406326" lon="-73.1216159"/>
 <node id="12222723049" visible="true" version="2" changeset="164305061" timestamp="2025-03-30T20:53:58Z" user="Facalderonm" uid="1759764" lat="7.1407304" lon="-73.1205963"/>
 <node id="12222723050" visible="true" version="2" changeset="164305061" timestamp="2025-03-30T20:53:58Z" user="Facalderonm" uid="1759764" lat="7.1407433" lon="-73.1212305"/>
 <node id="12222723051" visible="true" version="2" changeset="164305061" timestamp="2025-03-30T20:53:58Z" user="Facalderonm" uid="1759764" lat="7.1407396" lon="-73.1210410"/>
 <node id="12222723053" visible="true" version="4" changeset="164307816" timestamp="2025-03-30T22:46:34Z" user="Facalderonm" uid="1759764" lat="7.1404702" lon="-73.1209059"/>
 <node id="12222723054" visible="true" version="2" changeset="164305061" timestamp="2025-03-30T20:53:58Z" user="Facalderonm" uid="1759764" lat="7.1408550" lon="-73.1209030">
  <tag k="access" v="permit"/>
  <tag k="door" v="yes"/>
  <tag k="entrance" v="yes"/>
  <tag k="wheelchair" v="yes"/>
 </node>
 <node id="12222723057" visible="true" version="2" changeset="164305061" timestamp="2025-03-30T20:53:58Z" user="Facalderonm" uid="1759764" lat="7.1411828" lon="-73.1206795"/>
 <node id="12222723059" visible="true" version="2" changeset="164305061" timestamp="2025-03-30T20:53:58Z" user="Facalderonm" uid="1759764" lat="7.1407329" lon="-73.1207158"/>
 <node id="12222723061" visible="true" version="2" changeset="164305061" timestamp="2025-03-30T20:53:58Z" user="Facalderonm" uid="1759764" lat="7.1416616" lon="-73.1204762"/>
 <node id="12222723062" visible="true" version="2" changeset="164305061" timestamp="2025-03-30T20:53:58Z" user="Facalderonm" uid="1759764" lat="7.1413339" lon="-73.1215875"/>
 <node id="12222723063" visible="true" version="2" changeset="164305061" timestamp="2025-03-30T20:53:58Z" user="Facalderonm" uid="1759764" lat="7.1416967" lon="-73.1215806"/>
 <node id="12222723065" visible="true" version="3" changeset="164305061" timestamp="2025-03-30T20:53:58Z" user="Facalderonm" uid="1759764" lat="7.1421403" lon="-73.1224704"/>
 <node id="12222723066" visible="true" version="2" changeset="164305061" timestamp="2025-03-30T20:53:58Z" user="Facalderonm" uid="1759764" lat="7.1408170" lon="-73.1207450">
  <tag k="amenity" v="drinking_water"/>
 </node>
 <node id="12222723067" visible="true" version="1" changeset="157471865" timestamp="2024-10-04T17:33:01Z" user="JuanoDavo" uid="11097243" lat="7.1416262" lon="-73.1201946">
  <tag k="amenity" v="fountain"/>
 </node>
 <node id="12230761835" visible="true" version="1" changeset="157563325" timestamp="2024-10-07T03:22:12Z" user="JuanoDavo" uid="11097243" lat="7.1422615" lon="-73.1223539"/>
 <node id="12230761836" visible="true" version="1" changeset="157563325" timestamp="2024-10-07T03:22:12Z" user="JuanoDavo" uid="11097243" lat="7.1422194" lon="-73.1223813"/>
 <node id="12230761839" visible="true" version="1" changeset="157563325" timestamp="2024-10-07T03:22:12Z" user="JuanoDavo" uid="11097243" lat="7.1425834" lon="-73.1219326"/>
 <node id="12230761840" visible="true" version="1" changeset="157563325" timestamp="2024-10-07T03:22:12Z" user="JuanoDavo" uid="11097243" lat="7.1426188" lon="-73.1215773"/>
 <node id="12230761841" visible="true" version="1" changeset="157563325" timestamp="2024-10-07T03:22:12Z" user="JuanoDavo" uid="11097243" lat="7.1426069" lon="-73.1212366"/>
 <node id="12230761842" visible="true" version="1" changeset="157563325" timestamp="2024-10-07T03:22:12Z" user="JuanoDavo" uid="11097243" lat="7.1426245" lon="-73.1211768"/>
 <node id="12230761844" visible="true" version="2" changeset="164305061" timestamp="2025-03-30T20:53:58Z" user="Facalderonm" uid="1759764" lat="7.1426505" lon="-73.1219402"/>
 <node id="12230761847" visible="true" version="1" changeset="157563325" timestamp="2024-10-07T03:22:12Z" user="JuanoDavo" uid="11097243" lat="7.1425028" lon="-73.1207999"/>
 <node id="12230761848" visible="true" version="1" changeset="157563325" timestamp="2024-10-07T03:22:12Z" user="JuanoDavo" uid="11097243" lat="7.1424050" lon="-73.1207116"/>
 <node id="12230761849" visible="true" version="1" changeset="157563325" timestamp="2024-10-07T03:22:12Z" user="JuanoDavo" uid="11097243" lat="7.1425438" lon="-73.1209640"/>
 <node id="12230761850" visible="true" version="1" changeset="157563325" timestamp="2024-10-07T03:22:12Z" user="JuanoDavo" uid="11097243" lat="7.1425952" lon="-73.1211526"/>
 <node id="12230761851" visible="true" version="2" changeset="164305061" timestamp="2025-03-30T20:53:58Z" user="Facalderonm" uid="1759764" lat="7.1426420" lon="-73.1218584"/>
 <node id="12230761852" visible="true" version="2" changeset="164305061" timestamp="2025-03-30T20:53:58Z" user="Facalderonm" uid="1759764" lat="7.1425782" lon="-73.1220064"/>
 <node id="12230761853" visible="true" version="1" changeset="157563325" timestamp="2024-10-07T03:22:12Z" user="JuanoDavo" uid="11097243" lat="7.1426196" lon="-73.1217079"/>
 <node id="12230761854" visible="true" version="1" changeset="157563325" timestamp="2024-10-07T03:22:12Z" user="JuanoDavo" uid="11097243" lat="7.1421891" lon="-73.1205199"/>
 <node id="12230761856" visible="true" version="2" changeset="164305061" timestamp="2025-03-30T20:53:58Z" user="Facalderonm" uid="1759764" lat="7.1420133" lon="-73.1224716"/>
 <node id="12230761858" visible="true" version="2" changeset="164300738" timestamp="2025-03-30T19:00:03Z" user="Facalderonm" uid="1759764" lat="7.1397094" lon="-73.1229478"/>
 <node id="12230761859" visible="true" version="2" changeset="164305061" timestamp="2025-03-30T20:53:58Z" user="Facalderonm" uid="1759764" lat="7.1419123" lon="-73.1212673">
  <tag k="entrance" v="yes"/>
 </node>
 <node id="12230761862" visible="true" version="3" changeset="170457800" timestamp="2025-08-14T22:18:12Z" user="Lolj" uid="14546644" lat="7.1393665" lon="-73.1204583">
  <tag k="leaf_type" v="broadleaved"/>
  <tag k="name" v="Ceiba de la Facultad de Ciencias Humanas"/>
  <tag k="natural" v="tree"/>
 </node>
 <node id="12230761863" visible="true" version="2" changeset="164300738" timestamp="2025-03-30T19:00:03Z" user="Facalderonm" uid="1759764" lat="7.1402379" lon="-73.1210585"/>
 <node id="12230761864" visible="true" version="2" changeset="164300738" timestamp="2025-03-30T19:00:03Z" user="Facalderonm" uid="1759764" lat="7.1400111" lon="-73.1210612"/>
 <node id="12230761865" visible="true" version="2" changeset="164300738" timestamp="2025-03-30T19:00:03Z" user="Facalderonm" uid="1759764" lat="7.1400091" lon="-73.1208949"/>
 <node id="12230761869" visible="true" version="3" changeset="164305061" timestamp="2025-03-30T20:53:58Z" user="Facalderonm" uid="1759764" lat="7.1406033" lon="-73.1199473"/>
 <node id="12230761876" visible="true" version="1" changeset="157563325" timestamp="2024-10-07T03:22:12Z" user="JuanoDavo" uid="11097243" lat="7.1421544" lon="-73.1177464"/>
 <node id="12230761877" visible="true" version="1" changeset="157563325" timestamp="2024-10-07T03:22:12Z" user="JuanoDavo" uid="11097243" lat="7.1419911" lon="-73.1177181"/>
 <node id="12230761878" visible="true" version="1" changeset="157563325" timestamp="2024-10-07T03:22:12Z" user="JuanoDavo" uid="11097243" lat="7.1420157" lon="-73.1175800"/>
 <node id="12230761879" visible="true" version="1" changeset="157563325" timestamp="2024-10-07T03:22:12Z" user="JuanoDavo" uid="11097243" lat="7.1421796" lon="-73.1176110"/>
 <node id="12230761880" visible="true" version="2" changeset="164300738" timestamp="2025-03-30T19:00:03Z" user="Facalderonm" uid="1759764" lat="7.1395224" lon="-73.1207055">
  <tag k="amenity" v="cafe"/>
 </node>
 <node id="12230761881" visible="true" version="1" changeset="157563325" timestamp="2024-10-07T03:22:12Z" user="JuanoDavo" uid="11097243" lat="7.1404309" lon="-73.1179124">
  <tag k="amenity" v="cafe"/>
 </node>
 <node id="12231845577" visible="true" version="2" changeset="164305061" timestamp="2025-03-30T20:53:58Z" user="Facalderonm" uid="1759764" lat="7.1405247" lon="-73.1209055"/>
 <node id="12231845578" visible="true" version="2" changeset="164300738" timestamp="2025-03-30T19:00:03Z" user="Facalderonm" uid="1759764" lat="7.1399844" lon="-73.1210682"/>
 <node id="12231845579" visible="true" version="2" changeset="164300738" timestamp="2025-03-30T19:00:03Z" user="Facalderonm" uid="1759764" lat="7.1399820" lon="-73.1208643"/>
 <node id="12231845583" visible="true" version="2" changeset="164300738" timestamp="2025-03-30T19:00:03Z" user="Facalderonm" uid="1759764" lat="7.1400183" lon="-73.1204296"/>
 <node id="12231845584" visible="true" version="2" changeset="164300738" timestamp="2025-03-30T19:00:03Z" user="Facalderonm" uid="1759764" lat="7.1397203" lon="-73.1204332"/>
 <node id="12231845585" visible="true" version="2" changeset="164300738" timestamp="2025-03-30T19:00:03Z" user="Facalderonm" uid="1759764" lat="7.1397278" lon="-73.1210712"/>
 <node id="12231845586" visible="true" version="2" changeset="164300738" timestamp="2025-03-30T19:00:03Z" user="Facalderonm" uid="1759764" lat="7.1393632" lon="-73.1212557"/>
 <node id="12231845587" visible="true" version="2" changeset="164300738" timestamp="2025-03-30T19:00:03Z" user="Facalderonm" uid="1759764" lat="7.1392371" lon="-73.1212591">
  <tag k="entrance" v="main"/>
 </node>
 <node id="12231874655" visible="true" version="2" changeset="171239146" timestamp="2025-08-30T17:41:46Z" user="tuxcoon19" uid="21886215" lat="7.1410896" lon="-73.1227516">
  <tag k="name" v="Escuela de Ingeniería de Sistemas e Informática"/>
  <tag k="office" v="educational_institution"/>
  <tag k="opening_hours" v="Mo-Fr 08:00-17:00"/>
 </node>
 <node id="12231874656" visible="true" version="1" changeset="157584969" timestamp="2024-10-07T14:27:43Z" user="JuanoDavo" uid="11097243" lat="7.1409807" lon="-73.1227539">
  <tag k="name" v="Escuela de Ingeniería Civil"/>
  <tag k="office" v="educational_institution"/>
 </node>
 <node id="12231874657" visible="true" version="1" changeset="157584969" timestamp="2024-10-07T14:27:43Z" user="JuanoDavo" uid="11097243" lat="7.1411290" lon="-73.1229944">
  <tag k="name" v="Grupo de investigación en diseño de algoritmos y procesamiento de datos multidimensionales - HDSP"/>
  <tag k="office" v="research"/>
 </node>
 <node id="12231874658" visible="true" version="2" changeset="164305061" timestamp="2025-03-30T20:53:58Z" user="Facalderonm" uid="1759764" lat="7.1407828" lon="-73.1230572"/>
 <node id="12231874659" visible="true" version="2" changeset="164305061" timestamp="2025-03-30T20:53:58Z" user="Facalderonm" uid="1759764" lat="7.1408120" lon="-73.1230569">
  <tag k="door" v="yes"/>
  <tag k="entrance" v="secondary"/>
 </node>
 <node id="12231874661" visible="true" version="1" changeset="157584969" timestamp="2024-10-07T14:27:43Z" user="JuanoDavo" uid="11097243" lat="7.1407566" lon="-73.1214783">
  <tag k="name" v="SUPERCOMPUTACIÓN Y CÁLCULO CIENTÍFICO"/>
  <tag k="office" v="research"/>
 </node>
 <node id="12231874662" visible="true" version="2" changeset="163743916" timestamp="2025-03-17T17:55:15Z" user="tuxcoon19" uid="21886215" lat="7.1403100" lon="-73.1209159">
  <tag k="access" v="permissive"/>
  <tag k="amenity" v="toilets"/>
  <tag k="fee" v="no"/>
 </node>
 <node id="12238458851" visible="true" version="2" changeset="164305061" timestamp="2025-03-30T20:53:58Z" user="Facalderonm" uid="1759764" lat="7.1406416" lon="-73.1212318"/>
 <node id="12238458852" visible="true" version="2" changeset="164305061" timestamp="2025-03-30T20:53:58Z" user="Facalderonm" uid="1759764" lat="7.1406433" lon="-73.1213573"/>
 <node id="12238458854" visible="true" version="4" changeset="164307816" timestamp="2025-03-30T22:46:34Z" user="Facalderonm" uid="1759764" lat="7.1404850" lon="-73.1218301"/>
 <node id="12238458855" visible="true" version="4" changeset="164307816" timestamp="2025-03-30T22:46:34Z" user="Facalderonm" uid="1759764" lat="7.1404807" lon="-73.1215627"/>
 <node id="12238458856" visible="true" version="2" changeset="164305061" timestamp="2025-03-30T20:53:58Z" user="Facalderonm" uid="1759764" lat="7.1405936" lon="-73.1215619"/>
 <node id="12238458857" visible="true" version="2" changeset="164302575" timestamp="2025-03-30T19:41:52Z" user="Facalderonm" uid="1759764" lat="7.1403192" lon="-73.1221730"/>
 <node id="12238458858" visible="true" version="2" changeset="164302575" timestamp="2025-03-30T19:41:52Z" user="Facalderonm" uid="1759764" lat="7.1403812" lon="-73.1221720"/>
 <node id="12238458859" visible="true" version="2" changeset="164302575" timestamp="2025-03-30T19:41:52Z" user="Facalderonm" uid="1759764" lat="7.1403842" lon="-73.1223693"/>
 <node id="12238458860" visible="true" version="2" changeset="164302575" timestamp="2025-03-30T19:41:52Z" user="Facalderonm" uid="1759764" lat="7.1403223" lon="-73.1223703"/>
 <node id="12238458861" visible="true" version="1" changeset="157675528" timestamp="2024-10-09T14:28:59Z" user="JuanoDavo" uid="11097243" lat="7.1401186" lon="-73.1220358">
  <tag k="shop" v="stationery"/>
 </node>
 <node id="12238458862" visible="true" version="3" changeset="165037046" timestamp="2025-04-16T16:33:47Z" user="Facalderonm" uid="1759764" lat="7.1401451" lon="-73.1219495"/>
 <node id="12238458864" visible="true" version="2" changeset="164302575" timestamp="2025-03-30T19:41:52Z" user="Facalderonm" uid="1759764" lat="7.1399726" lon="-73.1221240"/>
 <node id="12238458865" visible="true" version="2" changeset="164302575" timestamp="2025-03-30T19:41:52Z" user="Facalderonm" uid="1759764" lat="7.1399717" lon="-73.1220628"/>
 <node id="12238458866" visible="true" version="2" changeset="164300738" timestamp="2025-03-30T19:00:03Z" user="Facalderonm" uid="1759764" lat="7.1396889" lon="-73.1221281"/>
 <node id="12238458867" visible="true" version="4" changeset="164305061" timestamp="2025-03-30T20:53:58Z" user="Facalderonm" uid="1759764" lat="7.1402155" lon="-73.1231018"/>
 <node id="12238458868" visible="true" version="2" changeset="164302575" timestamp="2025-03-30T19:41:52Z" user="Facalderonm" uid="1759764" lat="7.1402052" lon="-73.1226454"/>
 <node id="12238458869" visible="true" version="2" changeset="164302575" timestamp="2025-03-30T19:41:52Z" user="Facalderonm" uid="1759764" lat="7.1402658" lon="-73.1226440"/>
 <node id="12238458870" visible="true" version="3" changeset="164305061" timestamp="2025-03-30T20:53:58Z" user="Facalderonm" uid="1759764" lat="7.1402610" lon="-73.1224354"/>
 <node id="12238458872" visible="true" version="1" changeset="157675528" timestamp="2024-10-09T14:28:59Z" user="JuanoDavo" uid="11097243" lat="7.1409645" lon="-73.1206118"/>
 <node id="12238458873" visible="true" version="1" changeset="157675528" timestamp="2024-10-09T14:28:59Z" user="JuanoDavo" uid="11097243" lat="7.1410659" lon="-73.1204415"/>
 <node id="12238458874" visible="true" version="1" changeset="157675528" timestamp="2024-10-09T14:28:59Z" user="JuanoDavo" uid="11097243" lat="7.1409882" lon="-73.1203977"/>
 <node id="12238458875" visible="true" version="4" changeset="164307816" timestamp="2025-03-30T22:46:34Z" user="Facalderonm" uid="1759764" lat="7.1404698" lon="-73.1208819"/>
 <node id="12238458876" visible="true" version="2" changeset="164300738" timestamp="2025-03-30T19:00:03Z" user="Facalderonm" uid="1759764" lat="7.1402358" lon="-73.1208846">
  <tag k="access" v="permissive"/>
  <tag k="entrance" v="yes"/>
 </node>
 <node id="12238458877" visible="true" version="2" changeset="164305061" timestamp="2025-03-30T20:53:58Z" user="Facalderonm" uid="1759764" lat="7.1418046" lon="-73.1212705"/>
 <node id="12238458878" visible="true" version="2" changeset="164305061" timestamp="2025-03-30T20:53:58Z" user="Facalderonm" uid="1759764" lat="7.1417973" lon="-73.1210087"/>
 <node id="12238458879" visible="true" version="2" changeset="164305061" timestamp="2025-03-30T20:53:58Z" user="Facalderonm" uid="1759764" lat="7.1416758" lon="-73.1209226"/>
 <node id="12258379285" visible="true" version="2" changeset="164302575" timestamp="2025-03-30T19:41:52Z" user="Facalderonm" uid="1759764" lat="7.1402493" lon="-73.1217457">
  <tag k="amenity" v="cafe"/>
 </node>
 <node id="12258379286" visible="true" version="2" changeset="164305061" timestamp="2025-03-30T20:53:58Z" user="Facalderonm" uid="1759764" lat="7.1414111" lon="-73.1211088"/>
 <node id="12258379287" visible="true" version="2" changeset="164305061" timestamp="2025-03-30T20:53:58Z" user="Facalderonm" uid="1759764" lat="7.1414109" lon="-73.1211652"/>
 <node id="12258379288" visible="true" version="1" changeset="158010170" timestamp="2024-10-17T14:13:21Z" user="JuanoDavo" uid="11097243" lat="7.1415105" lon="-73.1211656"/>
 <node id="12258379289" visible="true" version="2" changeset="164305061" timestamp="2025-03-30T20:53:58Z" user="Facalderonm" uid="1759764" lat="7.1415105" lon="-73.1211855">
  <tag k="access" v="permissive"/>
  <tag k="entrance" v="main"/>
 </node>
 <node id="12258379291" visible="true" version="2" changeset="164307755" timestamp="2025-03-30T22:43:53Z" user="Facalderonm" uid="1759764" lat="7.1405683" lon="-73.1178194">
  <tag k="leisure" v="outdoor_seating"/>
 </node>
 <node id="12258379292" visible="true" version="2" changeset="164307755" timestamp="2025-03-30T22:43:53Z" user="Facalderonm" uid="1759764" lat="7.1405169" lon="-73.1178550">
  <tag k="leisure" v="outdoor_seating"/>
 </node>
 <node id="12258379293" visible="true" version="2" changeset="164307755" timestamp="2025-03-30T22:43:53Z" user="Facalderonm" uid="1759764" lat="7.1405018" lon="-73.1177961">
  <tag k="leisure" v="outdoor_seating"/>
 </node>
 <node id="12258451062" visible="true" version="2" changeset="164305061" timestamp="2025-03-30T20:53:58Z" user="Facalderonm" uid="1759764" lat="7.1420195" lon="-73.1192166"/>
 <node id="12258451063" visible="true" version="2" changeset="164305061" timestamp="2025-03-30T20:53:58Z" user="Facalderonm" uid="1759764" lat="7.1420225" lon="-73.1198058"/>
 <node id="12258452222" visible="true" version="2" changeset="164305061" timestamp="2025-03-30T20:53:58Z" user="Facalderonm" uid="1759764" lat="7.1406661" lon="-73.1215613">
  <tag k="access" v="permissive"/>
  <tag k="entrance" v="main"/>
  <tag k="level" v="1"/>
  <tag k="wheelchair" v="yes"/>
 </node>
 <node id="12258452224" visible="true" version="1" changeset="158009962" timestamp="2024-10-17T14:09:00Z" user="JuanoDavo" uid="11097243" lat="7.1392120" lon="-73.1203875">
  <tag k="amenity" v="bench"/>
 </node>
 <node id="12258452225" visible="true" version="1" changeset="158009962" timestamp="2024-10-17T14:09:00Z" user="JuanoDavo" uid="11097243" lat="7.1399326" lon="-73.1189410"/>
 <node id="12258452226" visible="true" version="2" changeset="164307755" timestamp="2025-03-30T22:43:53Z" user="Facalderonm" uid="1759764" lat="7.1393500" lon="-73.1189467"/>
 <node id="12278706293" visible="true" version="2" changeset="164299848" timestamp="2025-03-30T18:41:33Z" user="Facalderonm" uid="1759764" lat="7.1394125" lon="-73.1218116"/>
 <node id="12278706294" visible="true" version="2" changeset="164299848" timestamp="2025-03-30T18:41:33Z" user="Facalderonm" uid="1759764" lat="7.1394075" lon="-73.1215273"/>
 <node id="12278706295" visible="true" version="2" changeset="164299848" timestamp="2025-03-30T18:41:33Z" user="Facalderonm" uid="1759764" lat="7.1386909" lon="-73.1215402"/>
 <node id="12278706296" visible="true" version="2" changeset="164299848" timestamp="2025-03-30T18:41:33Z" user="Facalderonm" uid="1759764" lat="7.1386959" lon="-73.1218245"/>
 <node id="12278735125" visible="true" version="2" changeset="164299848" timestamp="2025-03-30T18:41:33Z" user="Facalderonm" uid="1759764" lat="7.1393481" lon="-73.1229202"/>
 <node id="12278735126" visible="true" version="2" changeset="164299848" timestamp="2025-03-30T18:41:33Z" user="Facalderonm" uid="1759764" lat="7.1393426" lon="-73.1227039"/>
 <node id="12278735127" visible="true" version="2" changeset="164299848" timestamp="2025-03-30T18:41:33Z" user="Facalderonm" uid="1759764" lat="7.1389671" lon="-73.1227036"/>
 <node id="12278735128" visible="true" version="2" changeset="164299848" timestamp="2025-03-30T18:41:33Z" user="Facalderonm" uid="1759764" lat="7.1389630" lon="-73.1229301"/>
 <node id="12278735129" visible="true" version="2" changeset="164299848" timestamp="2025-03-30T18:41:33Z" user="Facalderonm" uid="1759764" lat="7.1391761" lon="-73.1226784"/>
 <node id="12278735130" visible="true" version="2" changeset="164299848" timestamp="2025-03-30T18:41:33Z" user="Facalderonm" uid="1759764" lat="7.1390675" lon="-73.1226820"/>
 <node id="12278735131" visible="true" version="2" changeset="164299848" timestamp="2025-03-30T18:41:33Z" user="Facalderonm" uid="1759764" lat="7.1390535" lon="-73.1222576"/>
 <node id="12278735132" visible="true" version="2" changeset="164299848" timestamp="2025-03-30T18:41:33Z" user="Facalderonm" uid="1759764" lat="7.1391621" lon="-73.1222540"/>
 <node id="12278735133" visible="true" version="2" changeset="164299848" timestamp="2025-03-30T18:41:33Z" user="Facalderonm" uid="1759764" lat="7.1394279" lon="-73.1226541"/>
 <node id="12278735134" visible="true" version="2" changeset="164299848" timestamp="2025-03-30T18:41:33Z" user="Facalderonm" uid="1759764" lat="7.1393193" lon="-73.1226577"/>
 <node id="12278735135" visible="true" version="2" changeset="164299848" timestamp="2025-03-30T18:41:33Z" user="Facalderonm" uid="1759764" lat="7.1393053" lon="-73.1222334"/>
 <node id="12278735136" visible="true" version="2" changeset="164299848" timestamp="2025-03-30T18:41:33Z" user="Facalderonm" uid="1759764" lat="7.1394139" lon="-73.1222297"/>
 <node id="12691304486" visible="true" version="1" changeset="163956542" timestamp="2025-03-22T17:00:14Z" user="Facalderonm" uid="1759764" lat="7.1261992" lon="-73.1202583"/>
 <node id="12691354317" visible="true" version="1" changeset="163956542" timestamp="2025-03-22T17:00:14Z" user="Facalderonm" uid="1759764" lat="7.1260964" lon="-73.1203824"/>
 <node id="12691354319" visible="true" version="1" changeset="163956542" timestamp="2025-03-22T17:00:14Z" user="Facalderonm" uid="1759764" lat="7.1259658" lon="-73.1206698"/>
 <node id="12708508723" visible="true" version="1" changeset="164227985" timestamp="2025-03-28T21:33:38Z" user="Facalderonm" uid="1759764" lat="7.1377836" lon="-73.1197939"/>
 <node id="12708508724" visible="true" version="1" changeset="164227985" timestamp="2025-03-28T21:33:38Z" user="Facalderonm" uid="1759764" lat="7.1377756" lon="-73.1196508"/>
 <node id="12708508734" visible="true" version="1" changeset="164227985" timestamp="2025-03-28T21:33:38Z" user="Facalderonm" uid="1759764" lat="7.1378106" lon="-73.1185889"/>
 <node id="12708508753" visible="true" version="1" changeset="164227985" timestamp="2025-03-28T21:33:38Z" user="Facalderonm" uid="1759764" lat="7.1380898" lon="-73.1200960"/>
 <node id="12708508754" visible="true" version="1" changeset="164227985" timestamp="2025-03-28T21:33:38Z" user="Facalderonm" uid="1759764" lat="7.1381790" lon="-73.1201203"/>
 <node id="12708508756" visible="true" version="1" changeset="164227985" timestamp="2025-03-28T21:33:38Z" user="Facalderonm" uid="1759764" lat="7.1386932" lon="-73.1175970"/>
 <node id="12708508757" visible="true" version="1" changeset="164227985" timestamp="2025-03-28T21:33:38Z" user="Facalderonm" uid="1759764" lat="7.1385182" lon="-73.1177426">
  <tag k="entrance" v="yes"/>
 </node>
 <node id="12708508759" visible="true" version="2" changeset="164310382" timestamp="2025-03-31T01:56:56Z" user="Facalderonm" uid="1759764" lat="7.1374938" lon="-73.1178345"/>
 <node id="12708508762" visible="true" version="1" changeset="164227985" timestamp="2025-03-28T21:33:38Z" user="Facalderonm" uid="1759764" lat="7.1391330" lon="-73.1173739"/>
 <node id="12708734168" visible="true" version="3" changeset="164307755" timestamp="2025-03-30T22:43:53Z" user="Facalderonm" uid="1759764" lat="7.1396395" lon="-73.1169242"/>
 <node id="12708734169" visible="true" version="2" changeset="164296571" timestamp="2025-03-30T17:14:35Z" user="Facalderonm" uid="1759764" lat="7.1401993" lon="-73.1155362"/>
 <node id="12708734170" visible="true" version="1" changeset="164231513" timestamp="2025-03-29T00:29:01Z" user="Facalderonm" uid="1759764" lat="7.1400215" lon="-73.1160993"/>
 <node id="12708734171" visible="true" version="2" changeset="164296571" timestamp="2025-03-30T17:14:35Z" user="Facalderonm" uid="1759764" lat="7.1399858" lon="-73.1162210"/>
 <node id="12708734172" visible="true" version="2" changeset="164296571" timestamp="2025-03-30T17:14:35Z" user="Facalderonm" uid="1759764" lat="7.1394584" lon="-73.1171172"/>
 <node id="12708734173" visible="true" version="2" changeset="164307755" timestamp="2025-03-30T22:43:53Z" user="Facalderonm" uid="1759764" lat="7.1393404" lon="-73.1171739"/>
 <node id="12708734174" visible="true" version="1" changeset="164231513" timestamp="2025-03-29T00:29:01Z" user="Facalderonm" uid="1759764" lat="7.1392839" lon="-73.1172882"/>
 <node id="12708734175" visible="true" version="2" changeset="164307755" timestamp="2025-03-30T22:43:53Z" user="Facalderonm" uid="1759764" lat="7.1392975" lon="-73.1172097"/>
 <node id="12714120927" visible="true" version="1" changeset="164296571" timestamp="2025-03-30T17:14:35Z" user="Facalderonm" uid="1759764" lat="7.1397308" lon="-73.1167664"/>
 <node id="12714120929" visible="true" version="2" changeset="164307755" timestamp="2025-03-30T22:43:53Z" user="Facalderonm" uid="1759764" lat="7.1395897" lon="-73.1174855"/>
 <node id="12714120930" visible="true" version="2" changeset="164307755" timestamp="2025-03-30T22:43:53Z" user="Facalderonm" uid="1759764" lat="7.1395751" lon="-73.1170992"/>
 <node id="12714120931" visible="true" version="1" changeset="164296571" timestamp="2025-03-30T17:14:35Z" user="Facalderonm" uid="1759764" lat="7.1393212" lon="-73.1173687"/>
 <node id="12714120932" visible="true" version="2" changeset="164307755" timestamp="2025-03-30T22:43:53Z" user="Facalderonm" uid="1759764" lat="7.1394252" lon="-73.1173114"/>
 <node id="12714120933" visible="true" version="1" changeset="164296571" timestamp="2025-03-30T17:14:35Z" user="Facalderonm" uid="1759764" lat="7.1393391" lon="-73.1174028"/>
 <node id="12714120934" visible="true" version="2" changeset="164307755" timestamp="2025-03-30T22:43:53Z" user="Facalderonm" uid="1759764" lat="7.1391812" lon="-73.1174216"/>
 <node id="12714120935" visible="true" version="1" changeset="164296571" timestamp="2025-03-30T17:14:35Z" user="Facalderonm" uid="1759764" lat="7.1398552" lon="-73.1165925"/>
 <node id="12714120936" visible="true" version="1" changeset="164296571" timestamp="2025-03-30T17:14:35Z" user="Facalderonm" uid="1759764" lat="7.1400409" lon="-73.1160661"/>
 <node id="12714120942" visible="true" version="1" changeset="164296571" timestamp="2025-03-30T17:14:35Z" user="Facalderonm" uid="1759764" lat="7.1401727" lon="-73.1154569"/>
 <node id="12714120943" visible="true" version="1" changeset="164296571" timestamp="2025-03-30T17:14:35Z" user="Facalderonm" uid="1759764" lat="7.1398656" lon="-73.1149665"/>
 <node id="12714120944" visible="true" version="1" changeset="164296571" timestamp="2025-03-30T17:14:35Z" user="Facalderonm" uid="1759764" lat="7.1397767" lon="-73.1148143"/>
 <node id="12714120945" visible="true" version="1" changeset="164296571" timestamp="2025-03-30T17:14:35Z" user="Facalderonm" uid="1759764" lat="7.1397515" lon="-73.1147179"/>
 <node id="12714120946" visible="true" version="1" changeset="164296571" timestamp="2025-03-30T17:14:35Z" user="Facalderonm" uid="1759764" lat="7.1397515" lon="-73.1146097"/>
 <node id="12714120947" visible="true" version="1" changeset="164296571" timestamp="2025-03-30T17:14:35Z" user="Facalderonm" uid="1759764" lat="7.1397499" lon="-73.1145099"/>
 <node id="12714120948" visible="true" version="1" changeset="164296571" timestamp="2025-03-30T17:14:35Z" user="Facalderonm" uid="1759764" lat="7.1397331" lon="-73.1144169"/>
 <node id="12714120949" visible="true" version="1" changeset="164296571" timestamp="2025-03-30T17:14:35Z" user="Facalderonm" uid="1759764" lat="7.1396374" lon="-73.1141971"/>
 <node id="12714120950" visible="true" version="1" changeset="164296571" timestamp="2025-03-30T17:14:35Z" user="Facalderonm" uid="1759764" lat="7.1395619" lon="-73.1140449"/>
 <node id="12714120951" visible="true" version="1" changeset="164296571" timestamp="2025-03-30T17:14:35Z" user="Facalderonm" uid="1759764" lat="7.1394596" lon="-73.1138859"/>
 <node id="12714120952" visible="true" version="1" changeset="164296571" timestamp="2025-03-30T17:14:35Z" user="Facalderonm" uid="1759764" lat="7.1393857" lon="-73.1137794"/>
 <node id="12714120954" visible="true" version="1" changeset="164296571" timestamp="2025-03-30T17:14:35Z" user="Facalderonm" uid="1759764" lat="7.1397608" lon="-73.1147712"/>
 <node id="12714120955" visible="true" version="1" changeset="164296571" timestamp="2025-03-30T17:14:35Z" user="Facalderonm" uid="1759764" lat="7.1391995" lon="-73.1131875"/>
 <node id="12714120965" visible="true" version="1" changeset="164296571" timestamp="2025-03-30T17:14:35Z" user="Facalderonm" uid="1759764" lat="7.1408405" lon="-73.1159558"/>
 <node id="12714120966" visible="true" version="1" changeset="164296571" timestamp="2025-03-30T17:14:35Z" user="Facalderonm" uid="1759764" lat="7.1408506" lon="-73.1157715"/>
 <node id="12714120967" visible="true" version="1" changeset="164296571" timestamp="2025-03-30T17:14:35Z" user="Facalderonm" uid="1759764" lat="7.1408187" lon="-73.1156142"/>
 <node id="12714120968" visible="true" version="1" changeset="164296571" timestamp="2025-03-30T17:14:35Z" user="Facalderonm" uid="1759764" lat="7.1397968" lon="-73.1139908"/>
 <node id="12714120970" visible="true" version="1" changeset="164296571" timestamp="2025-03-30T17:14:35Z" user="Facalderonm" uid="1759764" lat="7.1407331" lon="-73.1160290"/>
 <node id="12714120971" visible="true" version="1" changeset="164296571" timestamp="2025-03-30T17:14:35Z" user="Facalderonm" uid="1759764" lat="7.1407224" lon="-73.1159247"/>
 <node id="12714120972" visible="true" version="1" changeset="164296571" timestamp="2025-03-30T17:14:35Z" user="Facalderonm" uid="1759764" lat="7.1410233" lon="-73.1164338"/>
 <node id="12714120973" visible="true" version="1" changeset="164296571" timestamp="2025-03-30T17:14:35Z" user="Facalderonm" uid="1759764" lat="7.1408692" lon="-73.1162701"/>
 <node id="12714120974" visible="true" version="1" changeset="164296571" timestamp="2025-03-30T17:14:35Z" user="Facalderonm" uid="1759764" lat="7.1411119" lon="-73.1166165"/>
 <node id="12714120975" visible="true" version="1" changeset="164296571" timestamp="2025-03-30T17:14:35Z" user="Facalderonm" uid="1759764" lat="7.1410449" lon="-73.1165060"/>
 <node id="12714120976" visible="true" version="1" changeset="164296571" timestamp="2025-03-30T17:14:35Z" user="Facalderonm" uid="1759764" lat="7.1410130" lon="-73.1164037"/>
 <node id="12714120977" visible="true" version="1" changeset="164296571" timestamp="2025-03-30T17:14:35Z" user="Facalderonm" uid="1759764" lat="7.1410049" lon="-73.1163895"/>
 <node id="12714120978" visible="true" version="1" changeset="164296571" timestamp="2025-03-30T17:14:35Z" user="Facalderonm" uid="1759764" lat="7.1413526" lon="-73.1168150"/>
 <node id="12714120979" visible="true" version="1" changeset="164296571" timestamp="2025-03-30T17:14:35Z" user="Facalderonm" uid="1759764" lat="7.1415931" lon="-73.1170741"/>
 <node id="12714120980" visible="true" version="1" changeset="164296571" timestamp="2025-03-30T17:14:35Z" user="Facalderonm" uid="1759764" lat="7.1407733" lon="-73.1154840"/>
 <node id="12714120981" visible="true" version="1" changeset="164296571" timestamp="2025-03-30T17:14:35Z" user="Facalderonm" uid="1759764" lat="7.1408347" lon="-73.1156154"/>
 <node id="12714120982" visible="true" version="1" changeset="164296571" timestamp="2025-03-30T17:14:35Z" user="Facalderonm" uid="1759764" lat="7.1408640" lon="-73.1157667"/>
 <node id="12714120983" visible="true" version="1" changeset="164296571" timestamp="2025-03-30T17:14:35Z" user="Facalderonm" uid="1759764" lat="7.1408691" lon="-73.1159205"/>
 <node id="12714120984" visible="true" version="1" changeset="164296571" timestamp="2025-03-30T17:14:35Z" user="Facalderonm" uid="1759764" lat="7.1408640" lon="-73.1160371"/>
 <node id="12714120985" visible="true" version="1" changeset="164296571" timestamp="2025-03-30T17:14:35Z" user="Facalderonm" uid="1759764" lat="7.1408831" lon="-73.1161088"/>
 <node id="12714120986" visible="true" version="2" changeset="164441019" timestamp="2025-04-02T21:53:13Z" user="Facalderonm" uid="1759764" lat="7.1407267" lon="-73.1087027"/>
 <node id="12714120991" visible="true" version="1" changeset="164296571" timestamp="2025-03-30T17:14:35Z" user="Facalderonm" uid="1759764" lat="7.1412022" lon="-73.1160809"/>
 <node id="12714120992" visible="true" version="1" changeset="164296571" timestamp="2025-03-30T17:14:35Z" user="Facalderonm" uid="1759764" lat="7.1418429" lon="-73.1165943"/>
 <node id="12714120993" visible="true" version="1" changeset="164296571" timestamp="2025-03-30T17:14:35Z" user="Facalderonm" uid="1759764" lat="7.1426508" lon="-73.1159530"/>
 <node id="12714120994" visible="true" version="1" changeset="164296571" timestamp="2025-03-30T17:14:35Z" user="Facalderonm" uid="1759764" lat="7.1424222" lon="-73.1160994"/>
 <node id="12714120995" visible="true" version="1" changeset="164296571" timestamp="2025-03-30T17:14:35Z" user="Facalderonm" uid="1759764" lat="7.1421734" lon="-73.1167947"/>
 <node id="12714120996" visible="true" version="1" changeset="164296571" timestamp="2025-03-30T17:14:35Z" user="Facalderonm" uid="1759764" lat="7.1423126" lon="-73.1149449"/>
 <node id="12714120997" visible="true" version="1" changeset="164296571" timestamp="2025-03-30T17:14:35Z" user="Facalderonm" uid="1759764" lat="7.1426474" lon="-73.1152021"/>
 <node id="12714120998" visible="true" version="1" changeset="164296571" timestamp="2025-03-30T17:14:35Z" user="Facalderonm" uid="1759764" lat="7.1414974" lon="-73.1139834"/>
 <node id="12714129003" visible="true" version="1" changeset="164296571" timestamp="2025-03-30T17:14:35Z" user="Facalderonm" uid="1759764" lat="7.1429119" lon="-73.1220237"/>
 <node id="12714129004" visible="true" version="1" changeset="164296571" timestamp="2025-03-30T17:14:35Z" user="Facalderonm" uid="1759764" lat="7.1430860" lon="-73.1222162"/>
 <node id="12714129010" visible="true" version="1" changeset="164296571" timestamp="2025-03-30T17:14:35Z" user="Facalderonm" uid="1759764" lat="7.1418168" lon="-73.1172180"/>
 <node id="12714129025" visible="true" version="1" changeset="164296571" timestamp="2025-03-30T17:14:35Z" user="Facalderonm" uid="1759764" lat="7.1431501" lon="-73.1170868"/>
 <node id="12714129026" visible="true" version="1" changeset="164296571" timestamp="2025-03-30T17:14:35Z" user="Facalderonm" uid="1759764" lat="7.1432135" lon="-73.1171355"/>
 <node id="12714129027" visible="true" version="1" changeset="164296571" timestamp="2025-03-30T17:14:35Z" user="Facalderonm" uid="1759764" lat="7.1432742" lon="-73.1171647"/>
 <node id="12714129028" visible="true" version="1" changeset="164296571" timestamp="2025-03-30T17:14:35Z" user="Facalderonm" uid="1759764" lat="7.1434149" lon="-73.1172022"/>
 <node id="12714129029" visible="true" version="1" changeset="164296571" timestamp="2025-03-30T17:14:35Z" user="Facalderonm" uid="1759764" lat="7.1435446" lon="-73.1172231"/>
 <node id="12714129030" visible="true" version="1" changeset="164296571" timestamp="2025-03-30T17:14:35Z" user="Facalderonm" uid="1759764" lat="7.1436605" lon="-73.1172314"/>
 <node id="12714129031" visible="true" version="1" changeset="164296571" timestamp="2025-03-30T17:14:35Z" user="Facalderonm" uid="1759764" lat="7.1437226" lon="-73.1172300"/>
 <node id="12714129032" visible="true" version="1" changeset="164296571" timestamp="2025-03-30T17:14:35Z" user="Facalderonm" uid="1759764" lat="7.1437791" lon="-73.1172161"/>
 <node id="12714129033" visible="true" version="1" changeset="164296571" timestamp="2025-03-30T17:14:35Z" user="Facalderonm" uid="1759764" lat="7.1437943" lon="-73.1171897"/>
 <node id="12714129034" visible="true" version="1" changeset="164296571" timestamp="2025-03-30T17:14:35Z" user="Facalderonm" uid="1759764" lat="7.1437846" lon="-73.1171605"/>
 <node id="12714129035" visible="true" version="1" changeset="164296571" timestamp="2025-03-30T17:14:35Z" user="Facalderonm" uid="1759764" lat="7.1437446" lon="-73.1171091"/>
 <node id="12714129036" visible="true" version="1" changeset="164296571" timestamp="2025-03-30T17:14:35Z" user="Facalderonm" uid="1759764" lat="7.1434274" lon="-73.1168797"/>
 <node id="12714129037" visible="true" version="1" changeset="164296571" timestamp="2025-03-30T17:14:35Z" user="Facalderonm" uid="1759764" lat="7.1431942" lon="-73.1166572"/>
 <node id="12714129038" visible="true" version="1" changeset="164296571" timestamp="2025-03-30T17:14:35Z" user="Facalderonm" uid="1759764" lat="7.1429556" lon="-73.1165154"/>
 <node id="12714129039" visible="true" version="1" changeset="164296571" timestamp="2025-03-30T17:14:35Z" user="Facalderonm" uid="1759764" lat="7.1428742" lon="-73.1164473"/>
 <node id="12714129040" visible="true" version="1" changeset="164296571" timestamp="2025-03-30T17:14:35Z" user="Facalderonm" uid="1759764" lat="7.1428397" lon="-73.1163958"/>
 <node id="12714129041" visible="true" version="1" changeset="164296571" timestamp="2025-03-30T17:14:35Z" user="Facalderonm" uid="1759764" lat="7.1428204" lon="-73.1163124"/>
 <node id="12714129042" visible="true" version="1" changeset="164296571" timestamp="2025-03-30T17:14:35Z" user="Facalderonm" uid="1759764" lat="7.1428411" lon="-73.1162346"/>
 <node id="12714129043" visible="true" version="1" changeset="164296571" timestamp="2025-03-30T17:14:35Z" user="Facalderonm" uid="1759764" lat="7.1430673" lon="-73.1159718"/>
 <node id="12714129044" visible="true" version="1" changeset="164296571" timestamp="2025-03-30T17:14:35Z" user="Facalderonm" uid="1759764" lat="7.1429749" lon="-73.1158509"/>
 <node id="12714129045" visible="true" version="1" changeset="164296571" timestamp="2025-03-30T17:14:35Z" user="Facalderonm" uid="1759764" lat="7.1429170" lon="-73.1157535"/>
 <node id="12714129046" visible="true" version="1" changeset="164296571" timestamp="2025-03-30T17:14:35Z" user="Facalderonm" uid="1759764" lat="7.1428921" lon="-73.1156701"/>
 <node id="12714129047" visible="true" version="1" changeset="164296571" timestamp="2025-03-30T17:14:35Z" user="Facalderonm" uid="1759764" lat="7.1428880" lon="-73.1156090"/>
 <node id="12714129048" visible="true" version="1" changeset="164296571" timestamp="2025-03-30T17:14:35Z" user="Facalderonm" uid="1759764" lat="7.1427969" lon="-73.1154477"/>
 <node id="12714129049" visible="true" version="1" changeset="164296571" timestamp="2025-03-30T17:14:35Z" user="Facalderonm" uid="1759764" lat="7.1427776" lon="-73.1153851"/>
 <node id="12714129050" visible="true" version="1" changeset="164296571" timestamp="2025-03-30T17:14:35Z" user="Facalderonm" uid="1759764" lat="7.1427914" lon="-73.1153337"/>
 <node id="12714129051" visible="true" version="1" changeset="164296571" timestamp="2025-03-30T17:14:35Z" user="Facalderonm" uid="1759764" lat="7.1428645" lon="-73.1152850"/>
 <node id="12714129052" visible="true" version="1" changeset="164296571" timestamp="2025-03-30T17:14:35Z" user="Facalderonm" uid="1759764" lat="7.1429308" lon="-73.1152558"/>
 <node id="12714129053" visible="true" version="1" changeset="164296571" timestamp="2025-03-30T17:14:35Z" user="Facalderonm" uid="1759764" lat="7.1429666" lon="-73.1152058"/>
 <node id="12714129054" visible="true" version="1" changeset="164296571" timestamp="2025-03-30T17:14:35Z" user="Facalderonm" uid="1759764" lat="7.1429587" lon="-73.1151547"/>
 <node id="12714129071" visible="true" version="1" changeset="164296571" timestamp="2025-03-30T17:14:35Z" user="Facalderonm" uid="1759764" lat="7.1443528" lon="-73.1169585"/>
 <node id="12714129072" visible="true" version="1" changeset="164296571" timestamp="2025-03-30T17:14:35Z" user="Facalderonm" uid="1759764" lat="7.1441716" lon="-73.1178228"/>
 <node id="12714129073" visible="true" version="1" changeset="164296571" timestamp="2025-03-30T17:14:35Z" user="Facalderonm" uid="1759764" lat="7.1438769" lon="-73.1172356"/>
 <node id="12714129074" visible="true" version="1" changeset="164296571" timestamp="2025-03-30T17:14:35Z" user="Facalderonm" uid="1759764" lat="7.1458848" lon="-73.1170070"/>
 <node id="12714129075" visible="true" version="1" changeset="164296571" timestamp="2025-03-30T17:14:35Z" user="Facalderonm" uid="1759764" lat="7.1452912" lon="-73.1169104"/>
 <node id="12714129076" visible="true" version="1" changeset="164296571" timestamp="2025-03-30T17:14:35Z" user="Facalderonm" uid="1759764" lat="7.1449544" lon="-73.1168809"/>
 <node id="12714129077" visible="true" version="1" changeset="164296571" timestamp="2025-03-30T17:14:35Z" user="Facalderonm" uid="1759764" lat="7.1444949" lon="-73.1174473"/>
 <node id="12714129078" visible="true" version="1" changeset="164296571" timestamp="2025-03-30T17:14:35Z" user="Facalderonm" uid="1759764" lat="7.1444959" lon="-73.1177209"/>
 <node id="12714129093" visible="true" version="1" changeset="164296571" timestamp="2025-03-30T17:14:35Z" user="Facalderonm" uid="1759764" lat="7.1447536" lon="-73.1170742"/>
 <node id="12714129094" visible="true" version="1" changeset="164296571" timestamp="2025-03-30T17:14:35Z" user="Facalderonm" uid="1759764" lat="7.1447714" lon="-73.1174137"/>
 <node id="12714129099" visible="true" version="1" changeset="164296571" timestamp="2025-03-30T17:14:35Z" user="Facalderonm" uid="1759764" lat="7.1475362" lon="-73.1146444"/>
 <node id="12714129100" visible="true" version="1" changeset="164296571" timestamp="2025-03-30T17:14:35Z" user="Facalderonm" uid="1759764" lat="7.1479595" lon="-73.1160832"/>
 <node id="12714129101" visible="true" version="1" changeset="164296571" timestamp="2025-03-30T17:14:35Z" user="Facalderonm" uid="1759764" lat="7.1481657" lon="-73.1147621"/>
 <node id="12714129102" visible="true" version="1" changeset="164296571" timestamp="2025-03-30T17:14:35Z" user="Facalderonm" uid="1759764" lat="7.1484700" lon="-73.1149732"/>
 <node id="12714129103" visible="true" version="2" changeset="164297914" timestamp="2025-03-30T17:50:05Z" user="Facalderonm" uid="1759764" lat="7.1487504" lon="-73.1152674"/>
 <node id="12714129104" visible="true" version="2" changeset="164297914" timestamp="2025-03-30T17:50:05Z" user="Facalderonm" uid="1759764" lat="7.1487597" lon="-73.1153475"/>
 <node id="12714129105" visible="true" version="1" changeset="164296571" timestamp="2025-03-30T17:14:35Z" user="Facalderonm" uid="1759764" lat="7.1483708" lon="-73.1157207"/>
 <node id="12714129106" visible="true" version="1" changeset="164296571" timestamp="2025-03-30T17:14:35Z" user="Facalderonm" uid="1759764" lat="7.1474217" lon="-73.1164982"/>
 <node id="12714129107" visible="true" version="1" changeset="164296571" timestamp="2025-03-30T17:14:35Z" user="Facalderonm" uid="1759764" lat="7.1462715" lon="-73.1167283"/>
 <node id="12714129108" visible="true" version="1" changeset="164296571" timestamp="2025-03-30T17:14:35Z" user="Facalderonm" uid="1759764" lat="7.1464836" lon="-73.1166204"/>
 <node id="12714129109" visible="true" version="1" changeset="164296571" timestamp="2025-03-30T17:14:35Z" user="Facalderonm" uid="1759764" lat="7.1468275" lon="-73.1169630"/>
 <node id="12714162887" visible="true" version="1" changeset="164297914" timestamp="2025-03-30T17:50:05Z" user="Facalderonm" uid="1759764" lat="7.1445060" lon="-73.1199270"/>
 <node id="12714162888" visible="true" version="1" changeset="164297914" timestamp="2025-03-30T17:50:05Z" user="Facalderonm" uid="1759764" lat="7.1442269" lon="-73.1196347"/>
 <node id="12714162889" visible="true" version="1" changeset="164297914" timestamp="2025-03-30T17:50:05Z" user="Facalderonm" uid="1759764" lat="7.1437742" lon="-73.1200226"/>
 <node id="12714162890" visible="true" version="1" changeset="164297914" timestamp="2025-03-30T17:50:05Z" user="Facalderonm" uid="1759764" lat="7.1436251" lon="-73.1201073"/>
 <node id="12714162891" visible="true" version="1" changeset="164297914" timestamp="2025-03-30T17:50:05Z" user="Facalderonm" uid="1759764" lat="7.1434192" lon="-73.1201073"/>
 <node id="12714162892" visible="true" version="1" changeset="164297914" timestamp="2025-03-30T17:50:05Z" user="Facalderonm" uid="1759764" lat="7.1434137" lon="-73.1207793"/>
 <node id="12714162898" visible="true" version="1" changeset="164297914" timestamp="2025-03-30T17:50:05Z" user="Facalderonm" uid="1759764" lat="7.1427117" lon="-73.1222188"/>
 <node id="12714190502" visible="true" version="1" changeset="164297914" timestamp="2025-03-30T17:50:05Z" user="Facalderonm" uid="1759764" lat="7.1429177" lon="-73.1234536"/>
 <node id="12714190503" visible="true" version="2" changeset="164299848" timestamp="2025-03-30T18:41:33Z" user="Facalderonm" uid="1759764" lat="7.1433503" lon="-73.1230452"/>
 <node id="12714190504" visible="true" version="1" changeset="164297914" timestamp="2025-03-30T17:50:05Z" user="Facalderonm" uid="1759764" lat="7.1436794" lon="-73.1232869"/>
 <node id="12714190505" visible="true" version="1" changeset="164297914" timestamp="2025-03-30T17:50:05Z" user="Facalderonm" uid="1759764" lat="7.1441157" lon="-73.1229018"/>
 <node id="12714190506" visible="true" version="1" changeset="164297914" timestamp="2025-03-30T17:50:05Z" user="Facalderonm" uid="1759764" lat="7.1442404" lon="-73.1227515"/>
 <node id="12714190507" visible="true" version="1" changeset="164297914" timestamp="2025-03-30T17:50:05Z" user="Facalderonm" uid="1759764" lat="7.1450752" lon="-73.1223991"/>
 <node id="12714190508" visible="true" version="1" changeset="164297914" timestamp="2025-03-30T17:50:05Z" user="Facalderonm" uid="1759764" lat="7.1458016" lon="-73.1221123"/>
 <node id="12714190509" visible="true" version="1" changeset="164297914" timestamp="2025-03-30T17:50:05Z" user="Facalderonm" uid="1759764" lat="7.1464088" lon="-73.1223418"/>
 <node id="12714190510" visible="true" version="1" changeset="164297914" timestamp="2025-03-30T17:50:05Z" user="Facalderonm" uid="1759764" lat="7.1466093" lon="-73.1221724"/>
 <node id="12714190511" visible="true" version="1" changeset="164297914" timestamp="2025-03-30T17:50:05Z" user="Facalderonm" uid="1759764" lat="7.1467503" lon="-73.1221451"/>
 <node id="12714190512" visible="true" version="1" changeset="164297914" timestamp="2025-03-30T17:50:05Z" user="Facalderonm" uid="1759764" lat="7.1467909" lon="-73.1220085"/>
 <node id="12714190513" visible="true" version="1" changeset="164297914" timestamp="2025-03-30T17:50:05Z" user="Facalderonm" uid="1759764" lat="7.1467449" lon="-73.1219648"/>
 <node id="12714190514" visible="true" version="1" changeset="164297914" timestamp="2025-03-30T17:50:05Z" user="Facalderonm" uid="1759764" lat="7.1465470" lon="-73.1219430"/>
 <node id="12714190515" visible="true" version="1" changeset="164297914" timestamp="2025-03-30T17:50:05Z" user="Facalderonm" uid="1759764" lat="7.1462380" lon="-73.1218747"/>
 <node id="12714190516" visible="true" version="1" changeset="164297914" timestamp="2025-03-30T17:50:05Z" user="Facalderonm" uid="1759764" lat="7.1459507" lon="-73.1217299"/>
 <node id="12714190517" visible="true" version="1" changeset="164297914" timestamp="2025-03-30T17:50:05Z" user="Facalderonm" uid="1759764" lat="7.1455956" lon="-73.1214485"/>
 <node id="12714190518" visible="true" version="1" changeset="164297914" timestamp="2025-03-30T17:50:05Z" user="Facalderonm" uid="1759764" lat="7.1451023" lon="-73.1209923"/>
 <node id="12714190519" visible="true" version="1" changeset="164297914" timestamp="2025-03-30T17:50:05Z" user="Facalderonm" uid="1759764" lat="7.1447147" lon="-73.1205717"/>
 <node id="12714190520" visible="true" version="1" changeset="164297914" timestamp="2025-03-30T17:50:05Z" user="Facalderonm" uid="1759764" lat="7.1445413" lon="-73.1203449"/>
 <node id="12714190521" visible="true" version="1" changeset="164297914" timestamp="2025-03-30T17:50:05Z" user="Facalderonm" uid="1759764" lat="7.1444708" lon="-73.1201346"/>
 <node id="12714190657" visible="true" version="1" changeset="164297914" timestamp="2025-03-30T17:50:05Z" user="Facalderonm" uid="1759764" lat="7.1494704" lon="-73.1148150"/>
 <node id="12714190675" visible="true" version="1" changeset="164297914" timestamp="2025-03-30T17:50:05Z" user="Facalderonm" uid="1759764" lat="7.1492506" lon="-73.1138101"/>
 <node id="12714190676" visible="true" version="1" changeset="164297914" timestamp="2025-03-30T17:50:05Z" user="Facalderonm" uid="1759764" lat="7.1497886" lon="-73.1129095"/>
 <node id="12714190677" visible="true" version="1" changeset="164297914" timestamp="2025-03-30T17:50:05Z" user="Facalderonm" uid="1759764" lat="7.1499179" lon="-73.1118222"/>
 <node id="12714190678" visible="true" version="1" changeset="164297914" timestamp="2025-03-30T17:50:05Z" user="Facalderonm" uid="1759764" lat="7.1498880" lon="-73.1122744"/>
 <node id="12714190679" visible="true" version="1" changeset="164297914" timestamp="2025-03-30T17:50:05Z" user="Facalderonm" uid="1759764" lat="7.1494475" lon="-73.1132898"/>
 <node id="12714190680" visible="true" version="1" changeset="164297914" timestamp="2025-03-30T17:50:05Z" user="Facalderonm" uid="1759764" lat="7.1496364" lon="-73.1110215"/>
 <node id="12714190681" visible="true" version="1" changeset="164297914" timestamp="2025-03-30T17:50:05Z" user="Facalderonm" uid="1759764" lat="7.1495400" lon="-73.1091628"/>
 <node id="12714190742" visible="true" version="1" changeset="164297914" timestamp="2025-03-30T17:50:05Z" user="Facalderonm" uid="1759764" lat="7.1496310" lon="-73.1077015"/>
 <node id="12714286769" visible="true" version="1" changeset="164300738" timestamp="2025-03-30T19:00:03Z" user="Facalderonm" uid="1759764" lat="7.1392007" lon="-73.1209898">
  <tag k="entrance" v="yes"/>
 </node>
 <node id="12714286770" visible="true" version="1" changeset="164300738" timestamp="2025-03-30T19:00:03Z" user="Facalderonm" uid="1759764" lat="7.1391927" lon="-73.1207452"/>
 <node id="12714286771" visible="true" version="1" changeset="164300738" timestamp="2025-03-30T19:00:03Z" user="Facalderonm" uid="1759764" lat="7.1392846" lon="-73.1209461"/>
 <node id="12714286772" visible="true" version="1" changeset="164300738" timestamp="2025-03-30T19:00:03Z" user="Facalderonm" uid="1759764" lat="7.1389309" lon="-73.1209550"/>
 <node id="12714286773" visible="true" version="1" changeset="164300738" timestamp="2025-03-30T19:00:03Z" user="Facalderonm" uid="1759764" lat="7.1392795" lon="-73.1207418"/>
 <node id="12714286774" visible="true" version="1" changeset="164300738" timestamp="2025-03-30T19:00:03Z" user="Facalderonm" uid="1759764" lat="7.1391993" lon="-73.1209482"/>
 <node id="12714286775" visible="true" version="1" changeset="164300738" timestamp="2025-03-30T19:00:03Z" user="Facalderonm" uid="1759764" lat="7.1397214" lon="-73.1229741"/>
 <node id="12714286776" visible="true" version="1" changeset="164300738" timestamp="2025-03-30T19:00:03Z" user="Facalderonm" uid="1759764" lat="7.1396574" lon="-73.1202770"/>
 <node id="12714286778" visible="true" version="1" changeset="164300738" timestamp="2025-03-30T19:00:03Z" user="Facalderonm" uid="1759764" lat="7.1396609" lon="-73.1205285"/>
 <node id="12714286779" visible="true" version="1" changeset="164300738" timestamp="2025-03-30T19:00:03Z" user="Facalderonm" uid="1759764" lat="7.1393351" lon="-73.1202033"/>
 <node id="12714286780" visible="true" version="1" changeset="164300738" timestamp="2025-03-30T19:00:03Z" user="Facalderonm" uid="1759764" lat="7.1398504" lon="-73.1202258">
  <tag k="name" v="Plazoleta Ché"/>
  <tag k="place" v="square"/>
 </node>
 <node id="12714286781" visible="true" version="4" changeset="164307816" timestamp="2025-03-30T22:46:34Z" user="Facalderonm" uid="1759764" lat="7.1404607" lon="-73.1203138"/>
 <node id="12714286783" visible="true" version="2" changeset="164302575" timestamp="2025-03-30T19:41:52Z" user="Facalderonm" uid="1759764" lat="7.1390651" lon="-73.1202215"/>
 <node id="12714286784" visible="true" version="2" changeset="164302575" timestamp="2025-03-30T19:41:52Z" user="Facalderonm" uid="1759764" lat="7.1390658" lon="-73.1202744"/>
 <node id="12714286785" visible="true" version="1" changeset="164300738" timestamp="2025-03-30T19:00:03Z" user="Facalderonm" uid="1759764" lat="7.1392701" lon="-73.1203659"/>
 <node id="12714286786" visible="true" version="1" changeset="164300738" timestamp="2025-03-30T19:00:03Z" user="Facalderonm" uid="1759764" lat="7.1395762" lon="-73.1197839"/>
 <node id="12714286787" visible="true" version="1" changeset="164300738" timestamp="2025-03-30T19:00:03Z" user="Facalderonm" uid="1759764" lat="7.1395753" lon="-73.1196885"/>
 <node id="12714286788" visible="true" version="1" changeset="164300738" timestamp="2025-03-30T19:00:03Z" user="Facalderonm" uid="1759764" lat="7.1398103" lon="-73.1200812"/>
 <node id="12714286789" visible="true" version="1" changeset="164300738" timestamp="2025-03-30T19:00:03Z" user="Facalderonm" uid="1759764" lat="7.1398722" lon="-73.1200640"/>
 <node id="12714286790" visible="true" version="1" changeset="164300738" timestamp="2025-03-30T19:00:03Z" user="Facalderonm" uid="1759764" lat="7.1396387" lon="-73.1200729"/>
 <node id="12714286791" visible="true" version="2" changeset="164302575" timestamp="2025-03-30T19:41:52Z" user="Facalderonm" uid="1759764" lat="7.1393335" lon="-73.1201450"/>
 <node id="12714286792" visible="true" version="2" changeset="164302575" timestamp="2025-03-30T19:41:52Z" user="Facalderonm" uid="1759764" lat="7.1392996" lon="-73.1203293"/>
 <node id="12714286793" visible="true" version="2" changeset="164302575" timestamp="2025-03-30T19:41:52Z" user="Facalderonm" uid="1759764" lat="7.1393384" lon="-73.1203288"/>
 <node id="12714286794" visible="true" version="2" changeset="164302575" timestamp="2025-03-30T19:41:52Z" user="Facalderonm" uid="1759764" lat="7.1396580" lon="-73.1203245"/>
 <node id="12714286795" visible="true" version="1" changeset="164300738" timestamp="2025-03-30T19:00:03Z" user="Facalderonm" uid="1759764" lat="7.1399823" lon="-73.1208952"/>
 <node id="12714286796" visible="true" version="2" changeset="164305061" timestamp="2025-03-30T20:53:58Z" user="Facalderonm" uid="1759764" lat="7.1399994" lon="-73.1211704"/>
 <node id="12714286797" visible="true" version="1" changeset="164300738" timestamp="2025-03-30T19:00:03Z" user="Facalderonm" uid="1759764" lat="7.1399965" lon="-73.1207928"/>
 <node id="12714286798" visible="true" version="1" changeset="164300738" timestamp="2025-03-30T19:00:03Z" user="Facalderonm" uid="1759764" lat="7.1400840" lon="-73.1207922"/>
 <node id="12714286799" visible="true" version="1" changeset="164300738" timestamp="2025-03-30T19:00:03Z" user="Facalderonm" uid="1759764" lat="7.1400800" lon="-73.1202697"/>
 <node id="12714286800" visible="true" version="2" changeset="164302575" timestamp="2025-03-30T19:41:52Z" user="Facalderonm" uid="1759764" lat="7.1400804" lon="-73.1203189"/>
 <node id="12714325337" visible="true" version="1" changeset="164299848" timestamp="2025-03-30T18:41:33Z" user="Facalderonm" uid="1759764" lat="7.1434551" lon="-73.1204114"/>
 <node id="12714325338" visible="true" version="1" changeset="164299848" timestamp="2025-03-30T18:41:33Z" user="Facalderonm" uid="1759764" lat="7.1424303" lon="-73.1224675"/>
 <node id="12714325339" visible="true" version="1" changeset="164299848" timestamp="2025-03-30T18:41:33Z" user="Facalderonm" uid="1759764" lat="7.1423217" lon="-73.1226093"/>
 <node id="12714325340" visible="true" version="1" changeset="164299848" timestamp="2025-03-30T18:41:33Z" user="Facalderonm" uid="1759764" lat="7.1420970" lon="-73.1229127"/>
 <node id="12714325341" visible="true" version="3" changeset="164791739" timestamp="2025-04-10T23:45:51Z" user="Facalderonm" uid="1759764" lat="7.1422886" lon="-73.1235982"/>
 <node id="12714325342" visible="true" version="1" changeset="164299848" timestamp="2025-03-30T18:41:33Z" user="Facalderonm" uid="1759764" lat="7.1418550" lon="-73.1232230"/>
 <node id="12714325343" visible="true" version="1" changeset="164299848" timestamp="2025-03-30T18:41:33Z" user="Facalderonm" uid="1759764" lat="7.1417889" lon="-73.1232630"/>
 <node id="12714325344" visible="true" version="1" changeset="164299848" timestamp="2025-03-30T18:41:33Z" user="Facalderonm" uid="1759764" lat="7.1411078" lon="-73.1234867"/>
 <node id="12714325346" visible="true" version="3" changeset="164791739" timestamp="2025-04-10T23:45:51Z" user="Facalderonm" uid="1759764" lat="7.1424668" lon="-73.1233017"/>
 <node id="12714325347" visible="true" version="1" changeset="164299848" timestamp="2025-03-30T18:41:33Z" user="Facalderonm" uid="1759764" lat="7.1419691" lon="-73.1230056"/>
 <node id="12714325349" visible="true" version="1" changeset="164299848" timestamp="2025-03-30T18:41:33Z" user="Facalderonm" uid="1759764" lat="7.1431107" lon="-73.1209239"/>
 <node id="12714325360" visible="true" version="1" changeset="164299848" timestamp="2025-03-30T18:41:33Z" user="Facalderonm" uid="1759764" lat="7.1408291" lon="-73.1233863"/>
 <node id="12714325361" visible="true" version="2" changeset="164791739" timestamp="2025-04-10T23:45:51Z" user="Facalderonm" uid="1759764" lat="7.1408657" lon="-73.1234492"/>
 <node id="12714325362" visible="true" version="1" changeset="164299848" timestamp="2025-03-30T18:41:33Z" user="Facalderonm" uid="1759764" lat="7.1400238" lon="-73.1232271"/>
 <node id="12714325363" visible="true" version="3" changeset="164305061" timestamp="2025-03-30T20:53:58Z" user="Facalderonm" uid="1759764" lat="7.1400602" lon="-73.1230668"/>
 <node id="12714325364" visible="true" version="1" changeset="164299848" timestamp="2025-03-30T18:41:33Z" user="Facalderonm" uid="1759764" lat="7.1399083" lon="-73.1232042"/>
 <node id="12714325365" visible="true" version="1" changeset="164299848" timestamp="2025-03-30T18:41:33Z" user="Facalderonm" uid="1759764" lat="7.1408574" lon="-73.1232465"/>
 <node id="12714325366" visible="true" version="2" changeset="164305061" timestamp="2025-03-30T20:53:58Z" user="Facalderonm" uid="1759764" lat="7.1400088" lon="-73.1231446"/>
 <node id="12714325367" visible="true" version="1" changeset="164299848" timestamp="2025-03-30T18:41:33Z" user="Facalderonm" uid="1759764" lat="7.1400179" lon="-73.1230993"/>
 <node id="12714325368" visible="true" version="1" changeset="164299848" timestamp="2025-03-30T18:41:33Z" user="Facalderonm" uid="1759764" lat="7.1399698" lon="-73.1230895"/>
 <node id="12714325369" visible="true" version="2" changeset="164305061" timestamp="2025-03-30T20:53:58Z" user="Facalderonm" uid="1759764" lat="7.1399607" lon="-73.1231349"/>
 <node id="12714325370" visible="true" version="1" changeset="164299848" timestamp="2025-03-30T18:41:33Z" user="Facalderonm" uid="1759764" lat="7.1384802" lon="-73.1224043"/>
 <node id="12714325371" visible="true" version="1" changeset="164299848" timestamp="2025-03-30T18:41:33Z" user="Facalderonm" uid="1759764" lat="7.1384293" lon="-73.1224398"/>
 <node id="12714325376" visible="true" version="1" changeset="164299848" timestamp="2025-03-30T18:41:33Z" user="Facalderonm" uid="1759764" lat="7.1394468" lon="-73.1227210"/>
 <node id="12714325377" visible="true" version="1" changeset="164299848" timestamp="2025-03-30T18:41:33Z" user="Facalderonm" uid="1759764" lat="7.1394312" lon="-73.1222115"/>
 <node id="12714325378" visible="true" version="1" changeset="164299848" timestamp="2025-03-30T18:41:33Z" user="Facalderonm" uid="1759764" lat="7.1392844" lon="-73.1222161"/>
 <node id="12714325379" visible="true" version="1" changeset="164299848" timestamp="2025-03-30T18:41:33Z" user="Facalderonm" uid="1759764" lat="7.1392994" lon="-73.1227028"/>
 <node id="12714325380" visible="true" version="1" changeset="164299848" timestamp="2025-03-30T18:41:33Z" user="Facalderonm" uid="1759764" lat="7.1392072" lon="-73.1227057"/>
 <node id="12714325381" visible="true" version="1" changeset="164299848" timestamp="2025-03-30T18:41:33Z" user="Facalderonm" uid="1759764" lat="7.1391916" lon="-73.1222002"/>
 <node id="12714325382" visible="true" version="1" changeset="164299848" timestamp="2025-03-30T18:41:33Z" user="Facalderonm" uid="1759764" lat="7.1390306" lon="-73.1222052"/>
 <node id="12714325383" visible="true" version="1" changeset="164299848" timestamp="2025-03-30T18:41:33Z" user="Facalderonm" uid="1759764" lat="7.1390459" lon="-73.1227011"/>
 <node id="12714325384" visible="true" version="1" changeset="164299848" timestamp="2025-03-30T18:41:33Z" user="Facalderonm" uid="1759764" lat="7.1389517" lon="-73.1222007"/>
 <node id="12714325385" visible="true" version="1" changeset="164299848" timestamp="2025-03-30T18:41:33Z" user="Facalderonm" uid="1759764" lat="7.1387060" lon="-73.1222083"/>
 <node id="12714325386" visible="true" version="1" changeset="164299848" timestamp="2025-03-30T18:41:33Z" user="Facalderonm" uid="1759764" lat="7.1387181" lon="-73.1226076"/>
 <node id="12714325387" visible="true" version="1" changeset="164299848" timestamp="2025-03-30T18:41:33Z" user="Facalderonm" uid="1759764" lat="7.1385994" lon="-73.1226112"/>
 <node id="12714325388" visible="true" version="1" changeset="164299848" timestamp="2025-03-30T18:41:33Z" user="Facalderonm" uid="1759764" lat="7.1385843" lon="-73.1221131"/>
 <node id="12714325389" visible="true" version="1" changeset="164299848" timestamp="2025-03-30T18:41:33Z" user="Facalderonm" uid="1759764" lat="7.1387183" lon="-73.1221090"/>
 <node id="12714325390" visible="true" version="1" changeset="164299848" timestamp="2025-03-30T18:41:33Z" user="Facalderonm" uid="1759764" lat="7.1387200" lon="-73.1221650"/>
 <node id="12714325391" visible="true" version="1" changeset="164299848" timestamp="2025-03-30T18:41:33Z" user="Facalderonm" uid="1759764" lat="7.1388123" lon="-73.1221621"/>
 <node id="12714325392" visible="true" version="1" changeset="164299848" timestamp="2025-03-30T18:41:33Z" user="Facalderonm" uid="1759764" lat="7.1388031" lon="-73.1218575"/>
 <node id="12714325393" visible="true" version="1" changeset="164299848" timestamp="2025-03-30T18:41:33Z" user="Facalderonm" uid="1759764" lat="7.1389038" lon="-73.1218544"/>
 <node id="12714325394" visible="true" version="1" changeset="164299848" timestamp="2025-03-30T18:41:33Z" user="Facalderonm" uid="1759764" lat="7.1389133" lon="-73.1221712"/>
 <node id="12714325395" visible="true" version="1" changeset="164299848" timestamp="2025-03-30T18:41:33Z" user="Facalderonm" uid="1759764" lat="7.1390601" lon="-73.1221667"/>
 <node id="12714325396" visible="true" version="1" changeset="164299848" timestamp="2025-03-30T18:41:33Z" user="Facalderonm" uid="1759764" lat="7.1390509" lon="-73.1218588"/>
 <node id="12714325397" visible="true" version="1" changeset="164299848" timestamp="2025-03-30T18:41:33Z" user="Facalderonm" uid="1759764" lat="7.1391565" lon="-73.1218555"/>
 <node id="12714325398" visible="true" version="1" changeset="164299848" timestamp="2025-03-30T18:41:33Z" user="Facalderonm" uid="1759764" lat="7.1391654" lon="-73.1221509"/>
 <node id="12714325399" visible="true" version="1" changeset="164299848" timestamp="2025-03-30T18:41:33Z" user="Facalderonm" uid="1759764" lat="7.1393055" lon="-73.1221466"/>
 <node id="12714325400" visible="true" version="1" changeset="164299848" timestamp="2025-03-30T18:41:33Z" user="Facalderonm" uid="1759764" lat="7.1392960" lon="-73.1218315"/>
 <node id="12714342601" visible="true" version="1" changeset="164299848" timestamp="2025-03-30T18:41:33Z" user="Facalderonm" uid="1759764" lat="7.1394149" lon="-73.1218278"/>
 <node id="12714342602" visible="true" version="1" changeset="164299848" timestamp="2025-03-30T18:41:33Z" user="Facalderonm" uid="1759764" lat="7.1394244" lon="-73.1221374"/>
 <node id="12714342603" visible="true" version="1" changeset="164299848" timestamp="2025-03-30T18:41:33Z" user="Facalderonm" uid="1759764" lat="7.1395450" lon="-73.1221337"/>
 <node id="12714342604" visible="true" version="1" changeset="164299848" timestamp="2025-03-30T18:41:33Z" user="Facalderonm" uid="1759764" lat="7.1395629" lon="-73.1227174"/>
 <node id="12714342613" visible="true" version="1" changeset="164299848" timestamp="2025-03-30T18:41:33Z" user="Facalderonm" uid="1759764" lat="7.1387115" lon="-73.1202933"/>
 <node id="12714342614" visible="true" version="1" changeset="164299848" timestamp="2025-03-30T18:41:33Z" user="Facalderonm" uid="1759764" lat="7.1386499" lon="-73.1214653"/>
 <node id="12714342616" visible="true" version="1" changeset="164299848" timestamp="2025-03-30T18:41:33Z" user="Facalderonm" uid="1759764" lat="7.1388703" lon="-73.1202099"/>
 <node id="12714342617" visible="true" version="2" changeset="164300738" timestamp="2025-03-30T19:00:03Z" user="Facalderonm" uid="1759764" lat="7.1387697" lon="-73.1202627">
  <tag k="highway" v="crossing"/>
 </node>
 <node id="12714342618" visible="true" version="2" changeset="164300738" timestamp="2025-03-30T19:00:03Z" user="Facalderonm" uid="1759764" lat="7.1392573" lon="-73.1201919"/>
 <node id="12714342619" visible="true" version="2" changeset="164300738" timestamp="2025-03-30T19:00:03Z" user="Facalderonm" uid="1759764" lat="7.1392966" lon="-73.1201665"/>
 <node id="12714342620" visible="true" version="3" changeset="164302575" timestamp="2025-03-30T19:41:52Z" user="Facalderonm" uid="1759764" lat="7.1393156" lon="-73.1201452"/>
 <node id="12714342622" visible="true" version="3" changeset="164302575" timestamp="2025-03-30T19:41:52Z" user="Facalderonm" uid="1759764" lat="7.1390649" lon="-73.1202074">
  <tag k="entrance" v="yes"/>
 </node>
 <node id="12714342623" visible="true" version="1" changeset="164299848" timestamp="2025-03-30T18:41:33Z" user="Facalderonm" uid="1759764" lat="7.1393184" lon="-73.1193556"/>
 <node id="12714342624" visible="true" version="1" changeset="164299848" timestamp="2025-03-30T18:41:33Z" user="Facalderonm" uid="1759764" lat="7.1392840" lon="-73.1191059"/>
 <node id="12714342625" visible="true" version="2" changeset="164307755" timestamp="2025-03-30T22:43:53Z" user="Facalderonm" uid="1759764" lat="7.1392446" lon="-73.1172445"/>
 <node id="12714342627" visible="true" version="1" changeset="164299848" timestamp="2025-03-30T18:41:33Z" user="Facalderonm" uid="1759764" lat="7.1392738" lon="-73.1201075"/>
 <node id="12714342628" visible="true" version="1" changeset="164299848" timestamp="2025-03-30T18:41:33Z" user="Facalderonm" uid="1759764" lat="7.1392510" lon="-73.1201430"/>
 <node id="12714342629" visible="true" version="1" changeset="164299848" timestamp="2025-03-30T18:41:33Z" user="Facalderonm" uid="1759764" lat="7.1392990" lon="-73.1215036"/>
 <node id="12714342630" visible="true" version="1" changeset="164299848" timestamp="2025-03-30T18:41:33Z" user="Facalderonm" uid="1759764" lat="7.1392971" lon="-73.1214448"/>
 <node id="12714342631" visible="true" version="1" changeset="164299848" timestamp="2025-03-30T18:41:33Z" user="Facalderonm" uid="1759764" lat="7.1396219" lon="-73.1213511"/>
 <node id="12714342632" visible="true" version="1" changeset="164299848" timestamp="2025-03-30T18:41:33Z" user="Facalderonm" uid="1759764" lat="7.1394671" lon="-73.1213562"/>
 <node id="12714342633" visible="true" version="1" changeset="164299848" timestamp="2025-03-30T18:41:33Z" user="Facalderonm" uid="1759764" lat="7.1394658" lon="-73.1213156"/>
 <node id="12714342634" visible="true" version="1" changeset="164299848" timestamp="2025-03-30T18:41:33Z" user="Facalderonm" uid="1759764" lat="7.1392392" lon="-73.1213230"/>
 <node id="12714342635" visible="true" version="1" changeset="164299848" timestamp="2025-03-30T18:41:33Z" user="Facalderonm" uid="1759764" lat="7.1391980" lon="-73.1212118">
  <tag k="addr:city" v="Bucaramanga"/>
  <tag k="addr:housenumber" v="9"/>
  <tag k="addr:street" v="Carrera 27"/>
  <tag k="email" v="halley@uis.edu.co"/>
  <tag k="name" v="Grupo Halley UIS"/>
  <tag k="office" v="educational_institution"/>
  <tag k="opening_hours" v="Mo-Fr 08:00-17:00"/>
  <tag k="phone" v="+57 7 6344000, Ext 2741"/>
  <tag k="website" v="https://halley.uis.edu.co/"/>
 </node>
 <node id="12714342637" visible="true" version="1" changeset="164299848" timestamp="2025-03-30T18:41:33Z" user="Facalderonm" uid="1759764" lat="7.1392034" lon="-73.1211544">
  <tag k="amenity" v="planetarium"/>
  <tag k="email" v="halley@uis.edu.co"/>
  <tag k="name" v="Planetario Grupo Halley UIS"/>
  <tag k="opening_hours" v="24/7"/>
  <tag k="operator" v="Grupo Halley UIS"/>
  <tag k="phone" v="+57 7 6344000, Ext 2741"/>
  <tag k="website" v="https://halley.uis.edu.co/"/>
 </node>
 <node id="12714342654" visible="true" version="2" changeset="164300738" timestamp="2025-03-30T19:00:03Z" user="Facalderonm" uid="1759764" lat="7.1388003" lon="-73.1202466"/>
 <node id="12714342656" visible="true" version="2" changeset="164300738" timestamp="2025-03-30T19:00:03Z" user="Facalderonm" uid="1759764" lat="7.1388456" lon="-73.1202910"/>
 <node id="12714342658" visible="true" version="1" changeset="164299848" timestamp="2025-03-30T18:41:33Z" user="Facalderonm" uid="1759764" lat="7.1385217" lon="-73.1221940"/>
 <node id="12714342659" visible="true" version="1" changeset="164299848" timestamp="2025-03-30T18:41:33Z" user="Facalderonm" uid="1759764" lat="7.1385068" lon="-73.1221543"/>
 <node id="12714342660" visible="true" version="2" changeset="164300738" timestamp="2025-03-30T19:00:03Z" user="Facalderonm" uid="1759764" lat="7.1388058" lon="-73.1202917"/>
 <node id="12714469838" visible="true" version="1" changeset="164302575" timestamp="2025-03-30T19:41:52Z" user="Facalderonm" uid="1759764" lat="7.1396877" lon="-73.1220672"/>
 <node id="12714469839" visible="true" version="1" changeset="164302575" timestamp="2025-03-30T19:41:52Z" user="Facalderonm" uid="1759764" lat="7.1396994" lon="-73.1226572"/>
 <node id="12714469840" visible="true" version="2" changeset="165037046" timestamp="2025-04-16T16:33:47Z" user="Facalderonm" uid="1759764" lat="7.1400082" lon="-73.1220656"/>
 <node id="12714469841" visible="true" version="2" changeset="165037046" timestamp="2025-04-16T16:33:47Z" user="Facalderonm" uid="1759764" lat="7.1401165" lon="-73.1220640"/>
 <node id="12714469842" visible="true" version="2" changeset="165037046" timestamp="2025-04-16T16:33:47Z" user="Facalderonm" uid="1759764" lat="7.1401066" lon="-73.1213504"/>
 <node id="12714469843" visible="true" version="2" changeset="165037046" timestamp="2025-04-16T16:33:47Z" user="Facalderonm" uid="1759764" lat="7.1400244" lon="-73.1213515"/>
 <node id="12714469844" visible="true" version="2" changeset="165037046" timestamp="2025-04-16T16:33:47Z" user="Facalderonm" uid="1759764" lat="7.1400253" lon="-73.1214151"/>
 <node id="12714469845" visible="true" version="2" changeset="165037046" timestamp="2025-04-16T16:33:47Z" user="Facalderonm" uid="1759764" lat="7.1399397" lon="-73.1214163"/>
 <node id="12714469846" visible="true" version="2" changeset="165037046" timestamp="2025-04-16T16:33:47Z" user="Facalderonm" uid="1759764" lat="7.1399518" lon="-73.1220157"/>
 <node id="12714469847" visible="true" version="2" changeset="165037046" timestamp="2025-04-16T16:33:47Z" user="Facalderonm" uid="1759764" lat="7.1399511" lon="-73.1219636"/>
 <node id="12714469848" visible="true" version="2" changeset="164305061" timestamp="2025-03-30T20:53:58Z" user="Facalderonm" uid="1759764" lat="7.1402034" lon="-73.1226030"/>
 <node id="12714469849" visible="true" version="2" changeset="164305061" timestamp="2025-03-30T20:53:58Z" user="Facalderonm" uid="1759764" lat="7.1400331" lon="-73.1226069"/>
 <node id="12714469850" visible="true" version="2" changeset="164305061" timestamp="2025-03-30T20:53:58Z" user="Facalderonm" uid="1759764" lat="7.1400297" lon="-73.1224540"/>
 <node id="12714469851" visible="true" version="2" changeset="164305061" timestamp="2025-03-30T20:53:58Z" user="Facalderonm" uid="1759764" lat="7.1402000" lon="-73.1224501"/>
 <node id="12714469852" visible="true" version="1" changeset="164302575" timestamp="2025-03-30T19:41:52Z" user="Facalderonm" uid="1759764" lat="7.1399807" lon="-73.1226507"/>
 <node id="12714469853" visible="true" version="1" changeset="164302575" timestamp="2025-03-30T19:41:52Z" user="Facalderonm" uid="1759764" lat="7.1399774" lon="-73.1224380"/>
 <node id="12714469854" visible="true" version="2" changeset="164305061" timestamp="2025-03-30T20:53:58Z" user="Facalderonm" uid="1759764" lat="7.1401345" lon="-73.1211681"/>
 <node id="12714469856" visible="true" version="2" changeset="165037046" timestamp="2025-04-16T16:33:47Z" user="Facalderonm" uid="1759764" lat="7.1404480" lon="-73.1216263"/>
 <node id="12714469857" visible="true" version="1" changeset="164302575" timestamp="2025-03-30T19:41:52Z" user="Facalderonm" uid="1759764" lat="7.1399846" lon="-73.1202713"/>
 <node id="12714469858" visible="true" version="1" changeset="164302575" timestamp="2025-03-30T19:41:52Z" user="Facalderonm" uid="1759764" lat="7.1399814" lon="-73.1198569">
  <tag k="entrance" v="yes"/>
 </node>
 <node id="12714469859" visible="true" version="1" changeset="164302575" timestamp="2025-03-30T19:41:52Z" user="Facalderonm" uid="1759764" lat="7.1399827" lon="-73.1200300"/>
 <node id="12714469860" visible="true" version="1" changeset="164302575" timestamp="2025-03-30T19:41:52Z" user="Facalderonm" uid="1759764" lat="7.1399835" lon="-73.1201363"/>
 <node id="12714469861" visible="true" version="1" changeset="164302575" timestamp="2025-03-30T19:41:52Z" user="Facalderonm" uid="1759764" lat="7.1399840" lon="-73.1201940"/>
 <node id="12714595597" visible="true" version="1" changeset="164305061" timestamp="2025-03-30T20:53:58Z" user="Facalderonm" uid="1759764" lat="7.1408689" lon="-73.1226961"/>
 <node id="12714595598" visible="true" version="1" changeset="164305061" timestamp="2025-03-30T20:53:58Z" user="Facalderonm" uid="1759764" lat="7.1410984" lon="-73.1230937"/>
 <node id="12714595599" visible="true" version="1" changeset="164305061" timestamp="2025-03-30T20:53:58Z" user="Facalderonm" uid="1759764" lat="7.1409461" lon="-73.1230968"/>
 <node id="12714595600" visible="true" version="1" changeset="164305061" timestamp="2025-03-30T20:53:58Z" user="Facalderonm" uid="1759764" lat="7.1409482" lon="-73.1231998"/>
 <node id="12714648870" visible="true" version="1" changeset="164305227" timestamp="2025-03-30T20:59:43Z" user="Facalderonm" uid="1759764" lat="7.1405710" lon="-73.1160760"/>
 <node id="12714648871" visible="true" version="1" changeset="164305227" timestamp="2025-03-30T20:59:43Z" user="Facalderonm" uid="1759764" lat="7.1406101" lon="-73.1161156"/>
 <node id="12714648872" visible="true" version="1" changeset="164305227" timestamp="2025-03-30T20:59:43Z" user="Facalderonm" uid="1759764" lat="7.1399099" lon="-73.1165896">
  <tag k="entrance" v="yes"/>
 </node>
 <node id="12714648873" visible="true" version="1" changeset="164305227" timestamp="2025-03-30T20:59:43Z" user="Facalderonm" uid="1759764" lat="7.1406691" lon="-73.1159155"/>
 <node id="12714648874" visible="true" version="1" changeset="164305227" timestamp="2025-03-30T20:59:43Z" user="Facalderonm" uid="1759764" lat="7.1406593" lon="-73.1160989"/>
 <node id="12714648875" visible="true" version="1" changeset="164305227" timestamp="2025-03-30T20:59:43Z" user="Facalderonm" uid="1759764" lat="7.1405873" lon="-73.1160369"/>
 <node id="12714648876" visible="true" version="1" changeset="164305227" timestamp="2025-03-30T20:59:43Z" user="Facalderonm" uid="1759764" lat="7.1405294" lon="-73.1160175"/>
 <node id="12714648877" visible="true" version="1" changeset="164305227" timestamp="2025-03-30T20:59:43Z" user="Facalderonm" uid="1759764" lat="7.1404626" lon="-73.1160210"/>
 <node id="12714648878" visible="true" version="1" changeset="164305227" timestamp="2025-03-30T20:59:43Z" user="Facalderonm" uid="1759764" lat="7.1403081" lon="-73.1161290"/>
 <node id="12714648879" visible="true" version="1" changeset="164305227" timestamp="2025-03-30T20:59:43Z" user="Facalderonm" uid="1759764" lat="7.1399018" lon="-73.1165656"/>
 <node id="12714648880" visible="true" version="1" changeset="164305227" timestamp="2025-03-30T20:59:43Z" user="Facalderonm" uid="1759764" lat="7.1410248" lon="-73.1166071"/>
 <node id="12714648881" visible="true" version="1" changeset="164305227" timestamp="2025-03-30T20:59:43Z" user="Facalderonm" uid="1759764" lat="7.1412031" lon="-73.1168271"/>
 <node id="12714648882" visible="true" version="1" changeset="164305227" timestamp="2025-03-30T20:59:43Z" user="Facalderonm" uid="1759764" lat="7.1414267" lon="-73.1170188"/>
 <node id="12714648883" visible="true" version="1" changeset="164305227" timestamp="2025-03-30T20:59:43Z" user="Facalderonm" uid="1759764" lat="7.1416250" lon="-73.1172053"/>
 <node id="12714648884" visible="true" version="1" changeset="164305227" timestamp="2025-03-30T20:59:43Z" user="Facalderonm" uid="1759764" lat="7.1416676" lon="-73.1172710"/>
 <node id="12714648885" visible="true" version="1" changeset="164305227" timestamp="2025-03-30T20:59:43Z" user="Facalderonm" uid="1759764" lat="7.1416995" lon="-73.1173447"/>
 <node id="12714648886" visible="true" version="1" changeset="164305227" timestamp="2025-03-30T20:59:43Z" user="Facalderonm" uid="1759764" lat="7.1417261" lon="-73.1174949"/>
 <node id="12714648887" visible="true" version="1" changeset="164305227" timestamp="2025-03-30T20:59:43Z" user="Facalderonm" uid="1759764" lat="7.1417288" lon="-73.1176948"/>
 <node id="12714648888" visible="true" version="1" changeset="164305227" timestamp="2025-03-30T20:59:43Z" user="Facalderonm" uid="1759764" lat="7.1417341" lon="-73.1179831"/>
 <node id="12714648889" visible="true" version="1" changeset="164305227" timestamp="2025-03-30T20:59:43Z" user="Facalderonm" uid="1759764" lat="7.1420735" lon="-73.1196183"/>
 <node id="12714648890" visible="true" version="1" changeset="164305227" timestamp="2025-03-30T20:59:43Z" user="Facalderonm" uid="1759764" lat="7.1420393" lon="-73.1198331"/>
 <node id="12714648891" visible="true" version="1" changeset="164305227" timestamp="2025-03-30T20:59:43Z" user="Facalderonm" uid="1759764" lat="7.1421446" lon="-73.1186867"/>
 <node id="12714648892" visible="true" version="1" changeset="164305227" timestamp="2025-03-30T20:59:43Z" user="Facalderonm" uid="1759764" lat="7.1421253" lon="-73.1187345"/>
 <node id="12714648893" visible="true" version="1" changeset="164305227" timestamp="2025-03-30T20:59:43Z" user="Facalderonm" uid="1759764" lat="7.1420752" lon="-73.1188159"/>
 <node id="12714648901" visible="true" version="1" changeset="164305061" timestamp="2025-03-30T20:53:58Z" user="Facalderonm" uid="1759764" lat="7.1411005" lon="-73.1231966"/>
 <node id="12714648902" visible="true" version="1" changeset="164305061" timestamp="2025-03-30T20:53:58Z" user="Facalderonm" uid="1759764" lat="7.1405283" lon="-73.1230749"/>
 <node id="12714648903" visible="true" version="1" changeset="164305061" timestamp="2025-03-30T20:53:58Z" user="Facalderonm" uid="1759764" lat="7.1405036" lon="-73.1231668"/>
 <node id="12714648904" visible="true" version="1" changeset="164305061" timestamp="2025-03-30T20:53:58Z" user="Facalderonm" uid="1759764" lat="7.1410199" lon="-73.1231467"/>
 <node id="12714648905" visible="true" version="1" changeset="164305061" timestamp="2025-03-30T20:53:58Z" user="Facalderonm" uid="1759764" lat="7.1409417" lon="-73.1232528"/>
 <node id="12714648906" visible="true" version="1" changeset="164305061" timestamp="2025-03-30T20:53:58Z" user="Facalderonm" uid="1759764" lat="7.1411113" lon="-73.1232440"/>
 <node id="12714648907" visible="true" version="1" changeset="164305061" timestamp="2025-03-30T20:53:58Z" user="Facalderonm" uid="1759764" lat="7.1412597" lon="-73.1232087"/>
 <node id="12714648908" visible="true" version="1" changeset="164305061" timestamp="2025-03-30T20:53:58Z" user="Facalderonm" uid="1759764" lat="7.1412152" lon="-73.1224266"/>
 <node id="12714648909" visible="true" version="1" changeset="164305061" timestamp="2025-03-30T20:53:58Z" user="Facalderonm" uid="1759764" lat="7.1408111" lon="-73.1233062"/>
 <node id="12714648910" visible="true" version="1" changeset="164305061" timestamp="2025-03-30T20:53:58Z" user="Facalderonm" uid="1759764" lat="7.1408187" lon="-73.1232676"/>
 <node id="12714648911" visible="true" version="1" changeset="164305061" timestamp="2025-03-30T20:53:58Z" user="Facalderonm" uid="1759764" lat="7.1400887" lon="-73.1231204"/>
 <node id="12714648912" visible="true" version="1" changeset="164305061" timestamp="2025-03-30T20:53:58Z" user="Facalderonm" uid="1759764" lat="7.1400810" lon="-73.1231591"/>
 <node id="12714648913" visible="true" version="1" changeset="164305061" timestamp="2025-03-30T20:53:58Z" user="Facalderonm" uid="1759764" lat="7.1408440" lon="-73.1233128">
  <tag k="entrance" v="yes"/>
 </node>
 <node id="12714648914" visible="true" version="1" changeset="164305061" timestamp="2025-03-30T20:53:58Z" user="Facalderonm" uid="1759764" lat="7.1399255" lon="-73.1231278">
  <tag k="entrance" v="yes"/>
 </node>
 <node id="12714648915" visible="true" version="1" changeset="164305061" timestamp="2025-03-30T20:53:58Z" user="Facalderonm" uid="1759764" lat="7.1400410" lon="-73.1231511">
  <tag k="entrance" v="yes"/>
 </node>
 <node id="12714648916" visible="true" version="1" changeset="164305061" timestamp="2025-03-30T20:53:58Z" user="Facalderonm" uid="1759764" lat="7.1406140" lon="-73.1230937"/>
 <node id="12714648917" visible="true" version="1" changeset="164305061" timestamp="2025-03-30T20:53:58Z" user="Facalderonm" uid="1759764" lat="7.1404521" lon="-73.1230581"/>
 <node id="12714648918" visible="true" version="1" changeset="164305061" timestamp="2025-03-30T20:53:58Z" user="Facalderonm" uid="1759764" lat="7.1410802" lon="-73.1231456"/>
 <node id="12714648919" visible="true" version="1" changeset="164305061" timestamp="2025-03-30T20:53:58Z" user="Facalderonm" uid="1759764" lat="7.1409666" lon="-73.1231477"/>
 <node id="12714648920" visible="true" version="1" changeset="164305061" timestamp="2025-03-30T20:53:58Z" user="Facalderonm" uid="1759764" lat="7.1398885" lon="-73.1231204"/>
 <node id="12714648921" visible="true" version="1" changeset="164305061" timestamp="2025-03-30T20:53:58Z" user="Facalderonm" uid="1759764" lat="7.1399023" lon="-73.1230613"/>
 <node id="12714648922" visible="true" version="1" changeset="164305061" timestamp="2025-03-30T20:53:58Z" user="Facalderonm" uid="1759764" lat="7.1397266" lon="-73.1230127"/>
 <node id="12714648923" visible="true" version="1" changeset="164305061" timestamp="2025-03-30T20:53:58Z" user="Facalderonm" uid="1759764" lat="7.1396998" lon="-73.1229846"/>
 <node id="12714648924" visible="true" version="1" changeset="164305061" timestamp="2025-03-30T20:53:58Z" user="Facalderonm" uid="1759764" lat="7.1396773" lon="-73.1229220"/>
 <node id="12714648925" visible="true" version="1" changeset="164305061" timestamp="2025-03-30T20:53:58Z" user="Facalderonm" uid="1759764" lat="7.1396698" lon="-73.1228312"/>
 <node id="12714648926" visible="true" version="1" changeset="164305061" timestamp="2025-03-30T20:53:58Z" user="Facalderonm" uid="1759764" lat="7.1416280" lon="-73.1222758">
  <tag k="amenity" v="bank"/>
  <tag k="name" v="FavUIS"/>
 </node>
 <node id="12714648927" visible="true" version="1" changeset="164305061" timestamp="2025-03-30T20:53:58Z" user="Facalderonm" uid="1759764" lat="7.1406497" lon="-73.1218288"/>
 <node id="12714648928" visible="true" version="1" changeset="164305061" timestamp="2025-03-30T20:53:58Z" user="Facalderonm" uid="1759764" lat="7.1406461" lon="-73.1215615"/>
 <node id="12714648929" visible="true" version="1" changeset="164305061" timestamp="2025-03-30T20:53:58Z" user="Facalderonm" uid="1759764" lat="7.1409451" lon="-73.1212300"/>
 <node id="12714648930" visible="true" version="1" changeset="164305061" timestamp="2025-03-30T20:53:58Z" user="Facalderonm" uid="1759764" lat="7.1410612" lon="-73.1213843"/>
 <node id="12714648931" visible="true" version="1" changeset="164305061" timestamp="2025-03-30T20:53:58Z" user="Facalderonm" uid="1759764" lat="7.1413317" lon="-73.1213825"/>
 <node id="12714648932" visible="true" version="1" changeset="164305061" timestamp="2025-03-30T20:53:58Z" user="Facalderonm" uid="1759764" lat="7.1412140" lon="-73.1211106"/>
 <node id="12714648933" visible="true" version="1" changeset="164305061" timestamp="2025-03-30T20:53:58Z" user="Facalderonm" uid="1759764" lat="7.1411589" lon="-73.1211462"/>
 <node id="12714648934" visible="true" version="1" changeset="164305061" timestamp="2025-03-30T20:53:58Z" user="Facalderonm" uid="1759764" lat="7.1408420" lon="-73.1211950"/>
 <node id="12714648935" visible="true" version="1" changeset="164305061" timestamp="2025-03-30T20:53:58Z" user="Facalderonm" uid="1759764" lat="7.1408401" lon="-73.1211020"/>
 <node id="12714648936" visible="true" version="1" changeset="164305061" timestamp="2025-03-30T20:53:58Z" user="Facalderonm" uid="1759764" lat="7.1407804" lon="-73.1211033"/>
 <node id="12714648937" visible="true" version="1" changeset="164305061" timestamp="2025-03-30T20:53:58Z" user="Facalderonm" uid="1759764" lat="7.1408561" lon="-73.1209552"/>
 <node id="12714648938" visible="true" version="1" changeset="164305061" timestamp="2025-03-30T20:53:58Z" user="Facalderonm" uid="1759764" lat="7.1407324" lon="-73.1206894"/>
 <node id="12714648939" visible="true" version="1" changeset="164305061" timestamp="2025-03-30T20:53:58Z" user="Facalderonm" uid="1759764" lat="7.1410158" lon="-73.1203346"/>
 <node id="12714648940" visible="true" version="1" changeset="164305061" timestamp="2025-03-30T20:53:58Z" user="Facalderonm" uid="1759764" lat="7.1412538" lon="-73.1203474"/>
 <node id="12714648941" visible="true" version="1" changeset="164305061" timestamp="2025-03-30T20:53:58Z" user="Facalderonm" uid="1759764" lat="7.1413140" lon="-73.1202624"/>
 <node id="12714648942" visible="true" version="1" changeset="164305061" timestamp="2025-03-30T20:53:58Z" user="Facalderonm" uid="1759764" lat="7.1414483" lon="-73.1202709"/>
 <node id="12714648943" visible="true" version="1" changeset="164305061" timestamp="2025-03-30T20:53:58Z" user="Facalderonm" uid="1759764" lat="7.1415166" lon="-73.1203551"/>
 <node id="12714648944" visible="true" version="1" changeset="164305061" timestamp="2025-03-30T20:53:58Z" user="Facalderonm" uid="1759764" lat="7.1417390" lon="-73.1229125"/>
 <node id="12714648945" visible="true" version="1" changeset="164305061" timestamp="2025-03-30T20:53:58Z" user="Facalderonm" uid="1759764" lat="7.1419470" lon="-73.1226765"/>
 <node id="12714648946" visible="true" version="1" changeset="164305061" timestamp="2025-03-30T20:53:58Z" user="Facalderonm" uid="1759764" lat="7.1422383" lon="-73.1225077"/>
 <node id="12714648947" visible="true" version="1" changeset="164305061" timestamp="2025-03-30T20:53:58Z" user="Facalderonm" uid="1759764" lat="7.1420533" lon="-73.1227478"/>
 <node id="12714648948" visible="true" version="1" changeset="164305061" timestamp="2025-03-30T20:53:58Z" user="Facalderonm" uid="1759764" lat="7.1418870" lon="-73.1229114"/>
 <node id="12714648949" visible="true" version="1" changeset="164305061" timestamp="2025-03-30T20:53:58Z" user="Facalderonm" uid="1759764" lat="7.1417965" lon="-73.1229717"/>
 <node id="12714648950" visible="true" version="1" changeset="164305061" timestamp="2025-03-30T20:53:58Z" user="Facalderonm" uid="1759764" lat="7.1416208" lon="-73.1230884"/>
 <node id="12714648951" visible="true" version="1" changeset="164305061" timestamp="2025-03-30T20:53:58Z" user="Facalderonm" uid="1759764" lat="7.1413800" lon="-73.1232118"/>
 <node id="12714648952" visible="true" version="1" changeset="164305061" timestamp="2025-03-30T20:53:58Z" user="Facalderonm" uid="1759764" lat="7.1412429" lon="-73.1232587"/>
 <node id="12714648953" visible="true" version="1" changeset="164305061" timestamp="2025-03-30T20:53:58Z" user="Facalderonm" uid="1759764" lat="7.1411152" lon="-73.1232829"/>
 <node id="12714648954" visible="true" version="1" changeset="164305061" timestamp="2025-03-30T20:53:58Z" user="Facalderonm" uid="1759764" lat="7.1409528" lon="-73.1232869"/>
 <node id="12714648955" visible="true" version="1" changeset="164305061" timestamp="2025-03-30T20:53:58Z" user="Facalderonm" uid="1759764" lat="7.1408876" lon="-73.1232802"/>
 <node id="12714648956" visible="true" version="1" changeset="164305061" timestamp="2025-03-30T20:53:58Z" user="Facalderonm" uid="1759764" lat="7.1408808" lon="-73.1233202"/>
 <node id="12714648957" visible="true" version="1" changeset="164305061" timestamp="2025-03-30T20:53:58Z" user="Facalderonm" uid="1759764" lat="7.1426200" lon="-73.1220070"/>
 <node id="12714648958" visible="true" version="1" changeset="164305061" timestamp="2025-03-30T20:53:58Z" user="Facalderonm" uid="1759764" lat="7.1425842" lon="-73.1220669"/>
 <node id="12714648972" visible="true" version="1" changeset="164305061" timestamp="2025-03-30T20:53:58Z" user="Facalderonm" uid="1759764" lat="7.1426385" lon="-73.1212862"/>
 <node id="12714648973" visible="true" version="1" changeset="164305061" timestamp="2025-03-30T20:53:58Z" user="Facalderonm" uid="1759764" lat="7.1418702" lon="-73.1220147"/>
 <node id="12714648974" visible="true" version="1" changeset="164305061" timestamp="2025-03-30T20:53:58Z" user="Facalderonm" uid="1759764" lat="7.1418698" lon="-73.1219352"/>
 <node id="12714648975" visible="true" version="1" changeset="164305061" timestamp="2025-03-30T20:53:58Z" user="Facalderonm" uid="1759764" lat="7.1417071" lon="-73.1219078"/>
 <node id="12714648976" visible="true" version="1" changeset="164305061" timestamp="2025-03-30T20:53:58Z" user="Facalderonm" uid="1759764" lat="7.1421085" lon="-73.1218967"/>
 <node id="12714648977" visible="true" version="1" changeset="164305061" timestamp="2025-03-30T20:53:58Z" user="Facalderonm" uid="1759764" lat="7.1417215" lon="-73.1223619"/>
 <node id="12714648978" visible="true" version="1" changeset="164305061" timestamp="2025-03-30T20:53:58Z" user="Facalderonm" uid="1759764" lat="7.1421620" lon="-73.1223573"/>
 <node id="12714648979" visible="true" version="1" changeset="164305061" timestamp="2025-03-30T20:53:58Z" user="Facalderonm" uid="1759764" lat="7.1417928" lon="-73.1209247"/>
 <node id="12714648980" visible="true" version="1" changeset="164305061" timestamp="2025-03-30T20:53:58Z" user="Facalderonm" uid="1759764" lat="7.1420863" lon="-73.1209195"/>
 <node id="12714648981" visible="true" version="1" changeset="164305061" timestamp="2025-03-30T20:53:58Z" user="Facalderonm" uid="1759764" lat="7.1420785" lon="-73.1204717"/>
 <node id="12714648982" visible="true" version="1" changeset="164305061" timestamp="2025-03-30T20:53:58Z" user="Facalderonm" uid="1759764" lat="7.1419355" lon="-73.1204742"/>
 <node id="12714648983" visible="true" version="1" changeset="164305061" timestamp="2025-03-30T20:53:58Z" user="Facalderonm" uid="1759764" lat="7.1419378" lon="-73.1206085"/>
 <node id="12714648984" visible="true" version="1" changeset="164305061" timestamp="2025-03-30T20:53:58Z" user="Facalderonm" uid="1759764" lat="7.1418866" lon="-73.1206094"/>
 <node id="12714648985" visible="true" version="1" changeset="164305061" timestamp="2025-03-30T20:53:58Z" user="Facalderonm" uid="1759764" lat="7.1418845" lon="-73.1204866"/>
 <node id="12714648986" visible="true" version="1" changeset="164305061" timestamp="2025-03-30T20:53:58Z" user="Facalderonm" uid="1759764" lat="7.1417852" lon="-73.1204884"/>
 <node id="12714648987" visible="true" version="1" changeset="164305061" timestamp="2025-03-30T20:53:58Z" user="Facalderonm" uid="1759764" lat="7.1414639" lon="-73.1201526"/>
 <node id="12714648988" visible="true" version="1" changeset="164305061" timestamp="2025-03-30T20:53:58Z" user="Facalderonm" uid="1759764" lat="7.1414613" lon="-73.1197754"/>
 <node id="12714648989" visible="true" version="1" changeset="164305061" timestamp="2025-03-30T20:53:58Z" user="Facalderonm" uid="1759764" lat="7.1420894" lon="-73.1200799"/>
 <node id="12714648990" visible="true" version="1" changeset="164305061" timestamp="2025-03-30T20:53:58Z" user="Facalderonm" uid="1759764" lat="7.1418684" lon="-73.1194959">
  <tag k="amenity" v="restaurant"/>
  <tag k="name" v="Comedores UIS"/>
 </node>
 <node id="12714648991" visible="true" version="1" changeset="164305061" timestamp="2025-03-30T20:53:58Z" user="Facalderonm" uid="1759764" lat="7.1419528" lon="-73.1198319"/>
 <node id="12714648992" visible="true" version="1" changeset="164305061" timestamp="2025-03-30T20:53:58Z" user="Facalderonm" uid="1759764" lat="7.1417650" lon="-73.1198343"/>
 <node id="12714648993" visible="true" version="1" changeset="164305061" timestamp="2025-03-30T20:53:58Z" user="Facalderonm" uid="1759764" lat="7.1417654" lon="-73.1198648"/>
 <node id="12714648994" visible="true" version="1" changeset="164305061" timestamp="2025-03-30T20:53:58Z" user="Facalderonm" uid="1759764" lat="7.1415926" lon="-73.1196359"/>
 <node id="12714648995" visible="true" version="1" changeset="164305061" timestamp="2025-03-30T20:53:58Z" user="Facalderonm" uid="1759764" lat="7.1415898" lon="-73.1194113"/>
 <node id="12714648996" visible="true" version="1" changeset="164305061" timestamp="2025-03-30T20:53:58Z" user="Facalderonm" uid="1759764" lat="7.1406671" lon="-73.1199033"/>
 <node id="12714648997" visible="true" version="1" changeset="164305061" timestamp="2025-03-30T20:53:58Z" user="Facalderonm" uid="1759764" lat="7.1406630" lon="-73.1197774"/>
 <node id="12714648998" visible="true" version="1" changeset="164305061" timestamp="2025-03-30T20:53:58Z" user="Facalderonm" uid="1759764" lat="7.1408516" lon="-73.1197750"/>
 <node id="12714648999" visible="true" version="1" changeset="164305061" timestamp="2025-03-30T20:53:58Z" user="Facalderonm" uid="1759764" lat="7.1408545" lon="-73.1200124"/>
 <node id="12714649000" visible="true" version="1" changeset="164305061" timestamp="2025-03-30T20:53:58Z" user="Facalderonm" uid="1759764" lat="7.1407316" lon="-73.1200140"/>
 <node id="12714649001" visible="true" version="1" changeset="164305061" timestamp="2025-03-30T20:53:58Z" user="Facalderonm" uid="1759764" lat="7.1407302" lon="-73.1199025"/>
 <node id="12714649003" visible="true" version="1" changeset="164305061" timestamp="2025-03-30T20:53:58Z" user="Facalderonm" uid="1759764" lat="7.1413405" lon="-73.1194850"/>
 <node id="12714649004" visible="true" version="1" changeset="164305061" timestamp="2025-03-30T20:53:58Z" user="Facalderonm" uid="1759764" lat="7.1412510" lon="-73.1194877"/>
 <node id="12714649005" visible="true" version="1" changeset="164305061" timestamp="2025-03-30T20:53:58Z" user="Facalderonm" uid="1759764" lat="7.1413401" lon="-73.1193811"/>
 <node id="12714649006" visible="true" version="1" changeset="164305061" timestamp="2025-03-30T20:53:58Z" user="Facalderonm" uid="1759764" lat="7.1412479" lon="-73.1193838"/>
 <node id="12714649007" visible="true" version="1" changeset="164305061" timestamp="2025-03-30T20:53:58Z" user="Facalderonm" uid="1759764" lat="7.1408764" lon="-73.1194404"/>
 <node id="12714649008" visible="true" version="1" changeset="164305061" timestamp="2025-03-30T20:53:58Z" user="Facalderonm" uid="1759764" lat="7.1407567" lon="-73.1194407"/>
 <node id="12714649009" visible="true" version="1" changeset="164305061" timestamp="2025-03-30T20:53:58Z" user="Facalderonm" uid="1759764" lat="7.1407564" lon="-73.1193367"/>
 <node id="12714649010" visible="true" version="1" changeset="164305061" timestamp="2025-03-30T20:53:58Z" user="Facalderonm" uid="1759764" lat="7.1408762" lon="-73.1193364"/>
 <node id="12714649011" visible="true" version="1" changeset="164305061" timestamp="2025-03-30T20:53:58Z" user="Facalderonm" uid="1759764" lat="7.1421142" lon="-73.1186230"/>
 <node id="12714649012" visible="true" version="1" changeset="164305061" timestamp="2025-03-30T20:53:58Z" user="Facalderonm" uid="1759764" lat="7.1417238" lon="-73.1180479"/>
 <node id="12714649013" visible="true" version="1" changeset="164305061" timestamp="2025-03-30T20:53:58Z" user="Facalderonm" uid="1759764" lat="7.1416831" lon="-73.1174496"/>
 <node id="12714649014" visible="true" version="1" changeset="164305061" timestamp="2025-03-30T20:53:58Z" user="Facalderonm" uid="1759764" lat="7.1419960" lon="-73.1191870"/>
 <node id="12714649015" visible="true" version="1" changeset="164305061" timestamp="2025-03-30T20:53:58Z" user="Facalderonm" uid="1759764" lat="7.1422072" lon="-73.1186881"/>
 <node id="12714649016" visible="true" version="1" changeset="164305061" timestamp="2025-03-30T20:53:58Z" user="Facalderonm" uid="1759764" lat="7.1422575" lon="-73.1185620"/>
 <node id="12714649017" visible="true" version="1" changeset="164305061" timestamp="2025-03-30T20:53:58Z" user="Facalderonm" uid="1759764" lat="7.1421669" lon="-73.1186693"/>
 <node id="12714649018" visible="true" version="1" changeset="164305061" timestamp="2025-03-30T20:53:58Z" user="Facalderonm" uid="1759764" lat="7.1422367" lon="-73.1185508"/>
 <node id="12714649019" visible="true" version="1" changeset="164305061" timestamp="2025-03-30T20:53:58Z" user="Facalderonm" uid="1759764" lat="7.1422735" lon="-73.1185794"/>
 <node id="12714649020" visible="true" version="1" changeset="164305061" timestamp="2025-03-30T20:53:58Z" user="Facalderonm" uid="1759764" lat="7.1422134" lon="-73.1185473"/>
 <node id="12714649021" visible="true" version="1" changeset="164305061" timestamp="2025-03-30T20:53:58Z" user="Facalderonm" uid="1759764" lat="7.1421855" lon="-73.1186820"/>
 <node id="12714649022" visible="true" version="1" changeset="164305061" timestamp="2025-03-30T20:53:58Z" user="Facalderonm" uid="1759764" lat="7.1422296" lon="-73.1186869"/>
 <node id="12714649023" visible="true" version="1" changeset="164305061" timestamp="2025-03-30T20:53:58Z" user="Facalderonm" uid="1759764" lat="7.1422506" lon="-73.1186786"/>
 <node id="12714649024" visible="true" version="1" changeset="164305061" timestamp="2025-03-30T20:53:58Z" user="Facalderonm" uid="1759764" lat="7.1422678" lon="-73.1186641"/>
 <node id="12714649025" visible="true" version="1" changeset="164305061" timestamp="2025-03-30T20:53:58Z" user="Facalderonm" uid="1759764" lat="7.1422796" lon="-73.1186448"/>
 <node id="12714649026" visible="true" version="1" changeset="164305061" timestamp="2025-03-30T20:53:58Z" user="Facalderonm" uid="1759764" lat="7.1422847" lon="-73.1186227"/>
 <node id="12714649027" visible="true" version="1" changeset="164305061" timestamp="2025-03-30T20:53:58Z" user="Facalderonm" uid="1759764" lat="7.1422826" lon="-73.1186001"/>
 <node id="12714649028" visible="true" version="1" changeset="164305061" timestamp="2025-03-30T20:53:58Z" user="Facalderonm" uid="1759764" lat="7.1421903" lon="-73.1185518"/>
 <node id="12714649029" visible="true" version="1" changeset="164305061" timestamp="2025-03-30T20:53:58Z" user="Facalderonm" uid="1759764" lat="7.1421699" lon="-73.1185637"/>
 <node id="12714649030" visible="true" version="1" changeset="164305061" timestamp="2025-03-30T20:53:58Z" user="Facalderonm" uid="1759764" lat="7.1421546" lon="-73.1185818"/>
 <node id="12714649031" visible="true" version="1" changeset="164305061" timestamp="2025-03-30T20:53:58Z" user="Facalderonm" uid="1759764" lat="7.1421461" lon="-73.1186040"/>
 <node id="12714649032" visible="true" version="1" changeset="164305061" timestamp="2025-03-30T20:53:58Z" user="Facalderonm" uid="1759764" lat="7.1421455" lon="-73.1186278"/>
 <node id="12714649033" visible="true" version="1" changeset="164305061" timestamp="2025-03-30T20:53:58Z" user="Facalderonm" uid="1759764" lat="7.1421526" lon="-73.1186504"/>
 <node id="12714649034" visible="true" version="1" changeset="164305061" timestamp="2025-03-30T20:53:58Z" user="Facalderonm" uid="1759764" lat="7.1421685" lon="-73.1191057"/>
 <node id="12714649035" visible="true" version="2" changeset="164305227" timestamp="2025-03-30T20:59:43Z" user="Facalderonm" uid="1759764" lat="7.1420360" lon="-73.1191797"/>
 <node id="12714649036" visible="true" version="1" changeset="164305061" timestamp="2025-03-30T20:53:58Z" user="Facalderonm" uid="1759764" lat="7.1420371" lon="-73.1188679"/>
 <node id="12714649037" visible="true" version="1" changeset="164305061" timestamp="2025-03-30T20:53:58Z" user="Facalderonm" uid="1759764" lat="7.1421806" lon="-73.1187838"/>
 <node id="12714649038" visible="true" version="1" changeset="164305061" timestamp="2025-03-30T20:53:58Z" user="Facalderonm" uid="1759764" lat="7.1421172" lon="-73.1185222"/>
 <node id="12714649039" visible="true" version="2" changeset="164305227" timestamp="2025-03-30T20:59:43Z" user="Facalderonm" uid="1759764" lat="7.1423117" lon="-73.1186224"/>
 <node id="12714649040" visible="true" version="1" changeset="164305061" timestamp="2025-03-30T20:53:58Z" user="Facalderonm" uid="1759764" lat="7.1417739" lon="-73.1180099"/>
 <node id="12714649041" visible="true" version="1" changeset="164305061" timestamp="2025-03-30T20:53:58Z" user="Facalderonm" uid="1759764" lat="7.1417965" lon="-73.1181159"/>
 <node id="12714649042" visible="true" version="1" changeset="164305061" timestamp="2025-03-30T20:53:58Z" user="Facalderonm" uid="1759764" lat="7.1418776" lon="-73.1182178"/>
 <node id="12714649043" visible="true" version="1" changeset="164305061" timestamp="2025-03-30T20:53:58Z" user="Facalderonm" uid="1759764" lat="7.1416084" lon="-73.1181045"/>
 <node id="12714649044" visible="true" version="2" changeset="164307755" timestamp="2025-03-30T22:43:53Z" user="Facalderonm" uid="1759764" lat="7.1399366" lon="-73.1182247"/>
 <node id="12714649045" visible="true" version="1" changeset="164305061" timestamp="2025-03-30T20:53:58Z" user="Facalderonm" uid="1759764" lat="7.1393071" lon="-73.1194910"/>
 <node id="12714649046" visible="true" version="1" changeset="164305061" timestamp="2025-03-30T20:53:58Z" user="Facalderonm" uid="1759764" lat="7.1392677" lon="-73.1194928"/>
 <node id="12714649047" visible="true" version="1" changeset="164305061" timestamp="2025-03-30T20:53:58Z" user="Facalderonm" uid="1759764" lat="7.1392601" lon="-73.1193171"/>
 <node id="12714649048" visible="true" version="1" changeset="164305061" timestamp="2025-03-30T20:53:58Z" user="Facalderonm" uid="1759764" lat="7.1392995" lon="-73.1193154"/>
 <node id="12714649049" visible="true" version="1" changeset="164305061" timestamp="2025-03-30T20:53:58Z" user="Facalderonm" uid="1759764" lat="7.1407901" lon="-73.1206881"/>
 <node id="12714649050" visible="true" version="1" changeset="164305061" timestamp="2025-03-30T20:53:58Z" user="Facalderonm" uid="1759764" lat="7.1407319" lon="-73.1206675"/>
 <node id="12714649051" visible="true" version="1" changeset="164305061" timestamp="2025-03-30T20:53:58Z" user="Facalderonm" uid="1759764" lat="7.1405059" lon="-73.1209056"/>
 <node id="12714649052" visible="true" version="1" changeset="164305061" timestamp="2025-03-30T20:53:58Z" user="Facalderonm" uid="1759764" lat="7.1407426" lon="-73.1211971"/>
 <node id="12714744073" visible="true" version="1" changeset="164307776" timestamp="2025-03-30T22:44:32Z" user="Facalderonm" uid="1759764" lat="7.1400411" lon="-73.1159404"/>
 <node id="12714744074" visible="true" version="1" changeset="164307776" timestamp="2025-03-30T22:44:32Z" user="Facalderonm" uid="1759764" lat="7.1399482" lon="-73.1162477"/>
 <node id="12714744075" visible="true" version="1" changeset="164307776" timestamp="2025-03-30T22:44:32Z" user="Facalderonm" uid="1759764" lat="7.1398492" lon="-73.1164857"/>
 <node id="12714744076" visible="true" version="1" changeset="164307776" timestamp="2025-03-30T22:44:32Z" user="Facalderonm" uid="1759764" lat="7.1397523" lon="-73.1166201"/>
 <node id="12714744077" visible="true" version="1" changeset="164307776" timestamp="2025-03-30T22:44:32Z" user="Facalderonm" uid="1759764" lat="7.1396473" lon="-73.1167523"/>
 <node id="12714801949" visible="true" version="1" changeset="164307755" timestamp="2025-03-30T22:43:53Z" user="Facalderonm" uid="1759764" lat="7.1393409" lon="-73.1192308"/>
 <node id="12714801950" visible="true" version="1" changeset="164307755" timestamp="2025-03-30T22:43:53Z" user="Facalderonm" uid="1759764" lat="7.1393047" lon="-73.1175449"/>
 <node id="12714801951" visible="true" version="1" changeset="164307755" timestamp="2025-03-30T22:43:53Z" user="Facalderonm" uid="1759764" lat="7.1394458" lon="-73.1176634">
  <tag k="amenity" v="cafe"/>
 </node>
 <node id="12714801952" visible="true" version="1" changeset="164307755" timestamp="2025-03-30T22:43:53Z" user="Facalderonm" uid="1759764" lat="7.1398670" lon="-73.1178821"/>
 <node id="12714801953" visible="true" version="1" changeset="164307755" timestamp="2025-03-30T22:43:53Z" user="Facalderonm" uid="1759764" lat="7.1399029" lon="-73.1178818"/>
 <node id="12714801954" visible="true" version="1" changeset="164307755" timestamp="2025-03-30T22:43:53Z" user="Facalderonm" uid="1759764" lat="7.1395492" lon="-73.1175919"/>
 <node id="12714801955" visible="true" version="1" changeset="164307755" timestamp="2025-03-30T22:43:53Z" user="Facalderonm" uid="1759764" lat="7.1397237" lon="-73.1175904"/>
 <node id="12714801956" visible="true" version="1" changeset="164307755" timestamp="2025-03-30T22:43:53Z" user="Facalderonm" uid="1759764" lat="7.1397234" lon="-73.1175552"/>
 <node id="12714801957" visible="true" version="1" changeset="164307755" timestamp="2025-03-30T22:43:53Z" user="Facalderonm" uid="1759764" lat="7.1395489" lon="-73.1175568"/>
 <node id="12714801958" visible="true" version="1" changeset="164307755" timestamp="2025-03-30T22:43:53Z" user="Facalderonm" uid="1759764" lat="7.1393017" lon="-73.1174072">
  <tag k="entrance" v="yes"/>
 </node>
 <node id="12714801959" visible="true" version="1" changeset="164307755" timestamp="2025-03-30T22:43:53Z" user="Facalderonm" uid="1759764" lat="7.1399496" lon="-73.1189823"/>
 <node id="12714801960" visible="true" version="1" changeset="164307755" timestamp="2025-03-30T22:43:53Z" user="Facalderonm" uid="1759764" lat="7.1393357" lon="-73.1189890"/>
 <node id="12714801961" visible="true" version="1" changeset="164307755" timestamp="2025-03-30T22:43:53Z" user="Facalderonm" uid="1759764" lat="7.1399189" lon="-73.1171917"/>
 <node id="12714801962" visible="true" version="1" changeset="164307755" timestamp="2025-03-30T22:43:53Z" user="Facalderonm" uid="1759764" lat="7.1398113" lon="-73.1171928"/>
 <node id="12714801963" visible="true" version="1" changeset="164307755" timestamp="2025-03-30T22:43:53Z" user="Facalderonm" uid="1759764" lat="7.1397000" lon="-73.1169219"/>
 <node id="12714801964" visible="true" version="1" changeset="164307755" timestamp="2025-03-30T22:43:53Z" user="Facalderonm" uid="1759764" lat="7.1397044" lon="-73.1170370"/>
 <node id="12714801965" visible="true" version="1" changeset="164307755" timestamp="2025-03-30T22:43:53Z" user="Facalderonm" uid="1759764" lat="7.1395919" lon="-73.1175393"/>
 <node id="12714801966" visible="true" version="1" changeset="164307755" timestamp="2025-03-30T22:43:53Z" user="Facalderonm" uid="1759764" lat="7.1392510" lon="-73.1175449"/>
 <node id="12714801967" visible="true" version="1" changeset="164307755" timestamp="2025-03-30T22:43:53Z" user="Facalderonm" uid="1759764" lat="7.1408042" lon="-73.1175373"/>
 <node id="12714801968" visible="true" version="1" changeset="164307755" timestamp="2025-03-30T22:43:53Z" user="Facalderonm" uid="1759764" lat="7.1409835" lon="-73.1173415"/>
 <node id="12714801969" visible="true" version="1" changeset="164307755" timestamp="2025-03-30T22:43:53Z" user="Facalderonm" uid="1759764" lat="7.1410629" lon="-73.1170649"/>
 <node id="12714801970" visible="true" version="1" changeset="164307755" timestamp="2025-03-30T22:43:53Z" user="Facalderonm" uid="1759764" lat="7.1409948" lon="-73.1167538"/>
 <node id="12714801971" visible="true" version="1" changeset="164307755" timestamp="2025-03-30T22:43:53Z" user="Facalderonm" uid="1759764" lat="7.1406385" lon="-73.1176084"/>
 <node id="12714801972" visible="true" version="1" changeset="164307755" timestamp="2025-03-30T22:43:53Z" user="Facalderonm" uid="1759764" lat="7.1410759" lon="-73.1173090"/>
 <node id="12714801973" visible="true" version="1" changeset="164307755" timestamp="2025-03-30T22:43:53Z" user="Facalderonm" uid="1759764" lat="7.1411507" lon="-73.1167984"/>
 <node id="12714801974" visible="true" version="1" changeset="164307755" timestamp="2025-03-30T22:43:53Z" user="Facalderonm" uid="1759764" lat="7.1416738" lon="-73.1189182"/>
 <node id="12714801975" visible="true" version="1" changeset="164307755" timestamp="2025-03-30T22:43:53Z" user="Facalderonm" uid="1759764" lat="7.1416554" lon="-73.1183476"/>
 <node id="12714801976" visible="true" version="1" changeset="164307755" timestamp="2025-03-30T22:43:53Z" user="Facalderonm" uid="1759764" lat="7.1415942" lon="-73.1182088"/>
 <node id="12714801977" visible="true" version="1" changeset="164307755" timestamp="2025-03-30T22:43:53Z" user="Facalderonm" uid="1759764" lat="7.1414703" lon="-73.1180839"/>
 <node id="12714801978" visible="true" version="1" changeset="164307755" timestamp="2025-03-30T22:43:53Z" user="Facalderonm" uid="1759764" lat="7.1413310" lon="-73.1180299"/>
 <node id="12714801979" visible="true" version="1" changeset="164307755" timestamp="2025-03-30T22:43:53Z" user="Facalderonm" uid="1759764" lat="7.1412009" lon="-73.1180052"/>
 <node id="12714801980" visible="true" version="1" changeset="164307755" timestamp="2025-03-30T22:43:53Z" user="Facalderonm" uid="1759764" lat="7.1403425" lon="-73.1179898"/>
 <node id="12714801981" visible="true" version="1" changeset="164307755" timestamp="2025-03-30T22:43:53Z" user="Facalderonm" uid="1759764" lat="7.1401986" lon="-73.1180268"/>
 <node id="12714801982" visible="true" version="1" changeset="164307755" timestamp="2025-03-30T22:43:53Z" user="Facalderonm" uid="1759764" lat="7.1401298" lon="-73.1181147"/>
 <node id="12714801983" visible="true" version="1" changeset="164307755" timestamp="2025-03-30T22:43:53Z" user="Facalderonm" uid="1759764" lat="7.1400609" lon="-73.1182597"/>
 <node id="12714801984" visible="true" version="1" changeset="164307755" timestamp="2025-03-30T22:43:53Z" user="Facalderonm" uid="1759764" lat="7.1400227" lon="-73.1184679"/>
 <node id="12714801985" visible="true" version="1" changeset="164307755" timestamp="2025-03-30T22:43:53Z" user="Facalderonm" uid="1759764" lat="7.1400624" lon="-73.1188472"/>
 <node id="12714801986" visible="true" version="1" changeset="164307755" timestamp="2025-03-30T22:43:53Z" user="Facalderonm" uid="1759764" lat="7.1402048" lon="-73.1190462"/>
 <node id="12714801987" visible="true" version="1" changeset="164307755" timestamp="2025-03-30T22:43:53Z" user="Facalderonm" uid="1759764" lat="7.1415743" lon="-73.1190261"/>
 <node id="12714801988" visible="true" version="1" changeset="164307755" timestamp="2025-03-30T22:43:53Z" user="Facalderonm" uid="1759764" lat="7.1416325" lon="-73.1189830"/>
 <node id="12714801989" visible="true" version="1" changeset="164307755" timestamp="2025-03-30T22:43:53Z" user="Facalderonm" uid="1759764" lat="7.1400338" lon="-73.1186575"/>
 <node id="12714801990" visible="true" version="1" changeset="164307755" timestamp="2025-03-30T22:43:53Z" user="Facalderonm" uid="1759764" lat="7.1399680" lon="-73.1179988"/>
 <node id="12714801991" visible="true" version="1" changeset="164307755" timestamp="2025-03-30T22:43:53Z" user="Facalderonm" uid="1759764" lat="7.1399891" lon="-73.1191786"/>
 <node id="12714801992" visible="true" version="1" changeset="164307755" timestamp="2025-03-30T22:43:53Z" user="Facalderonm" uid="1759764" lat="7.1415254" lon="-73.1191503"/>
 <node id="12714801993" visible="true" version="1" changeset="164307755" timestamp="2025-03-30T22:43:53Z" user="Facalderonm" uid="1759764" lat="7.1416379" lon="-73.1190900"/>
 <node id="12714801994" visible="true" version="1" changeset="164307755" timestamp="2025-03-30T22:43:53Z" user="Facalderonm" uid="1759764" lat="7.1416801" lon="-73.1190546"/>
 <node id="12714801995" visible="true" version="1" changeset="164307755" timestamp="2025-03-30T22:43:53Z" user="Facalderonm" uid="1759764" lat="7.1417451" lon="-73.1189678"/>
 <node id="12714801996" visible="true" version="1" changeset="164307755" timestamp="2025-03-30T22:43:53Z" user="Facalderonm" uid="1759764" lat="7.1417276" lon="-73.1183230"/>
 <node id="12714801997" visible="true" version="1" changeset="164307755" timestamp="2025-03-30T22:43:53Z" user="Facalderonm" uid="1759764" lat="7.1416906" lon="-73.1181741"/>
 <node id="12714801998" visible="true" version="1" changeset="164307755" timestamp="2025-03-30T22:43:53Z" user="Facalderonm" uid="1759764" lat="7.1416098" lon="-73.1180377"/>
 <node id="12714801999" visible="true" version="1" changeset="164307755" timestamp="2025-03-30T22:43:53Z" user="Facalderonm" uid="1759764" lat="7.1415377" lon="-73.1179934"/>
 <node id="12714802000" visible="true" version="1" changeset="164307755" timestamp="2025-03-30T22:43:53Z" user="Facalderonm" uid="1759764" lat="7.1406694" lon="-73.1179013"/>
 <node id="12714806601" visible="true" version="1" changeset="164307755" timestamp="2025-03-30T22:43:53Z" user="Facalderonm" uid="1759764" lat="7.1406623" lon="-73.1178057"/>
 <node id="12714806602" visible="true" version="1" changeset="164307755" timestamp="2025-03-30T22:43:53Z" user="Facalderonm" uid="1759764" lat="7.1411018" lon="-73.1173150"/>
 <node id="12714806603" visible="true" version="1" changeset="164307755" timestamp="2025-03-30T22:43:53Z" user="Facalderonm" uid="1759764" lat="7.1411651" lon="-73.1168721"/>
 <node id="12714806604" visible="true" version="1" changeset="164307755" timestamp="2025-03-30T22:43:53Z" user="Facalderonm" uid="1759764" lat="7.1415430" lon="-73.1171963"/>
 <node id="12714806605" visible="true" version="1" changeset="164307755" timestamp="2025-03-30T22:43:53Z" user="Facalderonm" uid="1759764" lat="7.1415922" lon="-73.1172583"/>
 <node id="12714806606" visible="true" version="1" changeset="164307755" timestamp="2025-03-30T22:43:53Z" user="Facalderonm" uid="1759764" lat="7.1416449" lon="-73.1173929"/>
 <node id="12714806607" visible="true" version="1" changeset="164307755" timestamp="2025-03-30T22:43:53Z" user="Facalderonm" uid="1759764" lat="7.1416766" lon="-73.1175931"/>
 <node id="12714806608" visible="true" version="1" changeset="164307755" timestamp="2025-03-30T22:43:53Z" user="Facalderonm" uid="1759764" lat="7.1416713" lon="-73.1178393"/>
 <node id="12714806609" visible="true" version="1" changeset="164307755" timestamp="2025-03-30T22:43:53Z" user="Facalderonm" uid="1759764" lat="7.1416836" lon="-73.1180643"/>
 <node id="12714806610" visible="true" version="1" changeset="164307755" timestamp="2025-03-30T22:43:53Z" user="Facalderonm" uid="1759764" lat="7.1417557" lon="-73.1181865"/>
 <node id="12714806611" visible="true" version="1" changeset="164307755" timestamp="2025-03-30T22:43:53Z" user="Facalderonm" uid="1759764" lat="7.1418945" lon="-73.1183442"/>
 <node id="12714806612" visible="true" version="1" changeset="164307755" timestamp="2025-03-30T22:43:53Z" user="Facalderonm" uid="1759764" lat="7.1420141" lon="-73.1185090"/>
 <node id="12714806613" visible="true" version="1" changeset="164307755" timestamp="2025-03-30T22:43:53Z" user="Facalderonm" uid="1759764" lat="7.1420580" lon="-73.1185851"/>
 <node id="12714806614" visible="true" version="1" changeset="164307755" timestamp="2025-03-30T22:43:53Z" user="Facalderonm" uid="1759764" lat="7.1420615" lon="-73.1186595"/>
 <node id="12714806615" visible="true" version="1" changeset="164307755" timestamp="2025-03-30T22:43:53Z" user="Facalderonm" uid="1759764" lat="7.1420475" lon="-73.1187269"/>
 <node id="12714806616" visible="true" version="1" changeset="164307755" timestamp="2025-03-30T22:43:53Z" user="Facalderonm" uid="1759764" lat="7.1419684" lon="-73.1188030"/>
 <node id="12714895204" visible="true" version="2" changeset="164310382" timestamp="2025-03-31T01:56:56Z" user="Facalderonm" uid="1759764" lat="7.1340388" lon="-73.1186518"/>
 <node id="12724301369" visible="true" version="1" changeset="164439538" timestamp="2025-04-02T20:55:09Z" user="Facalderonm" uid="1759764" lat="7.1343278" lon="-73.1111912"/>
 <node id="12724301370" visible="true" version="1" changeset="164439538" timestamp="2025-04-02T20:55:09Z" user="Facalderonm" uid="1759764" lat="7.1366757" lon="-73.1113329"/>
 <node id="12724301371" visible="true" version="1" changeset="164439538" timestamp="2025-04-02T20:55:09Z" user="Facalderonm" uid="1759764" lat="7.1386078" lon="-73.1110418"/>
 <node id="12724301374" visible="true" version="1" changeset="164439538" timestamp="2025-04-02T20:55:09Z" user="Facalderonm" uid="1759764" lat="7.1352610" lon="-73.1112475"/>
 <node id="12724301375" visible="true" version="1" changeset="164439538" timestamp="2025-04-02T20:55:09Z" user="Facalderonm" uid="1759764" lat="7.1351506" lon="-73.1112409"/>
 <node id="12724301386" visible="true" version="1" changeset="164439538" timestamp="2025-04-02T20:55:09Z" user="Facalderonm" uid="1759764" lat="7.1343991" lon="-73.1124388"/>
 <node id="12724301392" visible="true" version="1" changeset="164439538" timestamp="2025-04-02T20:55:09Z" user="Facalderonm" uid="1759764" lat="7.1362440" lon="-73.1149515"/>
 <node id="12724301393" visible="true" version="1" changeset="164439538" timestamp="2025-04-02T20:55:09Z" user="Facalderonm" uid="1759764" lat="7.1360909" lon="-73.1112976"/>
 <node id="12724329300" visible="true" version="1" changeset="164440028" timestamp="2025-04-02T21:12:19Z" user="Facalderonm" uid="1759764" lat="7.1372181" lon="-73.1112504"/>
 <node id="12724334317" visible="true" version="1" changeset="164440028" timestamp="2025-04-02T21:12:19Z" user="Facalderonm" uid="1759764" lat="7.1382716" lon="-73.1110923"/>
 <node id="12724378868" visible="true" version="1" changeset="164441019" timestamp="2025-04-02T21:53:13Z" user="Facalderonm" uid="1759764" lat="7.1420029" lon="-73.1081873"/>
 <node id="12724378869" visible="true" version="1" changeset="164441019" timestamp="2025-04-02T21:53:13Z" user="Facalderonm" uid="1759764" lat="7.1419137" lon="-73.1076892"/>
 <node id="12724378870" visible="true" version="1" changeset="164441019" timestamp="2025-04-02T21:53:13Z" user="Facalderonm" uid="1759764" lat="7.1428250" lon="-73.1081216"/>
 <node id="12724378871" visible="true" version="1" changeset="164441019" timestamp="2025-04-02T21:53:13Z" user="Facalderonm" uid="1759764" lat="7.1434152" lon="-73.1075500"/>
 <node id="12724378872" visible="true" version="1" changeset="164441019" timestamp="2025-04-02T21:53:13Z" user="Facalderonm" uid="1759764" lat="7.1415051" lon="-73.1072026"/>
 <node id="12724394006" visible="true" version="1" changeset="164441019" timestamp="2025-04-02T21:53:13Z" user="Facalderonm" uid="1759764" lat="7.1417674" lon="-73.1074081"/>
 <node id="12724394007" visible="true" version="1" changeset="164441019" timestamp="2025-04-02T21:53:13Z" user="Facalderonm" uid="1759764" lat="7.1428888" lon="-73.1100065"/>
 <node id="12724394008" visible="true" version="1" changeset="164441019" timestamp="2025-04-02T21:53:13Z" user="Facalderonm" uid="1759764" lat="7.1425901" lon="-73.1102476"/>
 <node id="12724394036" visible="true" version="1" changeset="164441019" timestamp="2025-04-02T21:53:13Z" user="Facalderonm" uid="1759764" lat="7.1416532" lon="-73.1072925"/>
 <node id="12729586509" visible="true" version="1" changeset="164525254" timestamp="2025-04-04T19:15:50Z" user="Facalderonm" uid="1759764" lat="7.1345337" lon="-73.1152723"/>
 <node id="12729586510" visible="true" version="1" changeset="164525254" timestamp="2025-04-04T19:15:50Z" user="Facalderonm" uid="1759764" lat="7.1347640" lon="-73.1176179"/>
 <node id="12729586522" visible="true" version="1" changeset="164525254" timestamp="2025-04-04T19:15:50Z" user="Facalderonm" uid="1759764" lat="7.1381354" lon="-73.1177020"/>
 <node id="12729586523" visible="true" version="1" changeset="164525254" timestamp="2025-04-04T19:15:50Z" user="Facalderonm" uid="1759764" lat="7.1383237" lon="-73.1176849"/>
 <node id="12729586524" visible="true" version="1" changeset="164525254" timestamp="2025-04-04T19:15:50Z" user="Facalderonm" uid="1759764" lat="7.1385675" lon="-73.1175807"/>
 <node id="12729586525" visible="true" version="1" changeset="164525254" timestamp="2025-04-04T19:15:50Z" user="Facalderonm" uid="1759764" lat="7.1387496" lon="-73.1174828"/>
 <node id="12729586526" visible="true" version="1" changeset="164525254" timestamp="2025-04-04T19:15:50Z" user="Facalderonm" uid="1759764" lat="7.1390597" lon="-73.1173226"/>
 <node id="12729586527" visible="true" version="1" changeset="164525254" timestamp="2025-04-04T19:15:50Z" user="Facalderonm" uid="1759764" lat="7.1377883" lon="-73.1173350"/>
 <node id="12729586528" visible="true" version="1" changeset="164525254" timestamp="2025-04-04T19:15:50Z" user="Facalderonm" uid="1759764" lat="7.1392264" lon="-73.1172184"/>
 <node id="12729586529" visible="true" version="1" changeset="164525254" timestamp="2025-04-04T19:15:50Z" user="Facalderonm" uid="1759764" lat="7.1393421" lon="-73.1171251"/>
 <node id="12729586530" visible="true" version="1" changeset="164525254" timestamp="2025-04-04T19:15:50Z" user="Facalderonm" uid="1759764" lat="7.1394455" lon="-73.1169976"/>
 <node id="12729586531" visible="true" version="1" changeset="164525254" timestamp="2025-04-04T19:15:50Z" user="Facalderonm" uid="1759764" lat="7.1395951" lon="-73.1168063"/>
 <node id="12729586532" visible="true" version="1" changeset="164525254" timestamp="2025-04-04T19:15:50Z" user="Facalderonm" uid="1759764" lat="7.1391461" lon="-73.1164517"/>
 <node id="12729586533" visible="true" version="1" changeset="164525254" timestamp="2025-04-04T19:15:50Z" user="Facalderonm" uid="1759764" lat="7.1390273" lon="-73.1163864"/>
 <node id="12729586534" visible="true" version="1" changeset="164525254" timestamp="2025-04-04T19:15:50Z" user="Facalderonm" uid="1759764" lat="7.1381308" lon="-73.1156602"/>
 <node id="12729586535" visible="true" version="1" changeset="164525254" timestamp="2025-04-04T19:15:50Z" user="Facalderonm" uid="1759764" lat="7.1383201" lon="-73.1157332"/>
 <node id="12729586536" visible="true" version="1" changeset="164525254" timestamp="2025-04-04T19:15:50Z" user="Facalderonm" uid="1759764" lat="7.1382539" lon="-73.1157592">
  <tag k="barrier" v="gate"/>
 </node>
 <node id="12729586537" visible="true" version="1" changeset="164525254" timestamp="2025-04-04T19:15:50Z" user="Facalderonm" uid="1759764" lat="7.1389914" lon="-73.1173587">
  <tag k="barrier" v="gate"/>
 </node>
 <node id="12729586538" visible="true" version="1" changeset="164525254" timestamp="2025-04-04T19:15:50Z" user="Facalderonm" uid="1759764" lat="7.1390319" lon="-73.1165015"/>
 <node id="12729586539" visible="true" version="1" changeset="164525254" timestamp="2025-04-04T19:15:50Z" user="Facalderonm" uid="1759764" lat="7.1390951" lon="-73.1164240"/>
 <node id="12729586540" visible="true" version="1" changeset="164525254" timestamp="2025-04-04T19:15:50Z" user="Facalderonm" uid="1759764" lat="7.1374456" lon="-73.1150928"/>
 <node id="12729586541" visible="true" version="1" changeset="164525254" timestamp="2025-04-04T19:15:50Z" user="Facalderonm" uid="1759764" lat="7.1373322" lon="-73.1150249"/>
 <node id="12729586542" visible="true" version="1" changeset="164525254" timestamp="2025-04-04T19:15:50Z" user="Facalderonm" uid="1759764" lat="7.1372453" lon="-73.1149963"/>
 <node id="12729586543" visible="true" version="1" changeset="164525254" timestamp="2025-04-04T19:15:50Z" user="Facalderonm" uid="1759764" lat="7.1371301" lon="-73.1149945"/>
 <node id="12729586544" visible="true" version="1" changeset="164525254" timestamp="2025-04-04T19:15:50Z" user="Facalderonm" uid="1759764" lat="7.1382233" lon="-73.1157346"/>
 <node id="12729586546" visible="true" version="1" changeset="164525254" timestamp="2025-04-04T19:15:50Z" user="Facalderonm" uid="1759764" lat="7.1375485" lon="-73.1151780"/>
 <node id="12729586547" visible="true" version="1" changeset="164525254" timestamp="2025-04-04T19:15:50Z" user="Facalderonm" uid="1759764" lat="7.1366037" lon="-73.1150284"/>
 <node id="12729586548" visible="true" version="1" changeset="164525254" timestamp="2025-04-04T19:15:50Z" user="Facalderonm" uid="1759764" lat="7.1364389" lon="-73.1151267"/>
 <node id="12729665213" visible="true" version="1" changeset="164526272" timestamp="2025-04-04T19:48:30Z" user="Facalderonm" uid="1759764" lat="7.1322905" lon="-73.1199323"/>
 <node id="12745716373" visible="true" version="1" changeset="164791217" timestamp="2025-04-10T23:19:41Z" user="Facalderonm" uid="1759764" lat="7.1393611" lon="-73.1238995"/>
 <node id="12745716374" visible="true" version="1" changeset="164791217" timestamp="2025-04-10T23:19:41Z" user="Facalderonm" uid="1759764" lat="7.1395004" lon="-73.1231783"/>
 <node id="12745716375" visible="true" version="1" changeset="164791217" timestamp="2025-04-10T23:19:41Z" user="Facalderonm" uid="1759764" lat="7.1391831" lon="-73.1231160"/>
 <node id="12745716376" visible="true" version="1" changeset="164791217" timestamp="2025-04-10T23:19:41Z" user="Facalderonm" uid="1759764" lat="7.1390436" lon="-73.1238371"/>
 <node id="12745716377" visible="true" version="1" changeset="164791217" timestamp="2025-04-10T23:19:41Z" user="Facalderonm" uid="1759764" lat="7.1397671" lon="-73.1239823"/>
 <node id="12745716378" visible="true" version="1" changeset="164791217" timestamp="2025-04-10T23:19:41Z" user="Facalderonm" uid="1759764" lat="7.1399065" lon="-73.1232611"/>
 <node id="12745716379" visible="true" version="1" changeset="164791217" timestamp="2025-04-10T23:19:41Z" user="Facalderonm" uid="1759764" lat="7.1395891" lon="-73.1231988"/>
 <node id="12745716380" visible="true" version="1" changeset="164791217" timestamp="2025-04-10T23:19:41Z" user="Facalderonm" uid="1759764" lat="7.1394496" lon="-73.1239200"/>
 <node id="12745760206" visible="true" version="1" changeset="164791312" timestamp="2025-04-10T23:24:04Z" user="Facalderonm" uid="1759764" lat="7.1398873" lon="-73.1237009"/>
 <node id="12745760207" visible="true" version="1" changeset="164791312" timestamp="2025-04-10T23:24:04Z" user="Facalderonm" uid="1759764" lat="7.1406119" lon="-73.1241448"/>
 <node id="12745760208" visible="true" version="1" changeset="164791312" timestamp="2025-04-10T23:24:04Z" user="Facalderonm" uid="1759764" lat="7.1398926" lon="-73.1239967"/>
 <node id="12745760209" visible="true" version="1" changeset="164791312" timestamp="2025-04-10T23:24:04Z" user="Facalderonm" uid="1759764" lat="7.1400370" lon="-73.1232844"/>
 <node id="12745760210" visible="true" version="1" changeset="164791312" timestamp="2025-04-10T23:24:04Z" user="Facalderonm" uid="1759764" lat="7.1407563" lon="-73.1234324"/>
 <node id="12745786967" visible="true" version="1" changeset="164791739" timestamp="2025-04-10T23:45:51Z" user="Facalderonm" uid="1759764" lat="7.1405529" lon="-73.1250353"/>
 <node id="12745786974" visible="true" version="1" changeset="164791739" timestamp="2025-04-10T23:45:51Z" user="Facalderonm" uid="1759764" lat="7.1428248" lon="-73.1244823"/>
 <node id="12745786975" visible="true" version="1" changeset="164791739" timestamp="2025-04-10T23:45:51Z" user="Facalderonm" uid="1759764" lat="7.1427099" lon="-73.1243982"/>
 <node id="12745786976" visible="true" version="1" changeset="164791739" timestamp="2025-04-10T23:45:51Z" user="Facalderonm" uid="1759764" lat="7.1418740" lon="-73.1244804"/>
 <node id="12745786977" visible="true" version="1" changeset="164791739" timestamp="2025-04-10T23:45:51Z" user="Facalderonm" uid="1759764" lat="7.1417609" lon="-73.1244468"/>
 <node id="12745786978" visible="true" version="1" changeset="164791739" timestamp="2025-04-10T23:45:51Z" user="Facalderonm" uid="1759764" lat="7.1416497" lon="-73.1243609"/>
 <node id="12745786979" visible="true" version="1" changeset="164791739" timestamp="2025-04-10T23:45:51Z" user="Facalderonm" uid="1759764" lat="7.1414717" lon="-73.1243609"/>
 <node id="12745786980" visible="true" version="1" changeset="164791739" timestamp="2025-04-10T23:45:51Z" user="Facalderonm" uid="1759764" lat="7.1407192" lon="-73.1241924"/>
 <node id="12745786981" visible="true" version="1" changeset="164791739" timestamp="2025-04-10T23:45:51Z" user="Facalderonm" uid="1759764" lat="7.1438107" lon="-73.1231710"/>
 <node id="12745786982" visible="true" version="1" changeset="164791739" timestamp="2025-04-10T23:45:51Z" user="Facalderonm" uid="1759764" lat="7.1439462" lon="-73.1232980"/>
 <node id="12745786983" visible="true" version="1" changeset="164791739" timestamp="2025-04-10T23:45:51Z" user="Facalderonm" uid="1759764" lat="7.1437942" lon="-73.1234138"/>
 <node id="12745786984" visible="true" version="1" changeset="164791739" timestamp="2025-04-10T23:45:51Z" user="Facalderonm" uid="1759764" lat="7.1436200" lon="-73.1235819"/>
 <node id="12745786985" visible="true" version="1" changeset="164791739" timestamp="2025-04-10T23:45:51Z" user="Facalderonm" uid="1759764" lat="7.1434198" lon="-73.1237967"/>
 <node id="12745786986" visible="true" version="1" changeset="164791739" timestamp="2025-04-10T23:45:51Z" user="Facalderonm" uid="1759764" lat="7.1431992" lon="-73.1241722"/>
 <node id="12745789507" visible="true" version="1" changeset="164791739" timestamp="2025-04-10T23:45:51Z" user="Facalderonm" uid="1759764" lat="7.1407021" lon="-73.1242791"/>
 <node id="12745789531" visible="true" version="1" changeset="164791739" timestamp="2025-04-10T23:45:51Z" user="Facalderonm" uid="1759764" lat="7.1410487" lon="-73.1269648"/>
 <node id="12745789532" visible="true" version="1" changeset="164791739" timestamp="2025-04-10T23:45:51Z" user="Facalderonm" uid="1759764" lat="7.1413598" lon="-73.1252387"/>
 <node id="12745789561" visible="true" version="1" changeset="164791739" timestamp="2025-04-10T23:45:51Z" user="Facalderonm" uid="1759764" lat="7.1415419" lon="-73.1307143"/>
 <node id="12745789562" visible="true" version="1" changeset="164791739" timestamp="2025-04-10T23:45:51Z" user="Facalderonm" uid="1759764" lat="7.1414970" lon="-73.1304486"/>
 <node id="12745789563" visible="true" version="1" changeset="164791739" timestamp="2025-04-10T23:45:51Z" user="Facalderonm" uid="1759764" lat="7.1414620" lon="-73.1301871"/>
 <node id="12745789564" visible="true" version="1" changeset="164791739" timestamp="2025-04-10T23:45:51Z" user="Facalderonm" uid="1759764" lat="7.1414451" lon="-73.1298931"/>
 <node id="12745789565" visible="true" version="2" changeset="164792548" timestamp="2025-04-11T00:23:42Z" user="Facalderonm" uid="1759764" lat="7.1414727" lon="-73.1295768"/>
 <node id="12745789586" visible="true" version="1" changeset="164791739" timestamp="2025-04-10T23:45:51Z" user="Facalderonm" uid="1759764" lat="7.1409054" lon="-73.1277596"/>
 <node id="12745789587" visible="true" version="1" changeset="164791739" timestamp="2025-04-10T23:45:51Z" user="Facalderonm" uid="1759764" lat="7.1410390" lon="-73.1270185"/>
 <node id="12745825685" visible="true" version="2" changeset="164792548" timestamp="2025-04-11T00:23:42Z" user="Facalderonm" uid="1759764" lat="7.1416992" lon="-73.1311558"/>
 <node id="12745856705" visible="true" version="1" changeset="164792548" timestamp="2025-04-11T00:23:42Z" user="Facalderonm" uid="1759764" lat="7.1414527" lon="-73.1300262"/>
 <node id="12745856707" visible="true" version="1" changeset="164792548" timestamp="2025-04-11T00:23:42Z" user="Facalderonm" uid="1759764" lat="7.1413303" lon="-73.1295475"/>
 <node id="12745856708" visible="true" version="1" changeset="164792548" timestamp="2025-04-11T00:23:42Z" user="Facalderonm" uid="1759764" lat="7.1407395" lon="-73.1286660"/>
 <node id="12745856711" visible="true" version="1" changeset="164792548" timestamp="2025-04-11T00:23:42Z" user="Facalderonm" uid="1759764" lat="7.1408902" lon="-73.1278440"/>
 <node id="12745856717" visible="true" version="1" changeset="164792548" timestamp="2025-04-11T00:23:42Z" user="Facalderonm" uid="1759764" lat="7.1414572" lon="-73.1301040"/>
 <node id="12745856726" visible="true" version="1" changeset="164792548" timestamp="2025-04-11T00:23:42Z" user="Facalderonm" uid="1759764" lat="7.1415802" lon="-73.1320338"/>
 <node id="12745914481" visible="true" version="2" changeset="164793459" timestamp="2025-04-11T01:18:27Z" user="Facalderonm" uid="1759764" lat="7.1434512" lon="-73.1350184"/>
 <node id="12745920206" visible="true" version="1" changeset="164793459" timestamp="2025-04-11T01:18:27Z" user="Facalderonm" uid="1759764" lat="7.1418889" lon="-73.1335587"/>
 <node id="12754855928" visible="true" version="1" changeset="164950197" timestamp="2025-04-14T17:36:47Z" user="Facalderonm" uid="1759764" lat="7.1253356" lon="-73.1220992"/>
 <node id="12760078144" visible="true" version="1" changeset="165037046" timestamp="2025-04-16T16:33:47Z" user="Facalderonm" uid="1759764" lat="7.1401641" lon="-73.1215444"/>
 <node id="12760078145" visible="true" version="1" changeset="165037046" timestamp="2025-04-16T16:33:47Z" user="Facalderonm" uid="1759764" lat="7.1401093" lon="-73.1215452"/>
 <node id="12760078146" visible="true" version="1" changeset="165037046" timestamp="2025-04-16T16:33:47Z" user="Facalderonm" uid="1759764" lat="7.1401098" lon="-73.1215824"/>
 <node id="12760078147" visible="true" version="1" changeset="165037046" timestamp="2025-04-16T16:33:47Z" user="Facalderonm" uid="1759764" lat="7.1401130" lon="-73.1218095"/>
 <node id="12760078148" visible="true" version="1" changeset="165037046" timestamp="2025-04-16T16:33:47Z" user="Facalderonm" uid="1759764" lat="7.1401396" lon="-73.1215448"/>
 <node id="12760078149" visible="true" version="1" changeset="165037046" timestamp="2025-04-16T16:33:47Z" user="Facalderonm" uid="1759764" lat="7.1401401" lon="-73.1215819"/>
 <node id="12861831648" visible="true" version="1" changeset="166718351" timestamp="2025-05-25T03:10:08Z" user="Facalderonm" uid="1759764" lat="7.1393785" lon="-73.1202461">
  <tag k="artist_name" v="Eduardo Ramírez Villamizar"/>
  <tag k="artwork_type" v="sculpture"/>
  <tag k="name" v="Lección de Geometría"/>
  <tag k="tourism" v="artwork"/>
 </node>
 <node id="13071629715" visible="true" version="1" changeset="170457800" timestamp="2025-08-14T22:18:12Z" user="Lolj" uid="14546644" lat="7.1394497" lon="-73.1200407">
  <tag k="leaf_cycle" v="evergreen"/>
  <tag k="leaf_type" v="needleleaved"/>
  <tag k="natural" v="tree"/>
 </node>
 <node id="13071629716" visible="true" version="1" changeset="170457800" timestamp="2025-08-14T22:18:12Z" user="Lolj" uid="14546644" lat="7.1394522" lon="-73.1199566">
  <tag k="natural" v="tree"/>
 </node>
 <node id="13071629717" visible="true" version="1" changeset="170457800" timestamp="2025-08-14T22:18:12Z" user="Lolj" uid="14546644" lat="7.1394548" lon="-73.1198793">
  <tag k="natural" v="tree"/>
 </node>
 <node id="13071629718" visible="true" version="1" changeset="170457800" timestamp="2025-08-14T22:18:12Z" user="Lolj" uid="14546644" lat="7.1394778" lon="-73.1197900">
  <tag k="natural" v="tree"/>
 </node>
 <node id="13071629719" visible="true" version="1" changeset="170457800" timestamp="2025-08-14T22:18:12Z" user="Lolj" uid="14546644" lat="7.1395135" lon="-73.1197188">
  <tag k="natural" v="tree"/>
 </node>
 <node id="13071629720" visible="true" version="1" changeset="170457800" timestamp="2025-08-14T22:18:12Z" user="Lolj" uid="14546644" lat="7.1394352" lon="-73.1208170"/>
 <node id="13071629721" visible="true" version="1" changeset="170457800" timestamp="2025-08-14T22:18:12Z" user="Lolj" uid="14546644" lat="7.1393951" lon="-73.1208183"/>
 <node id="13071629722" visible="true" version="1" changeset="170457800" timestamp="2025-08-14T22:18:12Z" user="Lolj" uid="14546644" lat="7.1393918" lon="-73.1205627"/>
 <node id="13071629723" visible="true" version="1" changeset="170457800" timestamp="2025-08-14T22:18:12Z" user="Lolj" uid="14546644" lat="7.1394332" lon="-73.1205627"/>
 <node id="13071629724" visible="true" version="1" changeset="170457800" timestamp="2025-08-14T22:18:12Z" user="Lolj" uid="14546644" lat="7.1405128" lon="-73.1198590"/>
 <node id="13071629725" visible="true" version="1" changeset="170457800" timestamp="2025-08-14T22:18:12Z" user="Lolj" uid="14546644" lat="7.1402821" lon="-73.1196095"/>
 <node id="13071629726" visible="true" version="1" changeset="170457800" timestamp="2025-08-14T22:18:12Z" user="Lolj" uid="14546644" lat="7.1402723" lon="-73.1192140"/>
 <node id="13071629727" visible="true" version="1" changeset="170457800" timestamp="2025-08-14T22:18:12Z" user="Lolj" uid="14546644" lat="7.1406353" lon="-73.1192074"/>
 <node id="13071629728" visible="true" version="1" changeset="170457800" timestamp="2025-08-14T22:18:12Z" user="Lolj" uid="14546644" lat="7.1406373" lon="-73.1194523"/>
 <node id="13071629729" visible="true" version="1" changeset="170457800" timestamp="2025-08-14T22:18:12Z" user="Lolj" uid="14546644" lat="7.1420376" lon="-73.1180025"/>
 <node id="13071629730" visible="true" version="1" changeset="170457800" timestamp="2025-08-14T22:18:12Z" user="Lolj" uid="14546644" lat="7.1420623" lon="-73.1180410"/>
 <node id="13071629731" visible="true" version="1" changeset="170457800" timestamp="2025-08-14T22:18:12Z" user="Lolj" uid="14546644" lat="7.1422084" lon="-73.1179504"/>
 <node id="13071629732" visible="true" version="1" changeset="170457800" timestamp="2025-08-14T22:18:12Z" user="Lolj" uid="14546644" lat="7.1422263" lon="-73.1179867"/>
 <node id="13071629733" visible="true" version="1" changeset="170457800" timestamp="2025-08-14T22:18:12Z" user="Lolj" uid="14546644" lat="7.1423284" lon="-73.1179342"/>
 <node id="13071629734" visible="true" version="1" changeset="170457800" timestamp="2025-08-14T22:18:12Z" user="Lolj" uid="14546644" lat="7.1423073" lon="-73.1178870"/>
 <node id="13071629735" visible="true" version="1" changeset="170457800" timestamp="2025-08-14T22:18:12Z" user="Lolj" uid="14546644" lat="7.1423432" lon="-73.1178644"/>
 <node id="13071629736" visible="true" version="1" changeset="170457800" timestamp="2025-08-14T22:18:12Z" user="Lolj" uid="14546644" lat="7.1423214" lon="-73.1178132"/>
 <node id="13071629737" visible="true" version="1" changeset="170457800" timestamp="2025-08-14T22:18:12Z" user="Lolj" uid="14546644" lat="7.1423612" lon="-73.1177783"/>
 <node id="13071629738" visible="true" version="1" changeset="170457800" timestamp="2025-08-14T22:18:12Z" user="Lolj" uid="14546644" lat="7.1423118" lon="-73.1176673"/>
 <node id="13071629739" visible="true" version="1" changeset="170457800" timestamp="2025-08-14T22:18:12Z" user="Lolj" uid="14546644" lat="7.1422443" lon="-73.1176832"/>
 <node id="13071629740" visible="true" version="1" changeset="170457800" timestamp="2025-08-14T22:18:12Z" user="Lolj" uid="14546644" lat="7.1422376" lon="-73.1177488"/>
 <node id="13071629741" visible="true" version="1" changeset="170457800" timestamp="2025-08-14T22:18:12Z" user="Lolj" uid="14546644" lat="7.1421477" lon="-73.1178145"/>
 <node id="13071629742" visible="true" version="1" changeset="170457800" timestamp="2025-08-14T22:18:12Z" user="Lolj" uid="14546644" lat="7.1421477" lon="-73.1178938"/>
 <node id="13071629743" visible="true" version="1" changeset="170457800" timestamp="2025-08-14T22:18:12Z" user="Lolj" uid="14546644" lat="7.1419452" lon="-73.1180089"/>
 <node id="13071629744" visible="true" version="1" changeset="170457800" timestamp="2025-08-14T22:18:12Z" user="Lolj" uid="14546644" lat="7.1417071" lon="-73.1196332"/>
 <node id="13071629745" visible="true" version="1" changeset="170457800" timestamp="2025-08-14T22:18:12Z" user="Lolj" uid="14546644" lat="7.1415914" lon="-73.1195406"/>
 <node id="13071629746" visible="true" version="1" changeset="170457800" timestamp="2025-08-14T22:18:12Z" user="Lolj" uid="14546644" lat="7.1417071" lon="-73.1195406"/>
 <node id="13071629747" visible="true" version="1" changeset="170457800" timestamp="2025-08-14T22:18:12Z" user="Lolj" uid="14546644" lat="7.1406336" lon="-73.1205948"/>
 <node id="13071629748" visible="true" version="1" changeset="170457800" timestamp="2025-08-14T22:18:12Z" user="Lolj" uid="14546644" lat="7.1407554" lon="-73.1204902"/>
 <node id="13071629749" visible="true" version="1" changeset="170457800" timestamp="2025-08-14T22:18:12Z" user="Lolj" uid="14546644" lat="7.1410979" lon="-73.1206814"/>
 <node id="13071629750" visible="true" version="1" changeset="170457800" timestamp="2025-08-14T22:18:12Z" user="Lolj" uid="14546644" lat="7.1411379" lon="-73.1206212"/>
 <node id="13071629751" visible="true" version="1" changeset="170457800" timestamp="2025-08-14T22:18:12Z" user="Lolj" uid="14546644" lat="7.1411457" lon="-73.1205639"/>
 <node id="13071629752" visible="true" version="1" changeset="170457800" timestamp="2025-08-14T22:18:12Z" user="Lolj" uid="14546644" lat="7.1411340" lon="-73.1204859"/>
 <node id="13071629753" visible="true" version="1" changeset="170457800" timestamp="2025-08-14T22:18:12Z" user="Lolj" uid="14546644" lat="7.1410966" lon="-73.1204247"/>
 <node id="13071629754" visible="true" version="1" changeset="170457800" timestamp="2025-08-14T22:18:12Z" user="Lolj" uid="14546644" lat="7.1410153" lon="-73.1203714"/>
 <node id="13071629755" visible="true" version="1" changeset="170457800" timestamp="2025-08-14T22:18:12Z" user="Lolj" uid="14546644" lat="7.1409159" lon="-73.1203571"/>
 <node id="13071629756" visible="true" version="1" changeset="170457800" timestamp="2025-08-14T22:18:12Z" user="Lolj" uid="14546644" lat="7.1407713" lon="-73.1203596"/>
 <node id="13071629757" visible="true" version="1" changeset="170457800" timestamp="2025-08-14T22:18:12Z" user="Lolj" uid="14546644" lat="7.1404593" lon="-73.1196831">
  <tag k="natural" v="tree"/>
 </node>
 <node id="13071629758" visible="true" version="1" changeset="170457800" timestamp="2025-08-14T22:18:12Z" user="Lolj" uid="14546644" lat="7.1404036" lon="-73.1196467">
  <tag k="natural" v="tree"/>
 </node>
 <node id="13071629759" visible="true" version="1" changeset="170457800" timestamp="2025-08-14T22:18:12Z" user="Lolj" uid="14546644" lat="7.1403762" lon="-73.1194968">
  <tag k="natural" v="tree"/>
 </node>
 <node id="13071629760" visible="true" version="1" changeset="170457800" timestamp="2025-08-14T22:18:12Z" user="Lolj" uid="14546644" lat="7.1404163" lon="-73.1195895">
  <tag k="natural" v="tree"/>
 </node>
 <node id="13071629761" visible="true" version="1" changeset="170457800" timestamp="2025-08-14T22:18:12Z" user="Lolj" uid="14546644" lat="7.1404681" lon="-73.1197403">
  <tag k="natural" v="tree"/>
 </node>
 <node id="13071629762" visible="true" version="1" changeset="170457800" timestamp="2025-08-14T22:18:12Z" user="Lolj" uid="14546644" lat="7.1403634" lon="-73.1195372">
  <tag k="natural" v="tree"/>
 </node>
 <node id="13071629763" visible="true" version="1" changeset="170457800" timestamp="2025-08-14T22:18:12Z" user="Lolj" uid="14546644" lat="7.1404173" lon="-73.1192326">
  <tag k="natural" v="tree"/>
 </node>
 <node id="13071629764" visible="true" version="1" changeset="170457800" timestamp="2025-08-14T22:18:12Z" user="Lolj" uid="14546644" lat="7.1404339" lon="-73.1193657">
  <tag k="natural" v="tree"/>
 </node>
 <node id="13071629765" visible="true" version="1" changeset="170457800" timestamp="2025-08-14T22:18:12Z" user="Lolj" uid="14546644" lat="7.1403586" lon="-73.1193943">
  <tag k="natural" v="tree"/>
 </node>
 <node id="13071629766" visible="true" version="1" changeset="170457800" timestamp="2025-08-14T22:18:12Z" user="Lolj" uid="14546644" lat="7.1405043" lon="-73.1193469">
  <tag k="natural" v="tree"/>
 </node>
 <node id="13071629767" visible="true" version="1" changeset="170457800" timestamp="2025-08-14T22:18:12Z" user="Lolj" uid="14546644" lat="7.1405552" lon="-73.1192888">
  <tag k="natural" v="tree"/>
 </node>
 <node id="13071629768" visible="true" version="1" changeset="170457800" timestamp="2025-08-14T22:18:12Z" user="Lolj" uid="14546644" lat="7.1405620" lon="-73.1194002">
  <tag k="natural" v="tree"/>
 </node>
 <node id="13071629769" visible="true" version="1" changeset="170457800" timestamp="2025-08-14T22:18:12Z" user="Lolj" uid="14546644" lat="7.1404583" lon="-73.1194544">
  <tag k="natural" v="tree"/>
 </node>
 <node id="13071629770" visible="true" version="1" changeset="170457800" timestamp="2025-08-14T22:18:12Z" user="Lolj" uid="14546644" lat="7.1402459" lon="-73.1190852"/>
 <node id="13071629771" visible="true" version="1" changeset="170457800" timestamp="2025-08-14T22:18:12Z" user="Lolj" uid="14546644" lat="7.1401996" lon="-73.1190854"/>
 <node id="13071629772" visible="true" version="1" changeset="170457800" timestamp="2025-08-14T22:18:12Z" user="Lolj" uid="14546644" lat="7.1401995" lon="-73.1190543"/>
 <node id="13071629773" visible="true" version="1" changeset="170457800" timestamp="2025-08-14T22:18:12Z" user="Lolj" uid="14546644" lat="7.1402458" lon="-73.1190541"/>
 <node id="13071629774" visible="true" version="1" changeset="170457800" timestamp="2025-08-14T22:18:12Z" user="Lolj" uid="14546644" lat="7.1403219" lon="-73.1190858"/>
 <node id="13071629775" visible="true" version="1" changeset="170457800" timestamp="2025-08-14T22:18:12Z" user="Lolj" uid="14546644" lat="7.1402756" lon="-73.1190860"/>
 <node id="13071629776" visible="true" version="1" changeset="170457800" timestamp="2025-08-14T22:18:12Z" user="Lolj" uid="14546644" lat="7.1402755" lon="-73.1190550"/>
 <node id="13071629777" visible="true" version="1" changeset="170457800" timestamp="2025-08-14T22:18:12Z" user="Lolj" uid="14546644" lat="7.1403218" lon="-73.1190548"/>
 <node id="13071629778" visible="true" version="1" changeset="170457800" timestamp="2025-08-14T22:18:12Z" user="Lolj" uid="14546644" lat="7.1403954" lon="-73.1190826"/>
 <node id="13071629779" visible="true" version="1" changeset="170457800" timestamp="2025-08-14T22:18:12Z" user="Lolj" uid="14546644" lat="7.1403491" lon="-73.1190828"/>
 <node id="13071629780" visible="true" version="1" changeset="170457800" timestamp="2025-08-14T22:18:12Z" user="Lolj" uid="14546644" lat="7.1403489" lon="-73.1190518"/>
 <node id="13071629781" visible="true" version="1" changeset="170457800" timestamp="2025-08-14T22:18:12Z" user="Lolj" uid="14546644" lat="7.1403952" lon="-73.1190516"/>
 <node id="13071629782" visible="true" version="1" changeset="170457800" timestamp="2025-08-14T22:18:12Z" user="Lolj" uid="14546644" lat="7.1406969" lon="-73.1173897"/>
 <node id="13071629783" visible="true" version="1" changeset="170457800" timestamp="2025-08-14T22:18:12Z" user="Lolj" uid="14546644" lat="7.1400616" lon="-73.1166309"/>
 <node id="13071629784" visible="true" version="1" changeset="170457800" timestamp="2025-08-14T22:18:12Z" user="Lolj" uid="14546644" lat="7.1403192" lon="-73.1163944"/>
 <node id="13071629785" visible="true" version="1" changeset="170457800" timestamp="2025-08-14T22:18:12Z" user="Lolj" uid="14546644" lat="7.1409596" lon="-73.1171664"/>
 <node id="13337486925" visible="true" version="1" changeset="175221340" timestamp="2025-11-28T03:01:29Z" user="Haeape1" uid="23111686" lat="7.1390564" lon="-73.1164028"/>
 <node id="13337486926" visible="true" version="1" changeset="175221340" timestamp="2025-11-28T03:01:29Z" user="Haeape1" uid="23111686" lat="7.1388941" lon="-73.1162784"/>
 <node id="13337486927" visible="true" version="1" changeset="175221340" timestamp="2025-11-28T03:01:29Z" user="Haeape1" uid="23111686" lat="7.1386532" lon="-73.1160830"/>
 <node id="13337486928" visible="true" version="1" changeset="175221340" timestamp="2025-11-28T03:01:29Z" user="Haeape1" uid="23111686" lat="7.1381518" lon="-73.1156771"/>
 <node id="13337486929" visible="true" version="1" changeset="175221340" timestamp="2025-11-28T03:01:29Z" user="Haeape1" uid="23111686" lat="7.1374627" lon="-73.1151070"/>
 <node id="13337486930" visible="true" version="1" changeset="175221340" timestamp="2025-11-28T03:01:29Z" user="Haeape1" uid="23111686" lat="7.1355376" lon="-73.1151956"/>
 <node id="13337486931" visible="true" version="1" changeset="175221340" timestamp="2025-11-28T03:01:29Z" user="Haeape1" uid="23111686" lat="7.1350172" lon="-73.1152353"/>
 <node id="13337486932" visible="true" version="1" changeset="175221340" timestamp="2025-11-28T03:01:29Z" user="Haeape1" uid="23111686" lat="7.1345765" lon="-73.1162867"/>
 <node id="13337486933" visible="true" version="1" changeset="175221340" timestamp="2025-11-28T03:01:29Z" user="Haeape1" uid="23111686" lat="7.1346089" lon="-73.1170579"/>
 <node id="13337486949" visible="true" version="1" changeset="175221340" timestamp="2025-11-28T03:01:29Z" user="Haeape1" uid="23111686" lat="7.1345697" lon="-73.1161268"/>
 <node id="13343752942" visible="true" version="1" changeset="175338550" timestamp="2025-12-01T02:58:23Z" user="Haeape1" uid="23111686" lat="7.1387065" lon="-73.1214638"/>
 <node id="13358666660" visible="true" version="1" changeset="175608602" timestamp="2025-12-07T03:58:08Z" user="Haeape1" uid="23111686" lat="7.1376586" lon="-73.1151270"/>
 <node id="13358666661" visible="true" version="1" changeset="175608602" timestamp="2025-12-07T03:58:08Z" user="Haeape1" uid="23111686" lat="7.1376130" lon="-73.1150469"/>
 <node id="13585996850" visible="true" version="1" changeset="178841343" timestamp="2026-02-21T02:13:10Z" user="Karol VRC" uid="23819593" lat="7.1409822" lon="-73.1223633"/>
 <way id="70285943" visible="true" version="15" changeset="170502237" timestamp="2025-08-15T23:08:33Z" user="Haeape1" uid="23111686">
  <nd ref="951833639"/>
  <nd ref="12714286781"/>
  <nd ref="12238458875"/>
  <nd ref="12222723053"/>
  <nd ref="839090828"/>
  <nd ref="5419457121"/>
  <nd ref="12238458855"/>
  <nd ref="12238458854"/>
  <nd ref="12152644134"/>
  <nd ref="5419457122"/>
  <tag k="highway" v="service"/>
  <tag k="name" v="Vía Central UIS"/>
  <tag k="surface" v="asphalt"/>
 </way>
 <way id="70286637" visible="true" version="19" changeset="170502237" timestamp="2025-08-15T23:08:33Z" user="Haeape1" uid="23111686">
  <nd ref="839094512"/>
  <nd ref="12714286779"/>
  <nd ref="12714469861"/>
  <nd ref="839097339"/>
  <tag k="highway" v="footway"/>
  <tag k="lanes" v="2"/>
  <tag k="mechanical" v="yes"/>
  <tag k="name" v="Sendero Central UIS"/>
  <tag k="oneway" v="no"/>
  <tag k="surface" v="paving_stones"/>
 </way>
 <way id="70287358" visible="true" version="11" changeset="164299848" timestamp="2025-03-30T18:41:33Z" user="Facalderonm" uid="1759764">
  <nd ref="5419481239"/>
  <nd ref="5419481195"/>
  <nd ref="839100982"/>
  <nd ref="12714325347"/>
  <nd ref="5419481238"/>
  <nd ref="2791578979"/>
  <nd ref="5419481237"/>
  <nd ref="5419481236"/>
  <nd ref="5419481233"/>
  <nd ref="839095713"/>
  <nd ref="5419481235"/>
  <nd ref="5419481234"/>
  <nd ref="2791578981"/>
  <tag k="highway" v="residential"/>
  <tag k="name" v="Calle 5"/>
 </way>
 <way id="70287426" visible="true" version="20" changeset="164791312" timestamp="2025-04-10T23:24:04Z" user="Facalderonm" uid="1759764">
  <nd ref="2791578992"/>
  <nd ref="12745760206"/>
  <nd ref="839090233"/>
  <nd ref="839101960"/>
  <nd ref="839096390"/>
  <nd ref="839104012"/>
  <nd ref="7742072206"/>
  <nd ref="839088215"/>
  <nd ref="839101016"/>
  <nd ref="839091666"/>
  <nd ref="839089340"/>
  <nd ref="948467468"/>
  <nd ref="948467265"/>
  <nd ref="839099281"/>
  <tag k="highway" v="residential"/>
  <tag k="name" v="Calle 7"/>
  <tag k="oneway" v="yes"/>
 </way>
 <way id="95021440" visible="true" version="6" changeset="164299848" timestamp="2025-03-30T18:41:33Z" user="Facalderonm" uid="1759764">
  <nd ref="2791578992"/>
  <nd ref="12714325362"/>
  <nd ref="12714325360"/>
  <nd ref="839091980"/>
  <nd ref="5419481196"/>
  <tag k="highway" v="residential"/>
  <tag k="name" v="Carrera 25"/>
 </way>
 <way id="95021447" visible="true" version="16" changeset="171239385" timestamp="2025-08-30T17:55:13Z" user="tuxcoon19" uid="21886215">
  <nd ref="12222711211"/>
  <nd ref="12714469838"/>
  <nd ref="12238458866"/>
  <nd ref="12714469839"/>
  <nd ref="12222705689"/>
  <nd ref="12230761858"/>
  <nd ref="12714286775"/>
  <nd ref="839091399"/>
  <tag k="highway" v="service"/>
  <tag k="name" v="Vía Sur UIS"/>
  <tag k="surface" v="sett"/>
 </way>
 <way id="95021585" visible="true" version="10" changeset="164305061" timestamp="2025-03-30T20:53:58Z" user="Facalderonm" uid="1759764">
  <nd ref="951833639"/>
  <nd ref="6364071039"/>
  <nd ref="839104401"/>
  <nd ref="12222493551"/>
  <nd ref="6364071048"/>
  <nd ref="12222493554"/>
  <nd ref="12222493555"/>
  <nd ref="11057499597"/>
  <nd ref="4829149595"/>
  <tag k="access" v="private"/>
  <tag k="highway" v="footway"/>
  <tag k="lanes" v="2"/>
  <tag k="mechanical" v="yes"/>
  <tag k="oneway" v="no"/>
  <tag k="surface" v="paving_stones"/>
 </way>
 <way id="95021685" visible="true" version="25" changeset="164525254" timestamp="2025-04-04T19:15:50Z" user="Facalderonm" uid="1759764">
  <nd ref="4829139880"/>
  <nd ref="5408088837"/>
  <nd ref="9275533538"/>
  <nd ref="12708734170"/>
  <nd ref="9275533539"/>
  <nd ref="5407959888"/>
  <nd ref="5407959889"/>
  <nd ref="9301986483"/>
  <nd ref="1102541569"/>
  <nd ref="9275533541"/>
  <nd ref="839098130"/>
  <nd ref="12708734173"/>
  <nd ref="12708734175"/>
  <nd ref="12714342625"/>
  <nd ref="5397420746"/>
  <nd ref="9925469143"/>
  <nd ref="5407959920"/>
  <nd ref="4077105103"/>
  <nd ref="839091693"/>
  <tag k="highway" v="residential"/>
  <tag k="name" v="Carrera 30"/>
 </way>
 <way id="118214824" visible="true" version="4" changeset="157470043" timestamp="2024-10-04T16:45:58Z" user="JuanoDavo" uid="11097243">
  <nd ref="1329929640"/>
  <nd ref="1329929625"/>
  <nd ref="1329929646"/>
  <nd ref="1329929638"/>
  <nd ref="1329929635"/>
  <nd ref="1329929660"/>
  <nd ref="1329929661"/>
  <nd ref="1329929632"/>
  <nd ref="1329929658"/>
  <nd ref="1329929651"/>
  <nd ref="1329929627"/>
  <nd ref="1329929656"/>
  <nd ref="1329929626"/>
  <nd ref="1329929662"/>
  <nd ref="1329929637"/>
  <nd ref="1329929655"/>
  <nd ref="1329929647"/>
  <nd ref="1329929631"/>
  <nd ref="1329929642"/>
  <nd ref="1329929645"/>
  <nd ref="1329929649"/>
  <nd ref="1329929630"/>
  <nd ref="1329929648"/>
  <nd ref="12222665298"/>
  <nd ref="1329929652"/>
  <nd ref="12222665293"/>
  <nd ref="1329929629"/>
  <nd ref="1329929657"/>
  <nd ref="12222665294"/>
  <nd ref="1329929641"/>
  <nd ref="1329929634"/>
  <nd ref="12222665297"/>
  <nd ref="1329929650"/>
  <nd ref="1329929639"/>
  <nd ref="1329929643"/>
  <nd ref="12222665296"/>
  <nd ref="1329929628"/>
  <nd ref="1329929636"/>
  <nd ref="1329929640"/>
 </way>
 <way id="156416030" visible="true" version="8" changeset="170457800" timestamp="2025-08-14T22:18:12Z" user="Lolj" uid="14546644">
  <nd ref="1686596977"/>
  <nd ref="12714801971"/>
  <nd ref="5408088848"/>
  <nd ref="12714801967"/>
  <nd ref="5408088847"/>
  <nd ref="12714801968"/>
  <nd ref="1686597105"/>
  <nd ref="12714801969"/>
  <nd ref="12222669913"/>
  <nd ref="12714801970"/>
  <nd ref="5408088849"/>
  <nd ref="1686597012"/>
  <nd ref="13071629784"/>
  <nd ref="13071629783"/>
  <nd ref="1686597039"/>
  <nd ref="1686597040"/>
  <nd ref="12222669926"/>
  <nd ref="1686597013"/>
  <nd ref="12222669929"/>
  <nd ref="12222669930"/>
  <nd ref="12222669928"/>
  <nd ref="12222669927"/>
  <nd ref="5408088845"/>
  <nd ref="12222669931"/>
  <nd ref="5408088846"/>
  <nd ref="12222669932"/>
  <nd ref="1686596977"/>
  <tag k="access" v="permissive"/>
  <tag k="leisure" v="pitch"/>
  <tag k="name" v="(UIS 44) Diamante Béisbol - Sóftbol"/>
  <tag k="sport" v="baseball;softball"/>
  <tag k="surface" v="sand"/>
 </way>
 <way id="156416031" visible="true" version="14" changeset="174251279" timestamp="2025-11-05T17:22:56Z" user="geekbga2024" uid="22506499">
  <nd ref="1686597005"/>
  <nd ref="12714342628"/>
  <nd ref="7847400178"/>
  <nd ref="1686597034"/>
  <nd ref="1686597107"/>
  <nd ref="1686597094"/>
  <nd ref="12708508754"/>
  <nd ref="12708508753"/>
  <nd ref="12222405346"/>
  <nd ref="1686597093"/>
  <nd ref="1686597038"/>
  <nd ref="12708508723"/>
  <nd ref="12708508724"/>
  <nd ref="1686597029"/>
  <nd ref="12222405357"/>
  <nd ref="12222405356"/>
  <nd ref="11057499583"/>
  <nd ref="12708508734"/>
  <nd ref="1686597044"/>
  <nd ref="1686597009"/>
  <nd ref="1686597074"/>
  <nd ref="12708508757"/>
  <nd ref="1686597066"/>
  <nd ref="1686597027"/>
  <nd ref="12714120934"/>
  <nd ref="12714342627"/>
  <nd ref="1686597005"/>
  <tag k="addr:housenumber" v="28 - 77"/>
  <tag k="addr:street" v="Calle 10"/>
  <tag k="amenity" v="school"/>
  <tag k="education" v="school"/>
  <tag k="loc_name" v="Técnologico"/>
  <tag k="name" v="Instituto Técnico Superior Dámaso Zapata"/>
 </way>
 <way id="156416283" visible="true" version="8" changeset="176881588" timestamp="2026-01-05T22:45:58Z" user="Haeape1" uid="23111686">
  <nd ref="1686599659"/>
  <nd ref="1686599657"/>
  <nd ref="1686599632"/>
  <nd ref="12714801954"/>
  <nd ref="12714801957"/>
  <nd ref="12714801956"/>
  <nd ref="12714801955"/>
  <nd ref="1686599655"/>
  <nd ref="12714801953"/>
  <nd ref="12714801952"/>
  <nd ref="1686599659"/>
  <tag k="building" v="university"/>
  <tag k="building:levels" v="1"/>
  <tag k="height" v="7"/>
  <tag k="name" v="(UIS 43) Coliseo UIS"/>
  <tag k="sport" v="basketball"/>
 </way>
 <way id="156416284" visible="true" version="5" changeset="164307755" timestamp="2025-03-30T22:43:53Z" user="Facalderonm" uid="1759764">
  <nd ref="1686599653"/>
  <nd ref="1686599650"/>
  <nd ref="839097843"/>
  <nd ref="1686599628"/>
  <nd ref="1686599653"/>
  <tag k="access" v="permissive"/>
  <tag k="leisure" v="pitch"/>
  <tag k="lit" v="yes"/>
  <tag k="name" v="(UIS 41) Cancha de Fútbol Sur"/>
  <tag k="sport" v="soccer"/>
  <tag k="surface" v="arena"/>
 </way>
 <way id="162321994" visible="true" version="13" changeset="176881588" timestamp="2026-01-05T22:45:58Z" user="Haeape1" uid="23111686">
  <nd ref="1742250652"/>
  <nd ref="1742250650"/>
  <nd ref="12714648937"/>
  <nd ref="12222723054"/>
  <nd ref="7847400166"/>
  <nd ref="1742250651"/>
  <nd ref="1742250653"/>
  <nd ref="7847297673"/>
  <nd ref="12222468381"/>
  <nd ref="1742250652"/>
  <tag k="amenity" v="library"/>
  <tag k="building" v="yes"/>
  <tag k="building:levels" v="4"/>
  <tag k="height" v="15"/>
  <tag k="internet_access" v="wlan"/>
  <tag k="internet_access:fee" v="customers"/>
  <tag k="internet_access:ssid" v="Invitados UIS"/>
  <tag k="name" v="(UIS 12) Biblioteca"/>
  <tag k="opening_hours" v="Mo-Su 06:00-20:00"/>
  <tag k="operator" v="Universidad Industrial de Santander"/>
  <tag k="operator:type" v="public"/>
 </way>
 <way id="177924077" visible="true" version="7" changeset="164441019" timestamp="2025-04-02T21:53:13Z" user="Facalderonm" uid="1759764">
  <nd ref="1883250951"/>
  <nd ref="12714129099"/>
  <nd ref="12714129101"/>
  <nd ref="12714129102"/>
  <nd ref="12714129103"/>
  <nd ref="12714129104"/>
  <nd ref="12714129105"/>
  <nd ref="12714129100"/>
  <nd ref="12714129106"/>
  <nd ref="12714129109"/>
  <nd ref="12714129108"/>
  <nd ref="1883250919"/>
  <nd ref="1883250991"/>
  <nd ref="12714129107"/>
  <nd ref="12714129074"/>
  <nd ref="12714129075"/>
  <nd ref="12714129076"/>
  <nd ref="12714129093"/>
  <nd ref="12714129094"/>
  <nd ref="12714129077"/>
  <nd ref="12714129078"/>
  <nd ref="12714129072"/>
  <nd ref="12714129073"/>
  <nd ref="12714129071"/>
  <nd ref="1883250953"/>
  <nd ref="1883250962"/>
  <nd ref="1883251000"/>
  <nd ref="1883250978"/>
  <nd ref="1883250961"/>
  <nd ref="1883251022"/>
  <nd ref="12714120998"/>
  <nd ref="12714120996"/>
  <nd ref="12714120997"/>
  <nd ref="12714120993"/>
  <nd ref="12714120994"/>
  <nd ref="12714120995"/>
  <nd ref="12714120992"/>
  <nd ref="12714120991"/>
  <nd ref="12714120967"/>
  <nd ref="9275652994"/>
  <nd ref="1883250921"/>
  <nd ref="9275533536"/>
  <nd ref="9275533535"/>
  <nd ref="12714120968"/>
  <nd ref="9275533533"/>
  <nd ref="12714120955"/>
  <nd ref="9275533532"/>
  <nd ref="9275533531"/>
  <nd ref="9275533530"/>
  <nd ref="9275533529"/>
  <nd ref="9275533528"/>
  <nd ref="12724301371"/>
  <nd ref="9275533524"/>
  <nd ref="2246907776"/>
  <nd ref="12714120986"/>
  <nd ref="1883251008"/>
  <nd ref="1883250942"/>
  <nd ref="1883250936"/>
  <nd ref="1883250888"/>
  <nd ref="12724394008"/>
  <nd ref="1883250885"/>
  <nd ref="12724394007"/>
  <nd ref="1883251003"/>
  <nd ref="1883250956"/>
  <nd ref="12724378868"/>
  <nd ref="12724378869"/>
  <nd ref="12724394006"/>
  <nd ref="12724394036"/>
  <nd ref="12724378872"/>
  <nd ref="12724378871"/>
  <nd ref="12724378870"/>
  <nd ref="1883250918"/>
  <nd ref="1883251015"/>
  <nd ref="1883250880"/>
  <nd ref="1883250940"/>
  <nd ref="1883250990"/>
  <nd ref="1883250980"/>
  <nd ref="1883250948"/>
  <nd ref="1883250988"/>
  <nd ref="1883250984"/>
  <nd ref="5345126243"/>
  <nd ref="1883250906"/>
  <nd ref="1883251011"/>
  <nd ref="1883250950"/>
  <nd ref="1883250989"/>
  <nd ref="1883250959"/>
  <nd ref="1883250949"/>
  <nd ref="1883250960"/>
  <nd ref="1883250979"/>
  <nd ref="1883250883"/>
  <nd ref="1883251019"/>
  <nd ref="12714190742"/>
  <nd ref="12714190681"/>
  <nd ref="12714190680"/>
  <nd ref="12714190677"/>
  <nd ref="12714190678"/>
  <nd ref="12714190676"/>
  <nd ref="12714190679"/>
  <nd ref="12714190675"/>
  <nd ref="1883251005"/>
  <nd ref="12714190657"/>
  <nd ref="1883250983"/>
  <nd ref="1883250982"/>
  <nd ref="1883250925"/>
  <nd ref="1883250886"/>
  <nd ref="1883250977"/>
  <nd ref="1883250899"/>
  <nd ref="1883250909"/>
  <nd ref="1883250903"/>
  <nd ref="1883251009"/>
  <nd ref="1883250904"/>
  <nd ref="1883250951"/>
  <tag k="landuse" v="forest"/>
 </way>
 <way id="274444810" visible="true" version="14" changeset="164791217" timestamp="2025-04-10T23:19:41Z" user="Facalderonm" uid="1759764">
  <nd ref="2791599646"/>
  <nd ref="2791599645"/>
  <tag k="highway" v="residential"/>
  <tag k="name" v="Calle 7A"/>
  <tag k="oneway" v="yes"/>
 </way>
 <way id="301986346" visible="true" version="9" changeset="164305061" timestamp="2025-03-30T20:53:58Z" user="Facalderonm" uid="1759764">
  <nd ref="3061857936"/>
  <nd ref="12222511325"/>
  <nd ref="3061857937"/>
  <nd ref="7847400122"/>
  <nd ref="12231874659"/>
  <nd ref="3061857938"/>
  <nd ref="12152644144"/>
  <nd ref="3061857939"/>
  <nd ref="7847400130"/>
  <nd ref="3061857940"/>
  <nd ref="7847400123"/>
  <nd ref="3061857941"/>
  <nd ref="3061857942"/>
  <nd ref="12152644140"/>
  <nd ref="3061857943"/>
  <nd ref="3061857936"/>
  <tag k="addr:city" v="Bucaramanga"/>
  <tag k="addr:housenumber" v="3"/>
  <tag k="addr:street" v="Carrera 27"/>
  <tag k="building" v="university"/>
  <tag k="building:levels" v="4"/>
  <tag k="height" v="12"/>
  <tag k="name" v="(UIS 32) Facultad de Ingeniería Físicomecánicas"/>
  <tag k="smoking" v="no"/>
 </way>
 <way id="312645690" visible="true" version="29" changeset="175338550" timestamp="2025-12-01T02:58:23Z" user="Haeape1" uid="23111686">
  <nd ref="1686597005"/>
  <nd ref="12714342628"/>
  <nd ref="7847400178"/>
  <nd ref="1686597034"/>
  <nd ref="7742032307"/>
  <nd ref="12714342622"/>
  <nd ref="12714286783"/>
  <nd ref="12714286784"/>
  <nd ref="7742048558"/>
  <nd ref="7847400175"/>
  <nd ref="7847400167"/>
  <nd ref="12714286772"/>
  <nd ref="12222468369"/>
  <nd ref="5419457108"/>
  <nd ref="5419456999"/>
  <nd ref="7009299187"/>
  <nd ref="3185164920"/>
  <nd ref="12714342630"/>
  <nd ref="12714342629"/>
  <nd ref="839098435"/>
  <nd ref="3185164936"/>
  <nd ref="12714648920"/>
  <nd ref="12714648914"/>
  <nd ref="12714325369"/>
  <nd ref="12714325366"/>
  <nd ref="12714648915"/>
  <nd ref="12714648912"/>
  <nd ref="12714648909"/>
  <nd ref="12714648913"/>
  <nd ref="12714648956"/>
  <nd ref="3185165274"/>
  <nd ref="3185165280"/>
  <nd ref="3185165282"/>
  <nd ref="3185165284"/>
  <nd ref="3185165310"/>
  <nd ref="3185165335"/>
  <nd ref="3185165330"/>
  <nd ref="3185165334"/>
  <nd ref="3185165312"/>
  <nd ref="12714648989"/>
  <nd ref="3185165289"/>
  <nd ref="7847432251"/>
  <nd ref="3185165296"/>
  <nd ref="7847432256"/>
  <nd ref="12714649039"/>
  <nd ref="3185165325"/>
  <nd ref="3185165278"/>
  <nd ref="12714120979"/>
  <nd ref="9275652997"/>
  <nd ref="3185165273"/>
  <nd ref="5407959900"/>
  <nd ref="5407959898"/>
  <nd ref="12714120970"/>
  <nd ref="12714648873"/>
  <nd ref="3185164959"/>
  <nd ref="3185164952"/>
  <nd ref="3185164951"/>
  <nd ref="3185164948"/>
  <nd ref="3185164947"/>
  <nd ref="3185164944"/>
  <nd ref="3185164940"/>
  <nd ref="12714648879"/>
  <nd ref="12714648872"/>
  <nd ref="3185164939"/>
  <nd ref="12708734168"/>
  <nd ref="3185164934"/>
  <nd ref="3185164933"/>
  <nd ref="12714120930"/>
  <nd ref="3185164929"/>
  <nd ref="12714120931"/>
  <nd ref="1686597027"/>
  <nd ref="12714120934"/>
  <nd ref="12714342627"/>
  <nd ref="1686597005"/>
  <tag k="addr:housenumber" v="27-01"/>
  <tag k="addr:street" v="Calle 9"/>
  <tag k="amenity" v="university"/>
  <tag k="check_date" v="2024-08-30"/>
  <tag k="education" v="university"/>
  <tag k="internet_access" v="yes"/>
  <tag k="internet_access:fee" v="no"/>
  <tag k="internet_access:ssid" v="COMUNIDAD UIS"/>
  <tag k="name" v="Universidad Industrial de Santander"/>
  <tag k="website" v="wwww.uis.edu.co"/>
  <tag k="wikidata" v="Q1053303"/>
  <tag k="wikimedia_commons" v="Category:Universidad Industrial de Santander"/>
  <tag k="wikipedia" v="es:Universidad Industrial de Santander"/>
 </way>
 <way id="490726107" visible="true" version="18" changeset="170502237" timestamp="2025-08-15T23:08:33Z" user="Haeape1" uid="23111686">
  <nd ref="5621484312"/>
  <nd ref="4829149538"/>
  <nd ref="4829149539"/>
  <nd ref="5419438844"/>
  <nd ref="4829149540"/>
  <nd ref="4829149541"/>
  <nd ref="5419438845"/>
  <nd ref="12230761847"/>
  <nd ref="4829149542"/>
  <nd ref="4829149543"/>
  <nd ref="12230761842"/>
  <nd ref="12714648972"/>
  <nd ref="4829149544"/>
  <nd ref="12230761851"/>
  <nd ref="4829149546"/>
  <nd ref="12230761852"/>
  <nd ref="5419438846"/>
  <nd ref="5419438847"/>
  <nd ref="4829149547"/>
  <nd ref="9302019041"/>
  <nd ref="4829149548"/>
  <nd ref="4829149549"/>
  <nd ref="5621484309"/>
  <tag k="highway" v="service"/>
  <tag k="name" v="Vía Norte UIS"/>
  <tag k="oneway" v="yes"/>
 </way>
 <way id="490726108" visible="true" version="7" changeset="176881588" timestamp="2026-01-05T22:45:58Z" user="Haeape1" uid="23111686">
  <nd ref="4829149564"/>
  <nd ref="4829149563"/>
  <nd ref="4829149562"/>
  <nd ref="4829149561"/>
  <nd ref="4829149560"/>
  <nd ref="4829149559"/>
  <nd ref="4829149564"/>
  <tag k="building" v="university"/>
  <tag k="building:levels" v="3"/>
  <tag k="height" v="11"/>
  <tag k="name" v="(UIS 14) Instituto de Lenguas"/>
 </way>
 <way id="490726109" visible="true" version="3" changeset="164307755" timestamp="2025-03-30T22:43:53Z" user="Facalderonm" uid="1759764">
  <nd ref="4829149568"/>
  <nd ref="4829149567"/>
  <nd ref="4829149566"/>
  <nd ref="4829149565"/>
  <nd ref="4829149568"/>
 </way>
 <way id="490726111" visible="true" version="6" changeset="164307755" timestamp="2025-03-30T22:43:53Z" user="Facalderonm" uid="1759764">
  <nd ref="4829149576"/>
  <nd ref="4829149575"/>
  <nd ref="4829149574"/>
  <nd ref="12222665292"/>
  <nd ref="4829149576"/>
  <tag k="access" v="permissive"/>
  <tag k="leisure" v="pitch"/>
  <tag k="lit" v="yes"/>
  <tag k="sport" v="soccer"/>
  <tag k="surface" v="grass"/>
 </way>
 <way id="490726112" visible="true" version="3" changeset="157470043" timestamp="2024-10-04T16:45:58Z" user="JuanoDavo" uid="11097243">
  <nd ref="4829149609"/>
  <nd ref="12222665282"/>
  <nd ref="4829149608"/>
  <nd ref="12222665283"/>
  <nd ref="4829149607"/>
  <nd ref="4829149606"/>
  <nd ref="12222665281"/>
  <nd ref="12222665295"/>
  <nd ref="4829149605"/>
  <nd ref="4829149604"/>
  <nd ref="4829149603"/>
  <nd ref="4829149602"/>
  <nd ref="4829149601"/>
  <nd ref="4829149600"/>
  <nd ref="4829149599"/>
  <nd ref="12222665280"/>
  <nd ref="4829149598"/>
  <nd ref="4829149597"/>
  <nd ref="4829149596"/>
  <nd ref="4829149578"/>
  <nd ref="4829149579"/>
  <nd ref="4829149595"/>
  <nd ref="4829149581"/>
  <nd ref="4829149580"/>
  <nd ref="4829149594"/>
  <nd ref="4829149593"/>
  <nd ref="12222665291"/>
  <nd ref="4829149592"/>
  <nd ref="4829149591"/>
  <nd ref="4829149577"/>
  <nd ref="12222665290"/>
  <nd ref="4829149590"/>
  <nd ref="12222665289"/>
  <nd ref="4829149589"/>
  <nd ref="12222665287"/>
  <nd ref="4829149588"/>
  <nd ref="12222665288"/>
  <nd ref="4829149587"/>
  <nd ref="4829149586"/>
  <nd ref="4829149585"/>
  <nd ref="4829149583"/>
  <nd ref="12222665286"/>
  <nd ref="12222665285"/>
  <nd ref="4829149582"/>
  <nd ref="12222665284"/>
  <nd ref="4829149609"/>
 </way>
 <way id="490726115" visible="true" version="9" changeset="164525254" timestamp="2025-04-04T19:15:50Z" user="Facalderonm" uid="1759764">
  <nd ref="1102541569"/>
  <nd ref="9925469149"/>
  <nd ref="12729586535"/>
  <nd ref="4829149632"/>
  <tag k="highway" v="residential"/>
  <tag k="name" v="Calle 10"/>
 </way>
 <way id="554313264" visible="true" version="2" changeset="164307755" timestamp="2025-03-30T22:43:53Z" user="Facalderonm" uid="1759764">
  <nd ref="5349596685"/>
  <nd ref="5349596686"/>
  <nd ref="5349596687"/>
  <nd ref="5349596688"/>
  <nd ref="5349596685"/>
  <tag k="leisure" v="pitch"/>
  <tag k="name" v="(UIS 42) Canchas Múltiples"/>
  <tag k="sport" v="beachvolleyball"/>
  <tag k="surface" v="sand"/>
 </way>
 <way id="554313265" visible="true" version="3" changeset="164307755" timestamp="2025-03-30T22:43:53Z" user="Facalderonm" uid="1759764">
  <nd ref="5349596689"/>
  <nd ref="5349596690"/>
  <nd ref="5349596691"/>
  <nd ref="5349596692"/>
  <nd ref="5349596689"/>
  <tag k="access" v="permissive"/>
  <tag k="leisure" v="pitch"/>
  <tag k="lit" v="yes"/>
  <tag k="name" v="(UIS 42) Canchas Múltiples"/>
  <tag k="sport" v="volleyball"/>
 </way>
 <way id="554313266" visible="true" version="2" changeset="164307755" timestamp="2025-03-30T22:43:53Z" user="Facalderonm" uid="1759764">
  <nd ref="5349596693"/>
  <nd ref="5349596694"/>
  <nd ref="5349596695"/>
  <nd ref="5349596696"/>
  <nd ref="5349596693"/>
  <tag k="leisure" v="pitch"/>
  <tag k="name" v="(UIS 42) Canchas Múltiples"/>
  <tag k="sport" v="basketball"/>
 </way>
 <way id="554313267" visible="true" version="4" changeset="164307755" timestamp="2025-03-30T22:43:53Z" user="Facalderonm" uid="1759764">
  <nd ref="5349596697"/>
  <nd ref="5349596698"/>
  <nd ref="5349596699"/>
  <nd ref="5349596700"/>
  <nd ref="5349596697"/>
  <tag k="leisure" v="pitch"/>
  <tag k="name" v="(UIS 42) Canchas Múltiples"/>
  <tag k="sport" v="basketball"/>
 </way>
 <way id="554313268" visible="true" version="5" changeset="164307755" timestamp="2025-03-30T22:43:53Z" user="Facalderonm" uid="1759764">
  <nd ref="5349596701"/>
  <nd ref="5349596702"/>
  <nd ref="5349596703"/>
  <nd ref="5349596704"/>
  <nd ref="5349596701"/>
  <tag k="leisure" v="pitch"/>
  <tag k="name" v="(UIS 42) Canchas Múltiples"/>
  <tag k="sport" v="futsal"/>
 </way>
 <way id="554313269" visible="true" version="3" changeset="164307755" timestamp="2025-03-30T22:43:53Z" user="Facalderonm" uid="1759764">
  <nd ref="5349596705"/>
  <nd ref="5349596706"/>
  <nd ref="5349596707"/>
  <nd ref="5349596708"/>
  <nd ref="5349596705"/>
  <tag k="leisure" v="sports_centre"/>
  <tag k="name" v="(UIS 42) Canchas Múltiples"/>
 </way>
 <way id="558005048" visible="true" version="9" changeset="176881588" timestamp="2026-01-05T22:45:58Z" user="Haeape1" uid="23111686">
  <nd ref="5380836451"/>
  <nd ref="12230761869"/>
  <nd ref="5380836452"/>
  <nd ref="5380836453"/>
  <nd ref="13071629724"/>
  <nd ref="5380836454"/>
  <nd ref="13071629728"/>
  <nd ref="5380836456"/>
  <nd ref="12714648997"/>
  <nd ref="12714648998"/>
  <nd ref="12714648999"/>
  <nd ref="12714649000"/>
  <nd ref="12714649001"/>
  <nd ref="12714648996"/>
  <nd ref="5380836451"/>
  <tag k="building" v="university"/>
  <tag k="building:levels" v="3"/>
  <tag k="height" v="9"/>
  <tag k="name" v="(UIS 3) Administración 1"/>
 </way>
 <way id="560792520" visible="true" version="7" changeset="175608602" timestamp="2025-12-07T03:58:08Z" user="Haeape1" uid="23111686">
  <nd ref="5407959903"/>
  <nd ref="9925469164"/>
  <nd ref="9925469165"/>
  <nd ref="9925469166"/>
  <nd ref="9925469167"/>
  <nd ref="9925469168"/>
  <nd ref="9925469169"/>
  <nd ref="9925469170"/>
  <nd ref="5407959869"/>
  <nd ref="5407959870"/>
  <nd ref="5407959875"/>
  <nd ref="9925469171"/>
  <nd ref="7612475672"/>
  <nd ref="7612475673"/>
  <nd ref="9925469172"/>
  <nd ref="5407959877"/>
  <nd ref="5407959879"/>
  <nd ref="9925469173"/>
  <nd ref="9925469174"/>
  <nd ref="5407959881"/>
  <nd ref="5407959882"/>
  <nd ref="9925469175"/>
  <nd ref="9925469176"/>
  <nd ref="5407959883"/>
  <nd ref="9925469177"/>
  <nd ref="9925469178"/>
  <tag k="access" v="private"/>
  <tag k="highway" v="service"/>
  <tag k="name" v="Ejército Nacional - Batallón de Ingenieros"/>
 </way>
 <way id="560792526" visible="true" version="22" changeset="170502237" timestamp="2025-08-15T23:08:33Z" user="Haeape1" uid="23111686">
  <nd ref="839088314"/>
  <nd ref="12714801949"/>
  <nd ref="12222669942"/>
  <nd ref="1686599626"/>
  <nd ref="13071629726"/>
  <nd ref="13071629727"/>
  <nd ref="11057499597"/>
  <nd ref="1686599648"/>
  <nd ref="7612840159"/>
  <nd ref="5407961853"/>
  <nd ref="5407961852"/>
  <nd ref="6364071075"/>
  <nd ref="5407961851"/>
  <nd ref="9301986477"/>
  <nd ref="5407961848"/>
  <nd ref="5407961846"/>
  <nd ref="7610398982"/>
  <nd ref="12714649011"/>
  <nd ref="7610398981"/>
  <nd ref="5408041136"/>
  <nd ref="5407961842"/>
  <nd ref="12714649012"/>
  <nd ref="5407961841"/>
  <nd ref="12222669936"/>
  <nd ref="5407961839"/>
  <nd ref="12714649013"/>
  <nd ref="5407961837"/>
  <nd ref="5407961833"/>
  <nd ref="7610398978"/>
  <nd ref="7610398979"/>
  <nd ref="12714801973"/>
  <nd ref="7610398977"/>
  <nd ref="5408088844"/>
  <nd ref="12714648871"/>
  <nd ref="12714648870"/>
  <nd ref="5407961829"/>
  <nd ref="5407961828"/>
  <nd ref="7610398976"/>
  <nd ref="7755796984"/>
  <nd ref="5407961826"/>
  <nd ref="12714648872"/>
  <nd ref="9301986482"/>
  <nd ref="1102541569"/>
  <tag k="highway" v="service"/>
  <tag k="name" v="Vía Oriental UIS"/>
  <tag k="oneway" v="yes"/>
 </way>
 <way id="560792527" visible="true" version="13" changeset="170502237" timestamp="2025-08-15T23:08:33Z" user="Haeape1" uid="23111686">
  <nd ref="12714342625"/>
  <nd ref="4829149640"/>
  <nd ref="12714801966"/>
  <nd ref="12714342624"/>
  <nd ref="839088314"/>
  <tag k="highway" v="service"/>
  <tag k="name" v="Vía Oriental UIS"/>
  <tag k="oneway" v="yes"/>
 </way>
 <way id="560795631" visible="true" version="5" changeset="170457800" timestamp="2025-08-14T22:18:12Z" user="Lolj" uid="14546644">
  <nd ref="5408041136"/>
  <nd ref="5408041137"/>
  <nd ref="5408041140"/>
  <nd ref="9732098279"/>
  <nd ref="13071629743"/>
  <nd ref="5408041141"/>
  <nd ref="7610398980"/>
  <nd ref="5408041142"/>
  <tag k="highway" v="service"/>
 </way>
 <way id="560801181" visible="true" version="6" changeset="176881588" timestamp="2026-01-05T22:45:58Z" user="Haeape1" uid="23111686">
  <nd ref="4829139880"/>
  <nd ref="5408088838"/>
  <nd ref="7610398974"/>
  <nd ref="5408088842"/>
  <nd ref="12714120971"/>
  <nd ref="5408088843"/>
  <nd ref="7610398975"/>
  <nd ref="12714120973"/>
  <nd ref="9302019065"/>
  <nd ref="9302019066"/>
  <nd ref="9302019067"/>
  <nd ref="12714120977"/>
  <nd ref="12714120976"/>
  <nd ref="12714120972"/>
  <nd ref="12714120975"/>
  <nd ref="7610409905"/>
  <nd ref="12714120974"/>
  <nd ref="12714120978"/>
  <nd ref="7610409906"/>
  <nd ref="12714129010"/>
  <nd ref="5407961863"/>
  <tag k="highway" v="residential"/>
  <tag k="name" v="Vía al Barrio Miradores de La UIS"/>
  <tag k="surface" v="unpaved"/>
 </way>
 <way id="562112530" visible="true" version="6" changeset="176881588" timestamp="2026-01-05T22:45:58Z" user="Haeape1" uid="23111686">
  <nd ref="5419421174"/>
  <nd ref="5419421179"/>
  <nd ref="5419421180"/>
  <nd ref="5419421181"/>
  <nd ref="5419421182"/>
  <nd ref="5419421183"/>
  <nd ref="5419421184"/>
  <nd ref="5419421185"/>
  <nd ref="5419421186"/>
  <nd ref="5419421187"/>
  <nd ref="5419421173"/>
  <nd ref="5419421178"/>
  <nd ref="5419421175"/>
  <nd ref="5419421176"/>
  <nd ref="5419421177"/>
  <nd ref="5419421174"/>
  <tag k="building" v="university"/>
  <tag k="building:levels" v="5"/>
  <tag k="height" v="12"/>
  <tag k="name" v="(UIS 45) CENIVAM - Centro Nacional de Investigaciones para la Agroindustrialización de Especies Vegetales Aromáticas y Medicinas Tropicales"/>
 </way>
 <way id="562112536" visible="true" version="7" changeset="164307755" timestamp="2025-03-30T22:43:53Z" user="Facalderonm" uid="1759764">
  <nd ref="5419421214"/>
  <nd ref="12222669919"/>
  <nd ref="12222669918"/>
  <nd ref="12222669933"/>
  <nd ref="5419421211"/>
  <nd ref="12222669915"/>
  <nd ref="12222669914"/>
  <nd ref="12222669916"/>
  <nd ref="12222669917"/>
  <nd ref="5419421212"/>
  <nd ref="5419421213"/>
  <nd ref="5419421214"/>
  <tag k="addr:city" v="Bucaramanga"/>
  <tag k="addr:postcode" v="680002"/>
  <tag k="addr:street" v="Calle 8"/>
  <tag k="building" v="apartments"/>
  <tag k="building:levels" v="3"/>
  <tag k="height" v="10"/>
  <tag k="name" v="(UIS 34) Residencias Estudiantiles"/>
 </way>
 <way id="562112550" visible="true" version="2" changeset="175338550" timestamp="2025-12-01T02:58:23Z" user="Haeape1" uid="23111686">
  <nd ref="5419421314"/>
  <nd ref="5419421311"/>
  <nd ref="5419421312"/>
  <nd ref="5419421313"/>
  <nd ref="5419421314"/>
  <tag k="leisure" v="pitch"/>
  <tag k="sport" v="shuffleboard"/>
 </way>
 <way id="562112551" visible="true" version="1" changeset="56453754" timestamp="2018-02-18T03:05:06Z" user="Lauretta_J" uid="7473667">
  <nd ref="5419421318"/>
  <nd ref="5419421315"/>
  <nd ref="5419421316"/>
  <nd ref="5419421317"/>
  <nd ref="5419421318"/>
  <tag k="building" v="yes"/>
 </way>
 <way id="562114608" visible="true" version="4" changeset="164305061" timestamp="2025-03-30T20:53:58Z" user="Facalderonm" uid="1759764">
  <nd ref="5419438877"/>
  <nd ref="5419438849"/>
  <nd ref="5419438878"/>
  <nd ref="5419438879"/>
  <nd ref="5419438880"/>
  <nd ref="5419438876"/>
  <nd ref="5419438877"/>
  <tag k="addr:city" v="Bucaramanga"/>
  <tag k="addr:street" v="Carrera 27"/>
  <tag k="building" v="university"/>
  <tag k="building:levels" v="2"/>
  <tag k="height" v="7"/>
  <tag k="name" v="(UIS 28) Laboratorio Hidráulica"/>
 </way>
 <way id="562114615" visible="true" version="7" changeset="164699906" timestamp="2025-04-08T22:38:57Z" user="VLD522" uid="15939397">
  <nd ref="5419438910"/>
  <nd ref="5419438907"/>
  <nd ref="5419438908"/>
  <nd ref="5419438904"/>
  <nd ref="5419438905"/>
  <nd ref="12230761859"/>
  <nd ref="5419438906"/>
  <nd ref="5419438903"/>
  <nd ref="5419438909"/>
  <nd ref="5419438910"/>
  <tag k="addr:city" v="Bucaramanga"/>
  <tag k="addr:street" v="Carrera 27"/>
  <tag k="building" v="university"/>
  <tag k="building:levels" v="5"/>
  <tag k="height" v="16"/>
  <tag k="name" v="Escuela de Ingnierías Eléctrica, Electrónica y de Telecomunicaciones"/>
 </way>
 <way id="562114617" visible="true" version="6" changeset="164305061" timestamp="2025-03-30T20:53:58Z" user="Facalderonm" uid="1759764">
  <nd ref="5419438924"/>
  <nd ref="5419438923"/>
  <nd ref="5419438920"/>
  <nd ref="5419438921"/>
  <nd ref="5419438919"/>
  <nd ref="5419438915"/>
  <nd ref="5419438916"/>
  <nd ref="5419438922"/>
  <nd ref="5419438924"/>
  <tag k="building" v="yes"/>
  <tag k="building:levels" v="1"/>
  <tag k="height" v="3"/>
  <tag k="name" v="(UIS 8) Casona La Perla"/>
 </way>
 <way id="562117100" visible="true" version="7" changeset="164305061" timestamp="2025-03-30T20:53:58Z" user="Facalderonm" uid="1759764">
  <nd ref="5419456765"/>
  <nd ref="5419456768"/>
  <nd ref="5419456769"/>
  <nd ref="12258452222"/>
  <nd ref="5419456770"/>
  <nd ref="5419456771"/>
  <nd ref="5419456764"/>
  <nd ref="5419456767"/>
  <nd ref="5419456766"/>
  <nd ref="5419456765"/>
  <tag k="addr:city" v="Bucaramanga"/>
  <tag k="addr:street" v="Carrera 27"/>
  <tag k="building" v="university"/>
  <tag k="building:levels" v="5"/>
  <tag k="height" v="15"/>
  <tag k="name" v="(UIS 19) CENTIC - Centro de Tecnología de Información y Comunicación"/>
 </way>
 <way id="562117105" visible="true" version="5" changeset="176881588" timestamp="2026-01-05T22:45:58Z" user="Haeape1" uid="23111686">
  <nd ref="5419456807"/>
  <nd ref="5419456806"/>
  <nd ref="5419456805"/>
  <nd ref="5419456804"/>
  <nd ref="5419456807"/>
  <tag k="building" v="university"/>
  <tag k="building:levels" v="4"/>
  <tag k="height" v="12"/>
  <tag k="name" v="(UIS 23) Facultad de Ciencias"/>
 </way>
 <way id="562117106" visible="true" version="7" changeset="176881588" timestamp="2026-01-05T22:45:58Z" user="Haeape1" uid="23111686">
  <nd ref="5419456815"/>
  <nd ref="12714469840"/>
  <nd ref="12714469841"/>
  <nd ref="12760078147"/>
  <nd ref="12760078146"/>
  <nd ref="12760078145"/>
  <nd ref="12714469842"/>
  <nd ref="12714469843"/>
  <nd ref="12714469844"/>
  <nd ref="12714469845"/>
  <nd ref="5419456812"/>
  <nd ref="5419456813"/>
  <nd ref="5419456814"/>
  <nd ref="12714469846"/>
  <nd ref="12714469847"/>
  <nd ref="5419456815"/>
  <tag k="building" v="university"/>
  <tag k="building:levels" v="4"/>
  <tag k="height" v="12"/>
  <tag k="name" v="(UIS 17) Laboratorios Livianos"/>
 </way>
 <way id="562117107" visible="true" version="7" changeset="165037046" timestamp="2025-04-16T16:33:47Z" user="Facalderonm" uid="1759764">
  <nd ref="5419456817"/>
  <nd ref="5419456819"/>
  <nd ref="5419456928"/>
  <nd ref="5419456929"/>
  <nd ref="12760078144"/>
  <nd ref="12760078148"/>
  <nd ref="12760078145"/>
  <nd ref="12760078146"/>
  <nd ref="12760078149"/>
  <nd ref="5419456818"/>
  <nd ref="5419456816"/>
  <nd ref="12222511303"/>
  <nd ref="5419456925"/>
  <nd ref="5419456820"/>
  <nd ref="5419456922"/>
  <nd ref="5419456921"/>
  <nd ref="5419456924"/>
  <nd ref="5419456817"/>
  <tag k="addr:city" v="Bucaramanga"/>
  <tag k="building" v="university"/>
  <tag k="building:levels" v="4"/>
  <tag k="height" v="13"/>
  <tag k="name" v="(UIS 18) Edificio Camilo Torres"/>
 </way>
 <way id="562117108" visible="true" version="5" changeset="164300738" timestamp="2025-03-30T19:00:03Z" user="Facalderonm" uid="1759764">
  <nd ref="5419456934"/>
  <nd ref="5419456931"/>
  <nd ref="5419456932"/>
  <nd ref="5419456933"/>
  <nd ref="5419456934"/>
  <tag k="amenity" v="theatre"/>
  <tag k="building" v="yes"/>
  <tag k="building:levels" v="4"/>
  <tag k="height" v="13"/>
  <tag k="name" v="(UIS 11) Aula Máxima de Ingeniería Mecánica - Auditorio Luis Eduardo Lobo C."/>
 </way>
 <way id="562117115" visible="true" version="8" changeset="176881588" timestamp="2026-01-05T22:45:58Z" user="Haeape1" uid="23111686">
  <nd ref="5419456974"/>
  <nd ref="5419456971"/>
  <nd ref="5419456972"/>
  <nd ref="5419456973"/>
  <nd ref="13071629723"/>
  <nd ref="13071629720"/>
  <nd ref="5419456974"/>
  <tag k="building" v="university"/>
  <tag k="building:levels" v="10"/>
  <tag k="height" v="27"/>
  <tag k="name" v="(UIS 9) Facultad de Ciencias Humanas 2"/>
 </way>
 <way id="562117119" visible="true" version="10" changeset="176881588" timestamp="2026-01-05T22:45:58Z" user="Haeape1" uid="23111686">
  <nd ref="5419457004"/>
  <nd ref="12714342631"/>
  <nd ref="12714342632"/>
  <nd ref="12714342633"/>
  <nd ref="12714342634"/>
  <nd ref="12231845587"/>
  <nd ref="5419456990"/>
  <nd ref="12714286769"/>
  <nd ref="5419457108"/>
  <nd ref="5419456999"/>
  <nd ref="7009299187"/>
  <nd ref="3185164920"/>
  <nd ref="12714342630"/>
  <nd ref="12714342629"/>
  <nd ref="839098435"/>
  <nd ref="5419457004"/>
  <tag k="building" v="university"/>
  <tag k="building:levels" v="7"/>
  <tag k="name" v="(UIS 37) Facultad de Ciencias Humanas - Edificio Virginia Gutiérrez"/>
 </way>
 <way id="562117132" visible="true" version="3" changeset="176881588" timestamp="2026-01-05T22:45:58Z" user="Haeape1" uid="23111686">
  <nd ref="5419457102"/>
  <nd ref="5419457101"/>
  <nd ref="5419457100"/>
  <nd ref="5419457099"/>
  <nd ref="5419457102"/>
  <tag k="building" v="school"/>
  <tag k="building:levels" v="1"/>
 </way>
 <way id="562117133" visible="true" version="3" changeset="176881588" timestamp="2026-01-05T22:45:58Z" user="Haeape1" uid="23111686">
  <nd ref="5419457106"/>
  <nd ref="5419457103"/>
  <nd ref="5419457104"/>
  <nd ref="5419457105"/>
  <nd ref="5419457106"/>
  <tag k="building" v="school"/>
  <tag k="building:levels" v="1"/>
 </way>
 <way id="562117134" visible="true" version="5" changeset="157675528" timestamp="2024-10-09T14:28:59Z" user="JuanoDavo" uid="11097243">
  <nd ref="5419457121"/>
  <nd ref="12238458851"/>
  <nd ref="12222723050"/>
  <nd ref="5419457120"/>
  <tag k="highway" v="service"/>
  <tag k="surface" v="asphalt"/>
 </way>
 <way id="562117139" visible="true" version="7" changeset="164687406" timestamp="2025-04-08T16:23:49Z" user="VLD522" uid="15939397">
  <nd ref="5419457158"/>
  <nd ref="5419457157"/>
  <nd ref="5419457156"/>
  <nd ref="5419457155"/>
  <nd ref="5419457154"/>
  <nd ref="5419457153"/>
  <nd ref="5419457152"/>
  <nd ref="5419457151"/>
  <nd ref="5419457150"/>
  <nd ref="5419457149"/>
  <nd ref="5419457148"/>
  <nd ref="5419457147"/>
  <nd ref="5419457159"/>
  <nd ref="5419457146"/>
  <nd ref="5419457145"/>
  <nd ref="5419457144"/>
  <nd ref="5419457143"/>
  <nd ref="5419457142"/>
  <nd ref="5419457141"/>
  <nd ref="5419457140"/>
  <nd ref="5419457139"/>
  <nd ref="5419457138"/>
  <nd ref="5419457137"/>
  <nd ref="5419457136"/>
  <nd ref="5419457158"/>
  <tag k="amenity" v="theatre"/>
  <tag k="check_date" v="2024-08-30"/>
  <tag k="lit" v="yes"/>
  <tag k="loc_name" v="Gallera UIS"/>
  <tag k="name" v="Auditorio al Aire Libre José Antonio Galán - La Gallera"/>
  <tag k="theatre:type" v="amphi"/>
 </way>
 <way id="562117140" visible="true" version="3" changeset="164305061" timestamp="2025-03-30T20:53:58Z" user="Facalderonm" uid="1759764">
  <nd ref="5419457163"/>
  <nd ref="5419457160"/>
  <nd ref="5419457161"/>
  <nd ref="5419457162"/>
  <nd ref="5419457163"/>
  <tag k="amenity" v="cafe"/>
  <tag k="building" v="yes"/>
  <tag k="cuisine" v="coffee_shop"/>
  <tag k="name" v="(UIS) Cafetería Central"/>
 </way>
 <way id="562117142" visible="true" version="3" changeset="158010170" timestamp="2024-10-17T14:13:21Z" user="JuanoDavo" uid="11097243">
  <nd ref="5419457166"/>
  <nd ref="5419457177"/>
  <nd ref="5419457178"/>
  <nd ref="5419457179"/>
  <nd ref="5419457164"/>
  <nd ref="5419457168"/>
  <nd ref="5419457173"/>
  <nd ref="5419457174"/>
  <nd ref="5419457172"/>
  <nd ref="5419457171"/>
  <nd ref="5419457175"/>
  <nd ref="12222511313"/>
  <nd ref="12222511312"/>
  <nd ref="12258379289"/>
  <nd ref="5419457176"/>
  <nd ref="5419457166"/>
 </way>
 <way id="562120276" visible="true" version="4" changeset="164305061" timestamp="2025-03-30T20:53:58Z" user="Facalderonm" uid="1759764">
  <nd ref="5419438847"/>
  <nd ref="7755654241"/>
  <nd ref="5419481240"/>
  <tag k="highway" v="service"/>
  <tag k="surface" v="asphalt"/>
 </way>
 <way id="562788873" visible="true" version="7" changeset="164305061" timestamp="2025-03-30T20:53:58Z" user="Facalderonm" uid="1759764">
  <nd ref="5424986319"/>
  <nd ref="5424986320"/>
  <nd ref="5424987421"/>
  <nd ref="5424987422"/>
  <nd ref="5424987423"/>
  <nd ref="5424987424"/>
  <nd ref="5424987425"/>
  <nd ref="5607542653"/>
  <nd ref="5607542652"/>
  <nd ref="5607542651"/>
  <nd ref="5607542650"/>
  <nd ref="5424987426"/>
  <nd ref="5424986319"/>
  <tag k="building" v="university"/>
  <tag k="building:levels" v="3"/>
  <tag k="height" v="11"/>
  <tag k="name" v="(UIS 33) Edificio Daniel Casas"/>
 </way>
 <way id="562788877" visible="true" version="4" changeset="164305061" timestamp="2025-03-30T20:53:58Z" user="Facalderonm" uid="1759764">
  <nd ref="5424987430"/>
  <nd ref="7847400115"/>
  <nd ref="7847400120"/>
  <nd ref="5424987431"/>
  <nd ref="12185066676"/>
  <nd ref="5424987433"/>
  <nd ref="5424987430"/>
  <tag k="building" v="university"/>
  <tag k="building:levels" v="7"/>
  <tag k="height" v="21"/>
  <tag k="name" v="(UIS 26) Bienestar Pro"/>
 </way>
 <way id="562788881" visible="true" version="8" changeset="164305061" timestamp="2025-03-30T20:53:58Z" user="Facalderonm" uid="1759764">
  <nd ref="5424987440"/>
  <nd ref="5424987441"/>
  <nd ref="5424987442"/>
  <nd ref="5424987443"/>
  <nd ref="5424987444"/>
  <nd ref="12222511326"/>
  <nd ref="12222511327"/>
  <nd ref="5424987445"/>
  <nd ref="5424987448"/>
  <nd ref="5424987449"/>
  <nd ref="7847400128"/>
  <nd ref="5424987450"/>
  <nd ref="5424987440"/>
  <tag k="addr:city" v="Bucaramanga"/>
  <tag k="addr:street" v="Carrera 27"/>
  <tag k="building" v="university"/>
  <tag k="building:levels" v="5"/>
  <tag k="height" v="15"/>
  <tag k="name" v="(UIS 31) Edificio Jorge Bautista Vesga"/>
 </way>
 <way id="588588643" visible="true" version="13" changeset="170502237" timestamp="2025-08-15T23:08:33Z" user="Haeape1" uid="23111686">
  <nd ref="5621484309"/>
  <nd ref="12714648944"/>
  <nd ref="12152644151"/>
  <nd ref="5419481240"/>
  <nd ref="12714648977"/>
  <nd ref="12152644157"/>
  <nd ref="12714648975"/>
  <nd ref="12222723063"/>
  <nd ref="7512658055"/>
  <nd ref="7512658054"/>
  <nd ref="12238458879"/>
  <nd ref="12222723061"/>
  <nd ref="5621484312"/>
  <tag k="highway" v="service"/>
  <tag k="lanes" v="2"/>
  <tag k="name" v="Via Occidental UIS"/>
  <tag k="oneway" v="yes"/>
  <tag k="surface" v="asphalt"/>
 </way>
 <way id="602241735" visible="true" version="5" changeset="176881588" timestamp="2026-01-05T22:45:58Z" user="Haeape1" uid="23111686">
  <nd ref="5721155652"/>
  <nd ref="5721155653"/>
  <nd ref="5721155654"/>
  <nd ref="5721155655"/>
  <nd ref="5721155652"/>
  <tag k="building" v="yes"/>
  <tag k="building:levels" v="3"/>
  <tag k="height" v="9"/>
  <tag k="name" v="(UIS 30) Planta de Aceros"/>
 </way>
 <way id="679642501" visible="true" version="4" changeset="164305061" timestamp="2025-03-30T20:53:58Z" user="Facalderonm" uid="1759764">
  <nd ref="6364023207"/>
  <nd ref="6364023208"/>
  <nd ref="6364023210"/>
  <nd ref="6364023215"/>
  <nd ref="12714649014"/>
  <nd ref="6364023216"/>
  <nd ref="6364023218"/>
  <nd ref="6364023207"/>
  <tag k="amenity" v="parking_space"/>
  <tag k="capacity" v="56"/>
 </way>
 <way id="679646873" visible="true" version="3" changeset="164302575" timestamp="2025-03-30T19:41:52Z" user="Facalderonm" uid="1759764">
  <nd ref="6364071030"/>
  <nd ref="6364071031"/>
  <nd ref="6364071032"/>
  <nd ref="6364071033"/>
  <nd ref="7847432209"/>
  <nd ref="6364071030"/>
  <tag k="amenity" v="parking_space"/>
  <tag k="capacity" v="300"/>
  <tag k="parking_space" v="normal"/>
 </way>
 <way id="679646874" visible="true" version="8" changeset="164305061" timestamp="2025-03-30T20:53:58Z" user="Facalderonm" uid="1759764">
  <nd ref="5419457120"/>
  <nd ref="6364071034"/>
  <nd ref="12714648933"/>
  <nd ref="6364071036"/>
  <nd ref="12714648932"/>
  <nd ref="6364071040"/>
  <nd ref="12258379286"/>
  <nd ref="7512658054"/>
  <tag k="highway" v="footway"/>
  <tag k="surface" v="paving_stones"/>
 </way>
 <way id="679646875" visible="true" version="7" changeset="164305061" timestamp="2025-03-30T20:53:58Z" user="Facalderonm" uid="1759764">
  <nd ref="6364071045"/>
  <nd ref="6364071042"/>
  <nd ref="12222468373"/>
  <nd ref="7847297672"/>
  <nd ref="6364071040"/>
  <nd ref="12714648931"/>
  <nd ref="12222723062"/>
  <nd ref="12152644136"/>
  <nd ref="12152644155"/>
  <tag k="highway" v="footway"/>
  <tag k="surface" v="concrete"/>
 </way>
 <way id="679646878" visible="true" version="2" changeset="85109526" timestamp="2020-05-12T23:58:18Z" user="JuanoDavo" uid="11097243">
  <nd ref="6364071051"/>
  <nd ref="6364071052"/>
  <nd ref="6364071053"/>
  <nd ref="6364071054"/>
  <nd ref="6364071051"/>
  <tag k="amenity" v="parking_space"/>
  <tag k="capacity" v="100"/>
  <tag k="parking_space" v="normal"/>
 </way>
 <way id="679646879" visible="true" version="10" changeset="170457800" timestamp="2025-08-14T22:18:12Z" user="Lolj" uid="14546644">
  <nd ref="951833639"/>
  <nd ref="839097339"/>
  <nd ref="7847432213"/>
  <nd ref="6364071055"/>
  <nd ref="7847432210"/>
  <nd ref="13071629725"/>
  <nd ref="6977530680"/>
  <tag k="highway" v="footway"/>
  <tag k="surface" v="paving_stones"/>
 </way>
 <way id="679646880" visible="true" version="9" changeset="164307755" timestamp="2025-03-30T22:43:53Z" user="Facalderonm" uid="1759764">
  <nd ref="12714801962"/>
  <nd ref="12714801961"/>
  <nd ref="7230869071"/>
  <nd ref="7847432250"/>
  <nd ref="6364071064"/>
  <nd ref="7847432249"/>
  <nd ref="12714649044"/>
  <nd ref="6364071058"/>
  <nd ref="7847432248"/>
  <nd ref="6364071057"/>
  <nd ref="12714801959"/>
  <nd ref="12222669942"/>
  <tag k="highway" v="footway"/>
 </way>
 <way id="679646881" visible="true" version="3" changeset="164305061" timestamp="2025-03-30T20:53:58Z" user="Facalderonm" uid="1759764">
  <nd ref="6364071067"/>
  <nd ref="6364071062"/>
  <nd ref="6364071061"/>
  <nd ref="6364071060"/>
  <nd ref="6364071064"/>
  <tag k="highway" v="footway"/>
 </way>
 <way id="679646887" visible="true" version="6" changeset="170457800" timestamp="2025-08-14T22:18:12Z" user="Lolj" uid="14546644">
  <nd ref="6364071216"/>
  <nd ref="12230761853"/>
  <nd ref="12230761840"/>
  <nd ref="12222511324"/>
  <nd ref="12230761841"/>
  <nd ref="12230761850"/>
  <nd ref="6364071217"/>
  <nd ref="12230761849"/>
  <nd ref="6364071218"/>
  <nd ref="12230761848"/>
  <nd ref="12222511323"/>
  <nd ref="12230761854"/>
  <nd ref="6364071219"/>
  <nd ref="12222511322"/>
  <nd ref="12222511321"/>
  <nd ref="6364071223"/>
  <nd ref="12230761836"/>
  <nd ref="12230761835"/>
  <nd ref="6364071228"/>
  <nd ref="6364071229"/>
  <nd ref="12230761839"/>
  <nd ref="6364071216"/>
  <tag k="landuse" v="forest"/>
  <tag k="name" v="El Bosque UIS"/>
 </way>
 <way id="689570805" visible="true" version="9" changeset="176881588" timestamp="2026-01-05T22:45:58Z" user="Haeape1" uid="23111686">
  <nd ref="3185164936"/>
  <nd ref="839098435"/>
  <nd ref="12714342629"/>
  <nd ref="12714342630"/>
  <nd ref="3185164920"/>
  <nd ref="13343752942"/>
  <nd ref="12714342614"/>
  <nd ref="12714342659"/>
  <nd ref="12714342658"/>
  <nd ref="12714325370"/>
  <nd ref="12714325371"/>
  <nd ref="6469032207"/>
  <nd ref="3185164936"/>
  <tag k="addr:housenumber" v="26-26"/>
  <tag k="addr:street" v="Calle 9"/>
  <tag k="amenity" v="school"/>
  <tag k="check_date" v="2024-09-03"/>
  <tag k="education" v="school"/>
  <tag k="name" v="Colegio Santander"/>
 </way>
 <way id="745401495" visible="true" version="3" changeset="164305254" timestamp="2025-03-30T21:00:57Z" user="Facalderonm" uid="1759764">
  <nd ref="2791579000"/>
  <nd ref="6977530668"/>
  <nd ref="6977530680"/>
  <nd ref="6977533314"/>
  <nd ref="1686599626"/>
  <tag k="highway" v="service"/>
  <tag k="service" v="parking_aisle"/>
 </way>
 <way id="745402218" visible="true" version="3" changeset="164305254" timestamp="2025-03-30T21:00:57Z" user="Facalderonm" uid="1759764">
  <nd ref="6977533314"/>
  <nd ref="6977530671"/>
  <nd ref="6977530668"/>
  <tag k="highway" v="service"/>
  <tag k="service" v="parking_aisle"/>
 </way>
 <way id="745403000" visible="true" version="5" changeset="164300738" timestamp="2025-03-30T19:00:03Z" user="Facalderonm" uid="1759764">
  <nd ref="12231845587"/>
  <nd ref="12231845586"/>
  <nd ref="2791588733"/>
  <nd ref="12222705673"/>
  <nd ref="12714286793"/>
  <nd ref="2791588714"/>
  <nd ref="12714286779"/>
  <nd ref="12714286791"/>
  <nd ref="839101646"/>
  <tag k="highway" v="footway"/>
  <tag k="surface" v="paving_stones"/>
 </way>
 <way id="797761782" visible="true" version="3" changeset="157465452" timestamp="2024-10-04T15:01:47Z" user="JuanoDavo" uid="11097243">
  <nd ref="7461366497"/>
  <nd ref="7461366501"/>
  <nd ref="7461366502"/>
  <nd ref="7461366503"/>
  <nd ref="7461366497"/>
  <tag k="amenity" v="parking_space"/>
  <tag k="capacity" v="20"/>
  <tag k="parking_space" v="normal"/>
 </way>
 <way id="803138873" visible="true" version="3" changeset="155992999" timestamp="2024-08-30T21:39:03Z" user="tuxcoon19" uid="21886215">
  <nd ref="7512658050"/>
  <nd ref="7512658051"/>
  <nd ref="7512658052"/>
  <nd ref="7512658053"/>
  <nd ref="7512658050"/>
  <tag k="access" v="permissive"/>
  <tag k="amenity" v="bicycle_parking"/>
  <tag k="bicycle_parking" v="wall_loops"/>
  <tag k="capacity" v="8"/>
  <tag k="covered" v="no"/>
  <tag k="fee" v="no"/>
 </way>
 <way id="803500466" visible="true" version="8" changeset="176881588" timestamp="2026-01-05T22:45:58Z" user="Haeape1" uid="23111686">
  <nd ref="7516025110"/>
  <nd ref="12714286789"/>
  <nd ref="12714286788"/>
  <nd ref="7516025113"/>
  <nd ref="12714286790"/>
  <nd ref="7516025115"/>
  <nd ref="7516025116"/>
  <nd ref="12714286786"/>
  <nd ref="12714286787"/>
  <nd ref="7516025117"/>
  <nd ref="7847432200"/>
  <nd ref="12714469858"/>
  <nd ref="7847432199"/>
  <nd ref="7516025110"/>
  <tag k="amenity" v="theatre"/>
  <tag k="building" v="yes"/>
  <tag k="building:levels" v="1"/>
  <tag k="height" v="17"/>
  <tag k="name" v="(UIS 2) Auditorio Luis A. Calvo"/>
  <tag k="operator" v="Universidad Industrial de Santander"/>
 </way>
 <way id="803508124" visible="true" version="4" changeset="164305061" timestamp="2025-03-30T20:53:58Z" user="Facalderonm" uid="1759764">
  <nd ref="7516085660"/>
  <nd ref="7516085661"/>
  <nd ref="7516085662"/>
  <nd ref="12714649005"/>
  <nd ref="12714649006"/>
  <nd ref="12714649004"/>
  <nd ref="12714649003"/>
  <nd ref="7516085663"/>
  <nd ref="7516085660"/>
  <tag k="building" v="university"/>
  <tag k="building:levels" v="5"/>
  <tag k="height" v="13"/>
  <tag k="name" v="(UIS 6) Administración 2"/>
 </way>
 <way id="803509424" visible="true" version="4" changeset="164305061" timestamp="2025-03-30T20:53:58Z" user="Facalderonm" uid="1759764">
  <nd ref="7516092012"/>
  <nd ref="7516092013"/>
  <nd ref="7516092014"/>
  <nd ref="7516092015"/>
  <nd ref="7516092017"/>
  <nd ref="7516092016"/>
  <nd ref="7516092012"/>
  <tag k="building" v="university"/>
  <tag k="building:levels" v="3"/>
  <tag k="height" v="9"/>
  <tag k="name" v="(UIS 4) Administración 3"/>
 </way>
 <way id="803520851" visible="true" version="4" changeset="164307816" timestamp="2025-03-30T22:46:34Z" user="Facalderonm" uid="1759764">
  <nd ref="7516166759"/>
  <nd ref="7516190036"/>
  <nd ref="7516166762"/>
  <nd ref="7516190037"/>
  <nd ref="7516166759"/>
  <tag k="amenity" v="clinic"/>
  <tag k="building" v="yes"/>
  <tag k="building:levels" v="2"/>
  <tag k="healthcare" v="clinic"/>
  <tag k="height" v="8"/>
  <tag k="name" v="(UIS 20) UISalud"/>
 </way>
 <way id="803522777" visible="true" version="5" changeset="178841343" timestamp="2026-02-21T02:13:10Z" user="Karol VRC" uid="23819593">
  <nd ref="7516212930"/>
  <nd ref="7516212931"/>
  <nd ref="7516212932"/>
  <nd ref="7516212933"/>
  <nd ref="7516212934"/>
  <nd ref="7516212935"/>
  <nd ref="7516212936"/>
  <nd ref="7516212937"/>
  <nd ref="13585996850"/>
  <nd ref="7516212930"/>
  <tag k="addr:city" v="Bucaramanga"/>
  <tag k="addr:street" v="Calle 27"/>
  <tag k="building" v="university"/>
  <tag k="building:levels" v="3"/>
  <tag k="height" v="9"/>
  <tag k="name" v="(UIS 24) Ingeniería Química"/>
 </way>
 <way id="803523311" visible="true" version="4" changeset="164305061" timestamp="2025-03-30T20:53:58Z" user="Facalderonm" uid="1759764">
  <nd ref="7516218346"/>
  <nd ref="7516218347"/>
  <nd ref="7516218348"/>
  <nd ref="7516218349"/>
  <nd ref="7516218350"/>
  <nd ref="7516218351"/>
  <nd ref="12714648973"/>
  <nd ref="12714648974"/>
  <nd ref="7516218352"/>
  <nd ref="7516218353"/>
  <nd ref="7516218346"/>
  <tag k="building" v="university"/>
  <tag k="building:levels" v="2"/>
  <tag k="height" v="6"/>
  <tag k="name" v="(UIS 27) Laboratorio Alta Tensión"/>
 </way>
 <way id="803523312" visible="true" version="3" changeset="164305061" timestamp="2025-03-30T20:53:58Z" user="Facalderonm" uid="1759764">
  <nd ref="7516218355"/>
  <nd ref="7516218356"/>
  <nd ref="7516218357"/>
  <nd ref="7516218358"/>
  <nd ref="7516218360"/>
  <nd ref="7516218361"/>
  <nd ref="7516218355"/>
  <tag k="building" v="university"/>
  <tag k="building:levels" v="1"/>
  <tag k="height" v="3"/>
  <tag k="name" v="(UIS 29) Talleres Diseño Industrial"/>
 </way>
 <way id="814979321" visible="true" version="3" changeset="164307755" timestamp="2025-03-30T22:43:53Z" user="Facalderonm" uid="1759764">
  <nd ref="6364071063"/>
  <nd ref="12222669936"/>
  <tag k="highway" v="footway"/>
 </way>
 <way id="830638844" visible="true" version="4" changeset="164305061" timestamp="2025-03-30T20:53:58Z" user="Facalderonm" uid="1759764">
  <nd ref="7755654241"/>
  <nd ref="12714648945"/>
  <tag k="highway" v="service"/>
  <tag k="service" v="parking_aisle"/>
  <tag k="surface" v="asphalt"/>
 </way>
 <way id="830638845" visible="true" version="5" changeset="164305061" timestamp="2025-03-30T20:53:58Z" user="Facalderonm" uid="1759764">
  <nd ref="7755654243"/>
  <nd ref="7755654245"/>
  <nd ref="7755654244"/>
  <nd ref="7755654242"/>
  <nd ref="12230761856"/>
  <nd ref="12222723065"/>
  <nd ref="7755654243"/>
  <tag k="amenity" v="parking"/>
  <tag k="parking" v="street_side"/>
 </way>
 <way id="830638846" visible="true" version="2" changeset="164305061" timestamp="2025-03-30T20:53:58Z" user="Facalderonm" uid="1759764">
  <nd ref="5407961852"/>
  <nd ref="7755654247"/>
  <tag k="highway" v="service"/>
  <tag k="service" v="parking_aisle"/>
 </way>
 <way id="830638847" visible="true" version="2" changeset="157471865" timestamp="2024-10-04T17:33:01Z" user="JuanoDavo" uid="11097243">
  <nd ref="5407961851"/>
  <nd ref="7755654249"/>
  <tag k="highway" v="service"/>
  <tag k="service" v="parking_aisle"/>
 </way>
 <way id="841015234" visible="true" version="2" changeset="164305061" timestamp="2025-03-30T20:53:58Z" user="Facalderonm" uid="1759764">
  <nd ref="7847297636"/>
  <nd ref="7847297637"/>
  <nd ref="7847297638"/>
  <nd ref="7847297639"/>
  <nd ref="7847297636"/>
  <tag k="leisure" v="park"/>
 </way>
 <way id="841015235" visible="true" version="6" changeset="175181880" timestamp="2025-11-27T05:40:44Z" user="Haeape1" uid="23111686">
  <nd ref="3185165312"/>
  <nd ref="12714648989"/>
  <nd ref="5419438923"/>
  <nd ref="5419438924"/>
  <nd ref="5419438922"/>
  <nd ref="5419438919"/>
  <nd ref="5419438921"/>
  <nd ref="5419438920"/>
  <nd ref="7847297648"/>
  <nd ref="12714648992"/>
  <nd ref="12714648993"/>
  <nd ref="7847297649"/>
  <nd ref="12222511329"/>
  <nd ref="7847297651"/>
  <nd ref="7847297652"/>
  <nd ref="7847297653"/>
  <nd ref="7847297654"/>
  <nd ref="12222511330"/>
  <nd ref="3185165312"/>
  <tag k="leisure" v="park"/>
  <tag k="name" v="Zona Verde La Perla"/>
 </way>
 <way id="841015236" visible="true" version="4" changeset="170457800" timestamp="2025-08-14T22:18:12Z" user="Lolj" uid="14546644">
  <nd ref="7847297657"/>
  <nd ref="7847297658"/>
  <nd ref="12238458872"/>
  <nd ref="7847297659"/>
  <nd ref="7847297660"/>
  <nd ref="13071629748"/>
  <nd ref="7847297661"/>
  <nd ref="7847297662"/>
  <nd ref="7847297663"/>
  <nd ref="7847297664"/>
  <nd ref="7847297665"/>
  <nd ref="7847297666"/>
  <nd ref="7847297667"/>
  <nd ref="7847297668"/>
  <nd ref="7847297669"/>
  <nd ref="12238458874"/>
  <nd ref="7847297670"/>
  <nd ref="12238458873"/>
  <nd ref="7847297671"/>
  <nd ref="12222711206"/>
  <nd ref="7847297657"/>
  <tag k="name" v="Lago UIS"/>
  <tag k="natural" v="water"/>
  <tag k="water" v="lake"/>
 </way>
 <way id="841015237" visible="true" version="6" changeset="170457800" timestamp="2025-08-14T22:18:12Z" user="Lolj" uid="14546644">
  <nd ref="7847297672"/>
  <nd ref="12222468383"/>
  <nd ref="7847297673"/>
  <nd ref="1742250653"/>
  <nd ref="1742250651"/>
  <nd ref="7847297675"/>
  <nd ref="12714649049"/>
  <nd ref="7847297676"/>
  <nd ref="12714649050"/>
  <nd ref="7847400162"/>
  <nd ref="7847400161"/>
  <nd ref="7847297678"/>
  <nd ref="7847297679"/>
  <nd ref="7847297681"/>
  <nd ref="12714648939"/>
  <nd ref="12222468372"/>
  <nd ref="7847297684"/>
  <nd ref="7847342185"/>
  <nd ref="12714648940"/>
  <nd ref="7847342186"/>
  <nd ref="12714648941"/>
  <nd ref="6364071042"/>
  <nd ref="7847342187"/>
  <nd ref="12714648942"/>
  <nd ref="12222468375"/>
  <nd ref="12714648943"/>
  <nd ref="12222468374"/>
  <nd ref="7847342188"/>
  <nd ref="7847342189"/>
  <nd ref="12222468373"/>
  <nd ref="7847297672"/>
  <tag k="landuse" v="forest"/>
 </way>
 <way id="841015238" visible="true" version="3" changeset="164305061" timestamp="2025-03-30T20:53:58Z" user="Facalderonm" uid="1759764">
  <nd ref="7516166759"/>
  <nd ref="7847342194"/>
  <nd ref="7847342196"/>
  <nd ref="7847342198"/>
  <nd ref="7516166762"/>
  <nd ref="7516190037"/>
  <nd ref="7516166759"/>
  <tag k="leisure" v="park"/>
 </way>
 <way id="841027813" visible="true" version="3" changeset="164305061" timestamp="2025-03-30T20:53:58Z" user="Facalderonm" uid="1759764">
  <nd ref="7847400115"/>
  <nd ref="5424987430"/>
  <nd ref="7847400118"/>
  <nd ref="7847400120"/>
  <nd ref="7847400115"/>
  <tag k="leisure" v="park"/>
 </way>
 <way id="841027814" visible="true" version="4" changeset="178841343" timestamp="2026-02-21T02:13:10Z" user="Karol VRC" uid="23819593">
  <nd ref="7847400123"/>
  <nd ref="7516212930"/>
  <nd ref="13585996850"/>
  <nd ref="7516212937"/>
  <nd ref="5424987445"/>
  <nd ref="5424987448"/>
  <nd ref="5424987449"/>
  <nd ref="7847400128"/>
  <nd ref="5424987450"/>
  <nd ref="7847400129"/>
  <nd ref="7847400130"/>
  <nd ref="3061857940"/>
  <nd ref="7847400123"/>
  <tag k="leisure" v="park"/>
 </way>
 <way id="841027815" visible="true" version="4" changeset="165037046" timestamp="2025-04-16T16:33:47Z" user="Facalderonm" uid="1759764">
  <nd ref="7847400132"/>
  <nd ref="12760078147"/>
  <nd ref="12760078146"/>
  <nd ref="12760078149"/>
  <nd ref="5419456818"/>
  <nd ref="5419456816"/>
  <nd ref="12222511303"/>
  <nd ref="5419456925"/>
  <nd ref="12714469856"/>
  <nd ref="7847400137"/>
  <nd ref="7847400132"/>
  <tag k="area" v="yes"/>
  <tag k="highway" v="pedestrian"/>
  <tag k="name" v="Plazoleta Camilo Torres"/>
 </way>
 <way id="841027816" visible="true" version="3" changeset="164302575" timestamp="2025-03-30T19:41:52Z" user="Facalderonm" uid="1759764">
  <nd ref="7847400132"/>
  <nd ref="7847400137"/>
  <nd ref="7847400144"/>
  <nd ref="7847400146"/>
  <nd ref="7847400147"/>
  <nd ref="7847400149"/>
  <nd ref="12238458862"/>
  <nd ref="7847400132"/>
  <tag k="leisure" v="park"/>
 </way>
 <way id="841027817" visible="true" version="2" changeset="164441695" timestamp="2025-04-02T22:27:37Z" user="Facalderonm" uid="1759764">
  <nd ref="7847400150"/>
  <nd ref="7847400151"/>
  <nd ref="7847400152"/>
  <nd ref="7847400153"/>
  <nd ref="7847400154"/>
  <nd ref="7847400155"/>
  <nd ref="7847400150"/>
  <tag k="leisure" v="park"/>
 </way>
 <way id="841027818" visible="true" version="3" changeset="164305061" timestamp="2025-03-30T20:53:58Z" user="Facalderonm" uid="1759764">
  <nd ref="7847400156"/>
  <nd ref="12714648936"/>
  <nd ref="12714648935"/>
  <nd ref="12714648934"/>
  <nd ref="12714649052"/>
  <nd ref="7847400150"/>
  <nd ref="7847400151"/>
  <nd ref="7847400152"/>
  <nd ref="7847400153"/>
  <nd ref="7847400154"/>
  <nd ref="12714649051"/>
  <nd ref="7847297678"/>
  <nd ref="7847400161"/>
  <nd ref="7847400162"/>
  <nd ref="12714649050"/>
  <nd ref="7847297676"/>
  <nd ref="12714649049"/>
  <nd ref="7847297675"/>
  <nd ref="7847400164"/>
  <nd ref="7847400166"/>
  <nd ref="12714648937"/>
  <nd ref="7847400156"/>
  <tag k="area" v="yes"/>
  <tag k="highway" v="pedestrian"/>
 </way>
 <way id="841027820" visible="true" version="4" changeset="164305061" timestamp="2025-03-30T20:53:58Z" user="Facalderonm" uid="1759764">
  <nd ref="7847400177"/>
  <nd ref="7847400175"/>
  <nd ref="7742048558"/>
  <nd ref="12714286784"/>
  <nd ref="12714286783"/>
  <nd ref="12714342622"/>
  <nd ref="7742032307"/>
  <nd ref="1686597034"/>
  <nd ref="7847400178"/>
  <nd ref="12714342620"/>
  <nd ref="12714286791"/>
  <nd ref="12714469860"/>
  <nd ref="7847432206"/>
  <nd ref="7847432213"/>
  <nd ref="839097339"/>
  <nd ref="951833639"/>
  <nd ref="12714286781"/>
  <nd ref="7847432189"/>
  <nd ref="12714286800"/>
  <nd ref="7847432188"/>
  <nd ref="12222705700"/>
  <nd ref="12714286794"/>
  <nd ref="12714286793"/>
  <nd ref="12714286792"/>
  <nd ref="7847400177"/>
  <tag k="area" v="yes"/>
  <tag k="highway" v="pedestrian"/>
  <tag k="name" v="Calle de los Estudiantes"/>
 </way>
 <way id="841027821" visible="true" version="3" changeset="164300738" timestamp="2025-03-30T19:00:03Z" user="Facalderonm" uid="1759764">
  <nd ref="7847400181"/>
  <nd ref="7847400182"/>
  <nd ref="7847400183"/>
  <nd ref="12231845583"/>
  <nd ref="7847400184"/>
  <nd ref="7847432187"/>
  <nd ref="7847432188"/>
  <nd ref="12714286800"/>
  <nd ref="7847432189"/>
  <nd ref="7847432190"/>
  <nd ref="7847432191"/>
  <nd ref="7847432193"/>
  <nd ref="7847432194"/>
  <nd ref="12230761865"/>
  <nd ref="12714286795"/>
  <nd ref="12231845579"/>
  <nd ref="7847400181"/>
  <tag k="leisure" v="park"/>
 </way>
 <way id="841027822" visible="true" version="3" changeset="164302575" timestamp="2025-03-30T19:41:52Z" user="Facalderonm" uid="1759764">
  <nd ref="7516025110"/>
  <nd ref="7847432199"/>
  <nd ref="12714469858"/>
  <nd ref="7847432200"/>
  <nd ref="7847432201"/>
  <nd ref="7847432207"/>
  <nd ref="12714469859"/>
  <nd ref="7516025110"/>
  <tag k="area" v="yes"/>
  <tag k="highway" v="pedestrian"/>
 </way>
 <way id="841027823" visible="true" version="4" changeset="164302575" timestamp="2025-03-30T19:41:52Z" user="Facalderonm" uid="1759764">
  <nd ref="7847432206"/>
  <nd ref="7847432207"/>
  <nd ref="7847432201"/>
  <nd ref="7847432200"/>
  <nd ref="7516025117"/>
  <nd ref="7847432209"/>
  <nd ref="6364071030"/>
  <nd ref="7847432210"/>
  <nd ref="6364071055"/>
  <nd ref="7847432213"/>
  <nd ref="7847432206"/>
  <tag k="leisure" v="park"/>
 </way>
 <way id="841027825" visible="true" version="7" changeset="164305227" timestamp="2025-03-30T20:59:43Z" user="Facalderonm" uid="1759764">
  <nd ref="7847432251"/>
  <nd ref="12714648889"/>
  <nd ref="7847432254"/>
  <nd ref="7847432255"/>
  <nd ref="7847432256"/>
  <nd ref="3185165296"/>
  <nd ref="7847432251"/>
  <tag k="building" v="university"/>
  <tag k="name" v="(UIS 57) Bienestar Campestre"/>
 </way>
 <way id="841027826" visible="true" version="2" changeset="164305061" timestamp="2025-03-30T20:53:58Z" user="Facalderonm" uid="1759764">
  <nd ref="7847432261"/>
  <nd ref="7847432262"/>
  <nd ref="7847432263"/>
  <nd ref="7847432264"/>
  <nd ref="7847432265"/>
  <nd ref="7847432266"/>
  <nd ref="7847432267"/>
  <nd ref="7847432268"/>
  <nd ref="7847432269"/>
  <nd ref="7847432270"/>
  <nd ref="7847432261"/>
  <tag k="landuse" v="grass"/>
 </way>
 <way id="959166710" visible="true" version="3" changeset="170457800" timestamp="2025-08-14T22:18:12Z" user="Lolj" uid="14546644">
  <nd ref="6364071039"/>
  <nd ref="13071629756"/>
  <nd ref="8875392104"/>
  <tag k="highway" v="footway"/>
  <tag k="surface" v="paving_stones"/>
 </way>
 <way id="959166711" visible="true" version="3" changeset="170457800" timestamp="2025-08-14T22:18:12Z" user="Lolj" uid="14546644">
  <nd ref="8875392104"/>
  <nd ref="13071629748"/>
  <nd ref="8875392103"/>
  <tag k="bridge" v="yes"/>
  <tag k="highway" v="footway"/>
  <tag k="layer" v="1"/>
  <tag k="surface" v="paving_stones"/>
 </way>
 <way id="1005323740" visible="true" version="17" changeset="164950197" timestamp="2025-04-14T17:36:47Z" user="Facalderonm" uid="1759764">
  <nd ref="9275533536"/>
  <nd ref="12708734169"/>
  <nd ref="12714120936"/>
  <nd ref="12708734171"/>
  <nd ref="12714120935"/>
  <nd ref="12714120927"/>
  <nd ref="9275533540"/>
  <nd ref="12708734172"/>
  <nd ref="12708734174"/>
  <nd ref="12708508762"/>
  <nd ref="12708508756"/>
  <nd ref="9275533545"/>
  <nd ref="12708508759"/>
  <nd ref="9275533546"/>
  <nd ref="9275533547"/>
  <nd ref="9275533548"/>
  <nd ref="9275533549"/>
  <nd ref="12714895204"/>
  <nd ref="9275533552"/>
  <nd ref="12729665213"/>
  <nd ref="9275533554"/>
  <nd ref="9275533555"/>
  <nd ref="9275533556"/>
  <nd ref="9275533557"/>
  <nd ref="9652240267"/>
  <nd ref="12691304486"/>
  <nd ref="12691354317"/>
  <nd ref="12691354319"/>
  <nd ref="9275533561"/>
  <nd ref="9275533563"/>
  <nd ref="12754855928"/>
  <nd ref="9275533564"/>
  <nd ref="5930301802"/>
  <tag k="admin_level" v="8"/>
  <tag k="boundary" v="administrative"/>
 </way>
 <way id="1005341854" visible="true" version="15" changeset="164793459" timestamp="2025-04-11T01:18:27Z" user="Facalderonm" uid="1759764">
  <nd ref="9275653016"/>
  <nd ref="12714325340"/>
  <nd ref="12714325342"/>
  <nd ref="12714325343"/>
  <nd ref="12714325344"/>
  <nd ref="12714325361"/>
  <nd ref="12745786980"/>
  <nd ref="12745789507"/>
  <nd ref="12745786967"/>
  <nd ref="4829149528"/>
  <nd ref="12745789532"/>
  <nd ref="12745789531"/>
  <nd ref="12745789587"/>
  <nd ref="12745789586"/>
  <nd ref="12745856711"/>
  <nd ref="5935512160"/>
  <nd ref="12745856708"/>
  <nd ref="5619089976"/>
  <nd ref="12745856707"/>
  <nd ref="12745789565"/>
  <nd ref="12745789564"/>
  <nd ref="12745856705"/>
  <nd ref="12745856717"/>
  <nd ref="12745789563"/>
  <nd ref="12745789562"/>
  <nd ref="12745789561"/>
  <nd ref="1102541598"/>
  <nd ref="12745825685"/>
  <nd ref="12745856726"/>
  <nd ref="839087688"/>
  <nd ref="1480041165"/>
  <nd ref="1480041128"/>
  <nd ref="1480041278"/>
  <nd ref="12745920206"/>
  <nd ref="9275688331"/>
  <nd ref="12745914481"/>
  <nd ref="9275688334"/>
  <tag k="admin_level" v="8"/>
  <tag k="boundary" v="administrative"/>
 </way>
 <way id="1005384742" visible="true" version="5" changeset="164305061" timestamp="2025-03-30T20:53:58Z" user="Facalderonm" uid="1759764">
  <nd ref="9275533536"/>
  <nd ref="1883250921"/>
  <nd ref="9275652994"/>
  <nd ref="12714120967"/>
  <nd ref="12714120966"/>
  <nd ref="12714120965"/>
  <nd ref="5407959900"/>
  <nd ref="3185165273"/>
  <nd ref="9275652997"/>
  <nd ref="3185165278"/>
  <nd ref="3185165325"/>
  <nd ref="12714649039"/>
  <nd ref="7847432256"/>
  <nd ref="3185165296"/>
  <nd ref="7847432251"/>
  <nd ref="3185165289"/>
  <nd ref="12714648989"/>
  <nd ref="3185165312"/>
  <nd ref="3185165334"/>
  <nd ref="12714325349"/>
  <nd ref="9275653007"/>
  <nd ref="9275653009"/>
  <nd ref="9275653010"/>
  <nd ref="9275653011"/>
  <nd ref="9275653012"/>
  <nd ref="9275653013"/>
  <nd ref="12714129004"/>
  <nd ref="12714129003"/>
  <nd ref="12714162898"/>
  <nd ref="9275653014"/>
  <nd ref="9275653015"/>
  <nd ref="9275653016"/>
  <tag k="admin_level" v="7"/>
  <tag k="boundary" v="administrative"/>
 </way>
 <way id="1005384743" visible="true" version="3" changeset="164297914" timestamp="2025-03-30T17:50:05Z" user="Facalderonm" uid="1759764">
  <nd ref="9275653016"/>
  <nd ref="9276029738"/>
  <nd ref="9276029739"/>
  <nd ref="9276029740"/>
  <nd ref="9276029741"/>
  <nd ref="9276029742"/>
  <nd ref="9276029743"/>
  <nd ref="9276029744"/>
  <nd ref="9276029745"/>
  <nd ref="9276029746"/>
  <nd ref="9276029747"/>
  <nd ref="9276029748"/>
  <nd ref="9276029749"/>
  <nd ref="9276029750"/>
  <nd ref="9276029751"/>
  <nd ref="9276029752"/>
  <nd ref="9276029753"/>
  <nd ref="9276029754"/>
  <nd ref="9276029755"/>
  <nd ref="9276029756"/>
  <nd ref="9276029757"/>
  <nd ref="9276029758"/>
  <nd ref="9276029759"/>
  <nd ref="9276029760"/>
  <nd ref="9276029761"/>
  <nd ref="9276029762"/>
  <nd ref="9276029763"/>
  <nd ref="9276029764"/>
  <nd ref="1881688716"/>
  <nd ref="1881688646"/>
  <nd ref="1881688619"/>
  <nd ref="1881688661"/>
  <nd ref="1881688627"/>
  <nd ref="9276029770"/>
  <nd ref="9276029771"/>
  <nd ref="9276029772"/>
  <nd ref="9276029773"/>
  <nd ref="9276029774"/>
  <nd ref="9276029775"/>
  <nd ref="9276029776"/>
  <nd ref="9276029777"/>
  <nd ref="9276029778"/>
  <nd ref="9276029779"/>
  <nd ref="9276029780"/>
  <nd ref="9276029781"/>
  <tag k="admin_level" v="7"/>
  <tag k="boundary" v="administrative"/>
 </way>
 <way id="1008281635" visible="true" version="2" changeset="157471865" timestamp="2024-10-04T17:33:01Z" user="JuanoDavo" uid="11097243">
  <nd ref="9301986478"/>
  <nd ref="9301986477"/>
  <tag k="highway" v="service"/>
 </way>
 <way id="1008281636" visible="true" version="6" changeset="170502237" timestamp="2025-08-15T23:08:33Z" user="Haeape1" uid="23111686">
  <nd ref="839101646"/>
  <nd ref="2791579000"/>
  <nd ref="12714342623"/>
  <nd ref="839088314"/>
  <tag k="highway" v="service"/>
  <tag k="name" v="Vía Oriental UIS"/>
  <tag k="surface" v="asphalt"/>
 </way>
 <way id="1008281637" visible="true" version="5" changeset="170502237" timestamp="2025-08-15T23:08:33Z" user="Haeape1" uid="23111686">
  <nd ref="839091399"/>
  <nd ref="652471884"/>
  <nd ref="12714325363"/>
  <nd ref="12238458867"/>
  <nd ref="12714648903"/>
  <nd ref="12152644146"/>
  <nd ref="12714325365"/>
  <nd ref="12714648905"/>
  <nd ref="4829149553"/>
  <nd ref="12714648906"/>
  <nd ref="4829149552"/>
  <nd ref="12714648907"/>
  <nd ref="4829149551"/>
  <nd ref="4829149550"/>
  <nd ref="5621484309"/>
  <tag k="highway" v="service"/>
  <tag k="lanes" v="2"/>
  <tag k="name" v="Vía Occidental UIS"/>
  <tag k="surface" v="asphalt"/>
 </way>
 <way id="1008288125" visible="true" version="7" changeset="170502237" timestamp="2025-08-15T23:08:33Z" user="Haeape1" uid="23111686">
  <nd ref="5621484312"/>
  <nd ref="4829149537"/>
  <nd ref="4829149535"/>
  <nd ref="4829149534"/>
  <nd ref="12714648987"/>
  <nd ref="4829149533"/>
  <nd ref="12714648988"/>
  <nd ref="6364071193"/>
  <nd ref="7612840161"/>
  <nd ref="1686599648"/>
  <tag k="highway" v="service"/>
  <tag k="lane_markings" v="no"/>
  <tag k="name" v="Vía Norte UIS"/>
  <tag k="surface" v="paving_stones"/>
 </way>
 <way id="1009548896" visible="true" version="4" changeset="164300738" timestamp="2025-03-30T19:00:03Z" user="Facalderonm" uid="1759764">
  <nd ref="5419457123"/>
  <nd ref="7755635188"/>
  <nd ref="12222711209"/>
  <nd ref="12222711210"/>
  <tag k="highway" v="service"/>
  <tag k="surface" v="paving_stones"/>
 </way>
 <way id="1059210371" visible="true" version="2" changeset="164299848" timestamp="2025-03-30T18:41:33Z" user="Facalderonm" uid="1759764">
  <nd ref="9314423005"/>
  <nd ref="839101996"/>
  <nd ref="9314423001"/>
  <nd ref="2791599646"/>
  <nd ref="12714325364"/>
  <nd ref="2791578992"/>
  <tag k="highway" v="residential"/>
  <tag k="name" v="Carrera 25"/>
  <tag k="oneway" v="yes"/>
 </way>
 <way id="1312917459" visible="true" version="4" changeset="164305061" timestamp="2025-03-30T20:53:58Z" user="Facalderonm" uid="1759764">
  <nd ref="8875392103"/>
  <nd ref="12222723049"/>
  <nd ref="12714649050"/>
  <nd ref="12714648938"/>
  <nd ref="12222723059"/>
  <nd ref="6364071188"/>
  <nd ref="12222723051"/>
  <tag k="highway" v="footway"/>
  <tag k="surface" v="paving_stones"/>
 </way>
 <way id="1312917461" visible="true" version="1" changeset="156118853" timestamp="2024-09-02T22:28:39Z" user="tuxcoon19" uid="21886215">
  <nd ref="12152644134"/>
  <nd ref="12152644135"/>
  <tag k="highway" v="service"/>
 </way>
 <way id="1312917462" visible="true" version="2" changeset="164305061" timestamp="2025-03-30T20:53:58Z" user="Facalderonm" uid="1759764">
  <nd ref="12238458854"/>
  <nd ref="12714648927"/>
  <nd ref="12152644130"/>
  <nd ref="12152644137"/>
  <nd ref="12152644136"/>
  <tag k="highway" v="footway"/>
 </way>
 <way id="1312917463" visible="true" version="2" changeset="164305061" timestamp="2025-03-30T20:53:58Z" user="Facalderonm" uid="1759764">
  <nd ref="12152644137"/>
  <nd ref="12152644138"/>
  <tag k="highway" v="footway"/>
 </way>
 <way id="1312917465" visible="true" version="4" changeset="171239218" timestamp="2025-08-30T17:45:53Z" user="tuxcoon19" uid="21886215">
  <nd ref="12152644141"/>
  <nd ref="12152644145"/>
  <nd ref="12231874658"/>
  <nd ref="12152644146"/>
  <tag k="highway" v="footway"/>
  <tag k="surface" v="concrete"/>
 </way>
 <way id="1312917466" visible="true" version="2" changeset="164305061" timestamp="2025-03-30T20:53:58Z" user="Facalderonm" uid="1759764">
  <nd ref="12714469853"/>
  <nd ref="12238458870"/>
  <nd ref="7847400146"/>
  <nd ref="7847400144"/>
  <nd ref="5419457122"/>
  <nd ref="12152644141"/>
  <nd ref="12152644138"/>
  <nd ref="12714648908"/>
  <tag k="highway" v="footway"/>
 </way>
 <way id="1312917468" visible="true" version="2" changeset="157584969" timestamp="2024-10-07T14:27:43Z" user="JuanoDavo" uid="11097243">
  <nd ref="12152644148"/>
  <nd ref="12152644149"/>
  <nd ref="12152644151"/>
  <tag k="highway" v="footway"/>
 </way>
 <way id="1312917469" visible="true" version="4" changeset="164305061" timestamp="2025-03-30T20:53:58Z" user="Facalderonm" uid="1759764">
  <nd ref="12152644149"/>
  <nd ref="4829149551"/>
  <tag k="highway" v="footway"/>
 </way>
 <way id="1312917471" visible="true" version="2" changeset="164305061" timestamp="2025-03-30T20:53:58Z" user="Facalderonm" uid="1759764">
  <nd ref="12152644157"/>
  <nd ref="12152644155"/>
  <nd ref="12185066677"/>
  <nd ref="12714648908"/>
  <nd ref="12152644148"/>
  <nd ref="12152644140"/>
  <tag k="highway" v="footway"/>
 </way>
 <way id="1316535665" visible="true" version="6" changeset="164307755" timestamp="2025-03-30T22:43:53Z" user="Facalderonm" uid="1759764">
  <nd ref="12185066672"/>
  <nd ref="12714801962"/>
  <nd ref="12222669925"/>
  <nd ref="12714801964"/>
  <nd ref="12714801963"/>
  <nd ref="12708734168"/>
  <nd ref="3185164934"/>
  <nd ref="3185164933"/>
  <nd ref="12714120930"/>
  <nd ref="12714120929"/>
  <nd ref="12185066672"/>
  <tag k="building" v="university"/>
  <tag k="building:levels" v="7"/>
  <tag k="height" v="21"/>
  <tag k="name" v="(UIS 49) Gestión Logística"/>
 </way>
 <way id="1320743556" visible="true" version="2" changeset="176881588" timestamp="2026-01-05T22:45:58Z" user="Haeape1" uid="23111686">
  <nd ref="12222405358"/>
  <nd ref="12222405359"/>
  <nd ref="12222405360"/>
  <nd ref="12222405361"/>
  <nd ref="12222405358"/>
  <tag k="building" v="school"/>
  <tag k="building:levels" v="5"/>
 </way>
 <way id="1320753044" visible="true" version="2" changeset="164305061" timestamp="2025-03-30T20:53:58Z" user="Facalderonm" uid="1759764">
  <nd ref="12222468380"/>
  <nd ref="12222468381"/>
  <nd ref="7847297673"/>
  <nd ref="12222468383"/>
  <nd ref="12222468380"/>
  <tag k="leisure" v="outdoor_seating"/>
 </way>
 <way id="1320753045" visible="true" version="1" changeset="157465452" timestamp="2024-10-04T15:01:47Z" user="JuanoDavo" uid="11097243">
  <nd ref="12222468399"/>
  <nd ref="12222468400"/>
  <nd ref="12222511301"/>
  <nd ref="12222511302"/>
  <nd ref="12222468384"/>
  <nd ref="12222468385"/>
  <nd ref="12222468386"/>
  <nd ref="12222468387"/>
  <nd ref="12222468393"/>
  <nd ref="12222468394"/>
  <nd ref="12222468395"/>
  <nd ref="12222468396"/>
  <nd ref="12222468397"/>
  <nd ref="12222468398"/>
  <nd ref="12222468388"/>
  <nd ref="12222468389"/>
  <nd ref="12222468390"/>
  <nd ref="12222468391"/>
  <nd ref="12222468392"/>
  <nd ref="12222468399"/>
  <tag k="amenity" v="cafe"/>
  <tag k="building" v="yes"/>
 </way>
 <way id="1320753046" visible="true" version="1" changeset="157465452" timestamp="2024-10-04T15:01:47Z" user="JuanoDavo" uid="11097243">
  <nd ref="12152644130"/>
  <nd ref="12152644135"/>
  <tag k="highway" v="footway"/>
 </way>
 <way id="1320753048" visible="true" version="3" changeset="164307816" timestamp="2025-03-30T22:46:34Z" user="Facalderonm" uid="1759764">
  <nd ref="12222511314"/>
  <nd ref="12222511315"/>
  <nd ref="12222511316"/>
  <nd ref="12222511317"/>
  <nd ref="12222511314"/>
  <tag k="amenity" v="theatre"/>
  <tag k="building" v="university"/>
  <tag k="building:levels" v="3"/>
  <tag k="name" v="(UIS 25) Aula Máxima de Ciencias"/>
 </way>
 <way id="1320753049" visible="true" version="4" changeset="170457800" timestamp="2025-08-14T22:18:12Z" user="Lolj" uid="14546644">
  <nd ref="7847297648"/>
  <nd ref="12714648991"/>
  <nd ref="12222511332"/>
  <nd ref="12714648995"/>
  <nd ref="13071629745"/>
  <nd ref="12714648994"/>
  <nd ref="12222511333"/>
  <nd ref="7847297649"/>
  <nd ref="12714648993"/>
  <nd ref="12714648992"/>
  <nd ref="7847297648"/>
  <tag k="building" v="university"/>
  <tag k="building:levels" v="2"/>
  <tag k="name" v="(UIS 7) Bienestar Estudiantil"/>
 </way>
 <way id="1320771989" visible="true" version="2" changeset="164307755" timestamp="2025-03-30T22:43:53Z" user="Facalderonm" uid="1759764">
  <nd ref="12222669901"/>
  <nd ref="12222669902"/>
  <nd ref="12222669903"/>
  <nd ref="12222669904"/>
  <nd ref="12222669905"/>
  <nd ref="12222669906"/>
  <nd ref="12222669907"/>
  <nd ref="12222669908"/>
  <nd ref="12222669909"/>
  <nd ref="12222669910"/>
  <nd ref="12222669911"/>
  <nd ref="12222669912"/>
  <nd ref="12222669901"/>
  <tag k="leisure" v="pitch"/>
  <tag k="name" v="(UIS 65) Skate Park"/>
  <tag k="sport" v="skateboard"/>
 </way>
 <way id="1320771990" visible="true" version="3" changeset="164307755" timestamp="2025-03-30T22:43:53Z" user="Facalderonm" uid="1759764">
  <nd ref="12222669920"/>
  <nd ref="12222669921"/>
  <nd ref="12222669922"/>
  <nd ref="12222669923"/>
  <nd ref="12222669920"/>
  <tag k="leisure" v="pitch"/>
  <tag k="name" v="(UIS 35) Canchas de Squash"/>
  <tag k="sport" v="squash"/>
 </way>
 <way id="1320771991" visible="true" version="1" changeset="157470043" timestamp="2024-10-04T16:45:58Z" user="JuanoDavo" uid="11097243">
  <nd ref="6364071060"/>
  <nd ref="12222669933"/>
  <tag k="highway" v="footway"/>
 </way>
 <way id="1320771992" visible="true" version="2" changeset="164307755" timestamp="2025-03-30T22:43:53Z" user="Facalderonm" uid="1759764">
  <nd ref="12222669938"/>
  <nd ref="12222669939"/>
  <nd ref="12222669940"/>
  <nd ref="12222669941"/>
  <nd ref="12222669938"/>
 </way>
 <way id="1320776852" visible="true" version="2" changeset="164300738" timestamp="2025-03-30T19:00:03Z" user="Facalderonm" uid="1759764">
  <nd ref="12222705675"/>
  <nd ref="12222705674"/>
  <nd ref="12222705676"/>
  <nd ref="12222705677"/>
  <nd ref="12222705678"/>
  <nd ref="12222705679"/>
  <nd ref="12714286785"/>
  <nd ref="12714286792"/>
  <nd ref="2791588714"/>
  <tag k="highway" v="footway"/>
 </way>
 <way id="1320776854" visible="true" version="5" changeset="170502237" timestamp="2025-08-15T23:08:33Z" user="Haeape1" uid="23111686">
  <nd ref="2791588733"/>
  <nd ref="12222711211"/>
  <nd ref="12222711210"/>
  <nd ref="12714286796"/>
  <nd ref="5419457123"/>
  <nd ref="12714469854"/>
  <nd ref="839090828"/>
  <tag k="highway" v="service"/>
  <tag k="name" v="Vía Sur UIS"/>
  <tag k="surface" v="paving_stones"/>
 </way>
 <way id="1320776855" visible="true" version="1" changeset="157471523" timestamp="2024-10-04T17:23:43Z" user="JuanoDavo" uid="11097243">
  <nd ref="12222705680"/>
  <nd ref="12222705681"/>
  <nd ref="12222705682"/>
  <nd ref="12222705683"/>
  <nd ref="12222705680"/>
  <tag k="leisure" v="outdoor_seating"/>
 </way>
 <way id="1320776856" visible="true" version="1" changeset="157471523" timestamp="2024-10-04T17:23:43Z" user="JuanoDavo" uid="11097243">
  <nd ref="12222705684"/>
  <nd ref="12222705685"/>
  <nd ref="12222705686"/>
  <nd ref="12222705687"/>
  <nd ref="12222705684"/>
  <tag k="leisure" v="outdoor_seating"/>
 </way>
 <way id="1320776857" visible="true" version="4" changeset="176881588" timestamp="2026-01-05T22:45:58Z" user="Haeape1" uid="23111686">
  <nd ref="12222705690"/>
  <nd ref="12222705691"/>
  <nd ref="12222705692"/>
  <nd ref="12222705693"/>
  <nd ref="12222705690"/>
  <tag k="building" v="university"/>
  <tag k="building:levels" v="6"/>
  <tag k="name" v="(UIS 35) EDIC - Edificio de Investigaciones de la Facultad de Ciencias"/>
 </way>
 <way id="1320776858" visible="true" version="1" changeset="157471523" timestamp="2024-10-04T17:23:43Z" user="JuanoDavo" uid="11097243">
  <nd ref="12222705694"/>
  <nd ref="12222705695"/>
  <nd ref="12222705696"/>
  <nd ref="12222705697"/>
  <nd ref="12222705694"/>
  <tag k="leisure" v="outdoor_seating"/>
 </way>
 <way id="1320776859" visible="true" version="3" changeset="164300738" timestamp="2025-03-30T19:00:03Z" user="Facalderonm" uid="1759764">
  <nd ref="7847432187"/>
  <nd ref="7847432188"/>
  <nd ref="12222705700"/>
  <nd ref="12222711201"/>
  <nd ref="7847400184"/>
  <nd ref="7847432187"/>
  <tag k="leisure" v="outdoor_seating"/>
  <tag k="name" v="Burladero"/>
 </way>
 <way id="1320776860" visible="true" version="1" changeset="157471523" timestamp="2024-10-04T17:23:43Z" user="JuanoDavo" uid="11097243">
  <nd ref="12222711212"/>
  <nd ref="12222711213"/>
  <nd ref="12222711214"/>
  <nd ref="12222711215"/>
  <nd ref="12222711212"/>
  <tag k="leisure" v="outdoor_seating"/>
 </way>
 <way id="1320776861" visible="true" version="1" changeset="157471523" timestamp="2024-10-04T17:23:43Z" user="JuanoDavo" uid="11097243">
  <nd ref="12222711216"/>
  <nd ref="12222711217"/>
  <nd ref="12222711218"/>
  <nd ref="12222711219"/>
  <nd ref="12222711216"/>
  <tag k="amenity" v="bicycle_parking"/>
 </way>
 <way id="1320776862" visible="true" version="1" changeset="157471523" timestamp="2024-10-04T17:23:43Z" user="JuanoDavo" uid="11097243">
  <nd ref="12222711220"/>
  <nd ref="12222711221"/>
  <nd ref="12222711222"/>
  <nd ref="12222711223"/>
  <nd ref="12222711220"/>
  <tag k="amenity" v="bicycle_parking"/>
 </way>
 <way id="1320778537" visible="true" version="2" changeset="164305061" timestamp="2025-03-30T20:53:58Z" user="Facalderonm" uid="1759764">
  <nd ref="12222723050"/>
  <nd ref="12714649052"/>
  <nd ref="12222723051"/>
  <tag k="highway" v="steps"/>
 </way>
 <way id="1320778538" visible="true" version="3" changeset="164305061" timestamp="2025-03-30T20:53:58Z" user="Facalderonm" uid="1759764">
  <nd ref="12222723054"/>
  <nd ref="6364071188"/>
  <nd ref="12231845577"/>
  <tag k="highway" v="footway"/>
  <tag k="surface" v="paving_stones"/>
 </way>
 <way id="1320778540" visible="true" version="3" changeset="170457800" timestamp="2025-08-14T22:18:12Z" user="Lolj" uid="14546644">
  <nd ref="6364071036"/>
  <nd ref="12222723057"/>
  <nd ref="13071629749"/>
  <nd ref="12714649049"/>
  <nd ref="12714648938"/>
  <tag k="highway" v="footway"/>
 </way>
 <way id="1320778541" visible="true" version="2" changeset="164305061" timestamp="2025-03-30T20:53:58Z" user="Facalderonm" uid="1759764">
  <nd ref="12222468373"/>
  <nd ref="7847342189"/>
  <nd ref="12222723061"/>
  <tag k="highway" v="footway"/>
 </way>
 <way id="1320778542" visible="true" version="1" changeset="157471865" timestamp="2024-10-04T17:33:01Z" user="JuanoDavo" uid="11097243">
  <nd ref="12222723062"/>
  <nd ref="12222723063"/>
  <tag k="highway" v="footway"/>
 </way>
 <way id="1321740333" visible="true" version="2" changeset="157675528" timestamp="2024-10-09T14:28:59Z" user="JuanoDavo" uid="11097243">
  <nd ref="7512658055"/>
  <nd ref="12238458877"/>
  <nd ref="12230761859"/>
  <tag k="highway" v="footway"/>
 </way>
 <way id="1321740334" visible="true" version="2" changeset="164300738" timestamp="2025-03-30T19:00:03Z" user="Facalderonm" uid="1759764">
  <nd ref="12230761863"/>
  <nd ref="12230761864"/>
  <nd ref="12230761865"/>
  <nd ref="7847432194"/>
  <nd ref="7847432193"/>
  <nd ref="7847432191"/>
  <nd ref="12238458876"/>
  <nd ref="12230761863"/>
 </way>
 <way id="1321740336" visible="true" version="2" changeset="164305061" timestamp="2025-03-30T20:53:58Z" user="Facalderonm" uid="1759764">
  <nd ref="12230761876"/>
  <nd ref="12230761877"/>
  <nd ref="12230761878"/>
  <nd ref="12230761879"/>
  <nd ref="12230761876"/>
  <tag k="amenity" v="recycling"/>
  <tag k="building" v="university"/>
  <tag k="name" v="(USI 54) Planta de Reciclaje"/>
  <tag k="recycling_type" v="centre"/>
 </way>
 <way id="1321847225" visible="true" version="2" changeset="164305061" timestamp="2025-03-30T20:53:58Z" user="Facalderonm" uid="1759764">
  <nd ref="12231845577"/>
  <nd ref="12714649051"/>
  <nd ref="12222723053"/>
  <tag k="highway" v="steps"/>
 </way>
 <way id="1321847226" visible="true" version="2" changeset="164300738" timestamp="2025-03-30T19:00:03Z" user="Facalderonm" uid="1759764">
  <nd ref="12231845578"/>
  <nd ref="12714286795"/>
  <nd ref="12231845579"/>
  <nd ref="7847400181"/>
  <nd ref="7847400182"/>
  <nd ref="7847400183"/>
  <nd ref="12231845583"/>
  <nd ref="12231845584"/>
  <nd ref="12231845585"/>
  <nd ref="12231845578"/>
 </way>
 <way id="1321850333" visible="true" version="7" changeset="171239359" timestamp="2025-08-30T17:47:27Z" user="tuxcoon19" uid="21886215">
  <nd ref="12231874658"/>
  <nd ref="12231874659"/>
  <tag k="handrail" v="yes"/>
  <tag k="highway" v="steps"/>
  <tag k="incline" v="down"/>
  <tag k="ramp" v="no"/>
  <tag k="step_count" v="10"/>
  <tag k="surface" v="concrete"/>
  <tag k="tactile_paving" v="no"/>
 </way>
 <way id="1322597822" visible="true" version="1" changeset="157675528" timestamp="2024-10-09T14:28:59Z" user="JuanoDavo" uid="11097243">
  <nd ref="12238458851"/>
  <nd ref="12238458852"/>
  <tag k="highway" v="steps"/>
 </way>
 <way id="1322597824" visible="true" version="1" changeset="157675528" timestamp="2024-10-09T14:28:59Z" user="JuanoDavo" uid="11097243">
  <nd ref="12238458855"/>
  <nd ref="12238458856"/>
  <tag k="highway" v="steps"/>
 </way>
 <way id="1322597825" visible="true" version="1" changeset="157675528" timestamp="2024-10-09T14:28:59Z" user="JuanoDavo" uid="11097243">
  <nd ref="12238458857"/>
  <nd ref="12238458858"/>
  <nd ref="12238458859"/>
  <nd ref="12238458860"/>
  <nd ref="12238458857"/>
  <tag k="leisure" v="outdoor_seating"/>
 </way>
 <way id="1322597826" visible="true" version="3" changeset="165037046" timestamp="2025-04-16T16:33:47Z" user="Facalderonm" uid="1759764">
  <nd ref="12760078149"/>
  <nd ref="7847400132"/>
  <nd ref="12238458862"/>
  <nd ref="7847400149"/>
  <nd ref="12238458864"/>
  <tag k="highway" v="footway"/>
 </way>
 <way id="1322597827" visible="true" version="3" changeset="171239218" timestamp="2025-08-30T17:51:56Z" user="tuxcoon19" uid="21886215">
  <nd ref="12238458870"/>
  <nd ref="12238458869"/>
  <nd ref="12238458868"/>
  <nd ref="12714469852"/>
  <nd ref="12714469839"/>
  <tag k="highway" v="footway"/>
  <tag k="surface" v="sett"/>
 </way>
 <way id="1322597828" visible="true" version="1" changeset="157675528" timestamp="2024-10-09T14:28:59Z" user="JuanoDavo" uid="11097243">
  <nd ref="12238458875"/>
  <nd ref="12238458876"/>
  <tag k="highway" v="footway"/>
 </way>
 <way id="1322597829" visible="true" version="2" changeset="164305061" timestamp="2025-03-30T20:53:58Z" user="Facalderonm" uid="1759764">
  <nd ref="12238458877"/>
  <nd ref="12238458878"/>
  <nd ref="12238458879"/>
  <tag k="highway" v="footway"/>
 </way>
 <way id="1324688656" visible="true" version="2" changeset="164305061" timestamp="2025-03-30T20:53:58Z" user="Facalderonm" uid="1759764">
  <nd ref="12238458856"/>
  <nd ref="12714648928"/>
  <nd ref="12258452222"/>
  <tag k="highway" v="footway"/>
 </way>
 <way id="1324688657" visible="true" version="1" changeset="158009962" timestamp="2024-10-17T14:09:00Z" user="JuanoDavo" uid="11097243">
  <nd ref="12258452225"/>
  <nd ref="12258452226"/>
  <tag k="barrier" v="wall"/>
 </way>
 <way id="1324689616" visible="true" version="1" changeset="158010170" timestamp="2024-10-17T14:13:21Z" user="JuanoDavo" uid="11097243">
  <nd ref="12258379286"/>
  <nd ref="12258379287"/>
  <nd ref="12258379288"/>
  <tag k="highway" v="steps"/>
 </way>
 <way id="1324689617" visible="true" version="1" changeset="158010170" timestamp="2024-10-17T14:13:21Z" user="JuanoDavo" uid="11097243">
  <nd ref="12258379288"/>
  <nd ref="12258379289"/>
  <tag k="highway" v="footway"/>
 </way>
 <way id="1324689996" visible="true" version="1" changeset="158010297" timestamp="2024-10-17T14:15:46Z" user="JuanoDavo" uid="11097243">
  <nd ref="9301986478"/>
  <nd ref="12258451062"/>
  <nd ref="12258451063"/>
  <tag k="highway" v="footway"/>
 </way>
 <way id="1327241992" visible="true" version="1" changeset="158212155" timestamp="2024-10-22T13:32:13Z" user="JuanoDavo" uid="11097243">
  <nd ref="12278706293"/>
  <nd ref="12278706294"/>
  <nd ref="12278706295"/>
  <nd ref="12278706296"/>
  <nd ref="12278706293"/>
  <tag k="access" v="unknown"/>
  <tag k="leisure" v="pitch"/>
  <tag k="sport" v="soccer"/>
  <tag k="surface" v="sand"/>
 </way>
 <way id="1327242000" visible="true" version="2" changeset="164299848" timestamp="2025-03-30T18:41:33Z" user="Facalderonm" uid="1759764">
  <nd ref="12278735125"/>
  <nd ref="12278735126"/>
  <nd ref="12714325379"/>
  <nd ref="12714325380"/>
  <nd ref="12714325383"/>
  <nd ref="12278735127"/>
  <nd ref="12278735128"/>
  <nd ref="12278735125"/>
  <tag k="building" v="yes"/>
  <tag k="leisure" v="sports_hall"/>
 </way>
 <way id="1327242001" visible="true" version="1" changeset="158212155" timestamp="2024-10-22T13:32:13Z" user="JuanoDavo" uid="11097243">
  <nd ref="12278735129"/>
  <nd ref="12278735130"/>
  <nd ref="12278735131"/>
  <nd ref="12278735132"/>
  <nd ref="12278735129"/>
  <tag k="place" v="square"/>
 </way>
 <way id="1327242002" visible="true" version="1" changeset="158212155" timestamp="2024-10-22T13:32:13Z" user="JuanoDavo" uid="11097243">
  <nd ref="12278735133"/>
  <nd ref="12278735134"/>
  <nd ref="12278735135"/>
  <nd ref="12278735136"/>
  <nd ref="12278735133"/>
  <tag k="place" v="square"/>
 </way>
 <way id="1372514856" visible="true" version="4" changeset="164300738" timestamp="2025-03-30T19:00:03Z" user="Facalderonm" uid="1759764">
  <nd ref="12222405346"/>
  <nd ref="12708508753"/>
  <nd ref="12708508754"/>
  <nd ref="1686597094"/>
  <nd ref="1686597107"/>
  <nd ref="1686597034"/>
  <nd ref="7847400178"/>
  <nd ref="12714342628"/>
  <nd ref="1686597005"/>
  <nd ref="12714342627"/>
  <nd ref="12714120934"/>
  <nd ref="1686597027"/>
  <tag k="barrier" v="wall"/>
 </way>
 <way id="1372514857" visible="true" version="1" changeset="164227985" timestamp="2025-03-28T21:33:38Z" user="Facalderonm" uid="1759764">
  <nd ref="12222405346"/>
  <nd ref="1686597093"/>
  <nd ref="1686597038"/>
  <nd ref="12708508723"/>
  <nd ref="12708508724"/>
  <nd ref="1686597029"/>
  <nd ref="12222405357"/>
  <nd ref="12222405356"/>
  <nd ref="11057499583"/>
  <nd ref="12708508734"/>
  <nd ref="1686597044"/>
  <nd ref="1686597009"/>
  <nd ref="1686597074"/>
  <nd ref="12708508757"/>
  <nd ref="1686597066"/>
  <nd ref="1686597027"/>
  <tag k="barrier" v="fence"/>
  <tag k="fence_type" v="railing"/>
 </way>
 <way id="1373126524" visible="true" version="3" changeset="164307755" timestamp="2025-03-30T22:43:53Z" user="Facalderonm" uid="1759764">
  <nd ref="12714120932"/>
  <nd ref="12714120933"/>
  <nd ref="12714801958"/>
  <nd ref="4829149640"/>
  <nd ref="12714120934"/>
  <nd ref="1686597027"/>
  <nd ref="12714120931"/>
  <nd ref="3185164929"/>
  <nd ref="12714120932"/>
  <tag k="building" v="university"/>
  <tag k="layer" v="1"/>
  <tag k="name" v="(UIS 60) Portería Carrera 30"/>
 </way>
 <way id="1373126525" visible="true" version="4" changeset="164440028" timestamp="2025-04-02T21:12:19Z" user="Facalderonm" uid="1759764">
  <nd ref="2235743167"/>
  <nd ref="12724301386"/>
  <nd ref="9652094516"/>
  <nd ref="12724301369"/>
  <nd ref="12724301375"/>
  <nd ref="12724301374"/>
  <nd ref="12724301393"/>
  <nd ref="12724301370"/>
  <nd ref="12724329300"/>
  <nd ref="12724334317"/>
  <nd ref="12724301371"/>
  <nd ref="9275533528"/>
  <nd ref="9275533529"/>
  <nd ref="9275533530"/>
  <nd ref="9275533531"/>
  <nd ref="9275533532"/>
  <nd ref="12714120952"/>
  <nd ref="12714120951"/>
  <nd ref="12714120950"/>
  <nd ref="12714120949"/>
  <nd ref="12714120948"/>
  <nd ref="12714120947"/>
  <nd ref="12714120946"/>
  <nd ref="12714120945"/>
  <nd ref="12714120954"/>
  <nd ref="12714120944"/>
  <nd ref="12714120943"/>
  <nd ref="12714120942"/>
  <nd ref="12714744073"/>
  <nd ref="12714744074"/>
  <nd ref="12714744075"/>
  <nd ref="12714744076"/>
  <nd ref="12714744077"/>
  <nd ref="9925469214"/>
  <tag k="barrier" v="wall"/>
 </way>
 <way id="1373126527" visible="true" version="1" changeset="164296571" timestamp="2025-03-30T17:14:35Z" user="Facalderonm" uid="1759764">
  <nd ref="12714120980"/>
  <nd ref="12714120981"/>
  <nd ref="12714120982"/>
  <nd ref="12714120983"/>
  <nd ref="12714120984"/>
  <nd ref="12714120985"/>
  <nd ref="9302019067"/>
  <tag k="highway" v="track"/>
 </way>
 <way id="1373126528" visible="true" version="4" changeset="164305227" timestamp="2025-03-30T20:59:43Z" user="Facalderonm" uid="1759764">
  <nd ref="3185164940"/>
  <nd ref="3185164944"/>
  <nd ref="3185164947"/>
  <nd ref="3185164948"/>
  <nd ref="3185164951"/>
  <nd ref="3185164952"/>
  <nd ref="3185164959"/>
  <nd ref="12714648873"/>
  <nd ref="12714120970"/>
  <nd ref="5407959898"/>
  <nd ref="5407959900"/>
  <nd ref="3185165273"/>
  <nd ref="9275652997"/>
  <nd ref="12714120979"/>
  <nd ref="3185165278"/>
  <nd ref="3185165325"/>
  <nd ref="12714649039"/>
  <nd ref="7847432256"/>
  <nd ref="3185165296"/>
  <nd ref="7847432251"/>
  <nd ref="3185165289"/>
  <nd ref="12714648989"/>
  <nd ref="3185165312"/>
  <nd ref="3185165334"/>
  <nd ref="3185165330"/>
  <nd ref="3185165335"/>
  <nd ref="3185165310"/>
  <nd ref="3185165284"/>
  <nd ref="3185165282"/>
  <nd ref="3185165280"/>
  <nd ref="3185165274"/>
  <tag k="barrier" v="wall"/>
 </way>
 <way id="1373126529" visible="true" version="2" changeset="164305227" timestamp="2025-03-30T20:59:43Z" user="Facalderonm" uid="1759764">
  <nd ref="3185164940"/>
  <nd ref="12714648879"/>
  <nd ref="12714648872"/>
  <nd ref="3185164939"/>
  <nd ref="12708734168"/>
  <nd ref="3185164934"/>
  <tag k="barrier" v="fence"/>
  <tag k="fence_type" v="railing"/>
 </way>
 <way id="1373126536" visible="true" version="1" changeset="164296571" timestamp="2025-03-30T17:14:35Z" user="Facalderonm" uid="1759764">
  <nd ref="12714129054"/>
  <nd ref="12714129053"/>
  <nd ref="12714129052"/>
  <nd ref="12714129051"/>
  <nd ref="12714129050"/>
  <nd ref="12714129049"/>
  <nd ref="12714129048"/>
  <nd ref="12714129047"/>
  <nd ref="12714129046"/>
  <nd ref="12714129045"/>
  <nd ref="12714129044"/>
  <nd ref="12714129043"/>
  <nd ref="12714129042"/>
  <nd ref="12714129041"/>
  <nd ref="12714129040"/>
  <nd ref="12714129039"/>
  <nd ref="12714129038"/>
  <nd ref="12714129037"/>
  <nd ref="12714129036"/>
  <nd ref="12714129035"/>
  <nd ref="12714129034"/>
  <nd ref="12714129033"/>
  <nd ref="12714129032"/>
  <nd ref="12714129031"/>
  <nd ref="12714129030"/>
  <nd ref="12714129029"/>
  <nd ref="12714129028"/>
  <nd ref="12714129027"/>
  <nd ref="12714129026"/>
  <nd ref="12714129025"/>
  <nd ref="9113942325"/>
  <nd ref="5407877791"/>
  <nd ref="5407877790"/>
  <nd ref="5407877821"/>
  <nd ref="5407877823"/>
  <nd ref="5407877831"/>
  <nd ref="5407877834"/>
  <nd ref="5407877866"/>
  <tag k="highway" v="track"/>
 </way>
 <way id="1373133502" visible="true" version="3" changeset="164791739" timestamp="2025-04-10T23:45:51Z" user="Facalderonm" uid="1759764">
  <nd ref="12714162887"/>
  <nd ref="12714162888"/>
  <nd ref="12714162889"/>
  <nd ref="12714162890"/>
  <nd ref="12714162891"/>
  <nd ref="12714325337"/>
  <nd ref="12714162892"/>
  <nd ref="9275653007"/>
  <nd ref="9275653009"/>
  <nd ref="9275653010"/>
  <nd ref="9275653011"/>
  <nd ref="9275653012"/>
  <nd ref="9275653013"/>
  <nd ref="12714129004"/>
  <nd ref="12714129003"/>
  <nd ref="12714162898"/>
  <nd ref="9275653014"/>
  <nd ref="9275653015"/>
  <nd ref="9275653016"/>
  <nd ref="12714190502"/>
  <nd ref="12714190503"/>
  <nd ref="12714190504"/>
  <nd ref="12745786981"/>
  <nd ref="12714190505"/>
  <nd ref="12714190506"/>
  <nd ref="12714190507"/>
  <nd ref="12714190508"/>
  <nd ref="12714190509"/>
  <nd ref="12714190510"/>
  <nd ref="12714190511"/>
  <nd ref="12714190512"/>
  <nd ref="12714190513"/>
  <nd ref="12714190514"/>
  <nd ref="12714190515"/>
  <nd ref="12714190516"/>
  <nd ref="12714190517"/>
  <nd ref="12714190518"/>
  <nd ref="12714190519"/>
  <nd ref="12714190520"/>
  <nd ref="12714190521"/>
  <nd ref="12714162887"/>
  <tag k="natural" v="wood"/>
 </way>
 <way id="1373155845" visible="true" version="1" changeset="164299848" timestamp="2025-03-30T18:41:33Z" user="Facalderonm" uid="1759764">
  <nd ref="12714162898"/>
  <nd ref="12714325338"/>
  <nd ref="12714325339"/>
  <nd ref="12714325340"/>
  <nd ref="9275653016"/>
  <nd ref="9275653015"/>
  <nd ref="9275653014"/>
  <nd ref="12714162898"/>
  <tag k="landuse" v="residential"/>
 </way>
 <way id="1373155846" visible="true" version="2" changeset="164702552" timestamp="2025-04-09T01:37:22Z" user="Facalderonm" uid="1759764">
  <nd ref="5419481239"/>
  <nd ref="12714325341"/>
  <tag k="highway" v="steps"/>
  <tag k="incline" v="up"/>
  <tag k="name" v="Carrera 25A"/>
 </way>
 <way id="1373155847" visible="true" version="2" changeset="164702552" timestamp="2025-04-09T01:37:22Z" user="Facalderonm" uid="1759764">
  <nd ref="12714325347"/>
  <nd ref="12714325346"/>
  <tag k="highway" v="steps"/>
  <tag k="incline" v="up"/>
  <tag k="name" v="Carrera 25C"/>
 </way>
 <way id="1373155849" visible="true" version="1" changeset="164299848" timestamp="2025-03-30T18:41:33Z" user="Facalderonm" uid="1759764">
  <nd ref="839091980"/>
  <nd ref="2791578977"/>
  <nd ref="5419481239"/>
  <tag k="highway" v="residential"/>
  <tag k="name" v="Calle 6"/>
 </way>
 <way id="1373155851" visible="true" version="2" changeset="164305061" timestamp="2025-03-30T20:53:58Z" user="Facalderonm" uid="1759764">
  <nd ref="12714325362"/>
  <nd ref="12714648915"/>
  <nd ref="12714325363"/>
  <tag k="highway" v="service"/>
  <tag k="oneway" v="yes"/>
 </way>
 <way id="1373155852" visible="true" version="2" changeset="164305061" timestamp="2025-03-30T20:53:58Z" user="Facalderonm" uid="1759764">
  <nd ref="12714325364"/>
  <nd ref="12714648914"/>
  <nd ref="652471884"/>
  <tag k="highway" v="service"/>
  <tag k="oneway" v="yes"/>
 </way>
 <way id="1373155853" visible="true" version="3" changeset="171239385" timestamp="2025-08-30T17:49:57Z" user="tuxcoon19" uid="21886215">
  <nd ref="12714325360"/>
  <nd ref="12714648913"/>
  <nd ref="12714325365"/>
  <tag k="highway" v="service"/>
  <tag k="surface" v="asphalt"/>
 </way>
 <way id="1373155855" visible="true" version="1" changeset="164299848" timestamp="2025-03-30T18:41:33Z" user="Facalderonm" uid="1759764">
  <nd ref="12714325366"/>
  <nd ref="12714325367"/>
  <nd ref="12714325368"/>
  <nd ref="12714325369"/>
  <nd ref="12714325366"/>
  <tag k="building" v="university"/>
  <tag k="name" v="(UIS 47) Portería Carrera 25"/>
 </way>
 <way id="1373155858" visible="true" version="1" changeset="164299848" timestamp="2025-03-30T18:41:33Z" user="Facalderonm" uid="1759764">
  <nd ref="12714342614"/>
  <nd ref="12714342659"/>
  <nd ref="12714342658"/>
  <nd ref="12714325370"/>
  <nd ref="12714325371"/>
  <nd ref="6469032207"/>
  <nd ref="3185164936"/>
  <tag k="barrier" v="wall"/>
 </way>
 <way id="1373155859" visible="true" version="2" changeset="176881588" timestamp="2026-01-05T22:45:58Z" user="Haeape1" uid="23111686">
  <nd ref="12714325376"/>
  <nd ref="12714325377"/>
  <nd ref="12714325378"/>
  <nd ref="12714325379"/>
  <nd ref="12714325380"/>
  <nd ref="12714325381"/>
  <nd ref="12714325382"/>
  <nd ref="12714325383"/>
  <nd ref="12278735127"/>
  <nd ref="12714325384"/>
  <nd ref="12714325385"/>
  <nd ref="12714325386"/>
  <nd ref="12714325387"/>
  <nd ref="12714325388"/>
  <nd ref="12714325389"/>
  <nd ref="12714325390"/>
  <nd ref="12714325391"/>
  <nd ref="12714325392"/>
  <nd ref="12714325393"/>
  <nd ref="12714325394"/>
  <nd ref="12714325395"/>
  <nd ref="12714325396"/>
  <nd ref="12714325397"/>
  <nd ref="12714325398"/>
  <nd ref="12714325399"/>
  <nd ref="12714325400"/>
  <nd ref="12714342601"/>
  <nd ref="12714342602"/>
  <nd ref="12714342603"/>
  <nd ref="12714342604"/>
  <nd ref="12714325376"/>
  <tag k="building" v="school"/>
  <tag k="building:levels" v="4"/>
 </way>
 <way id="1373161844" visible="true" version="1" changeset="164300738" timestamp="2025-03-30T19:00:03Z" user="Facalderonm" uid="1759764">
  <nd ref="12222705673"/>
  <nd ref="12714286773"/>
  <nd ref="12714286770"/>
  <nd ref="12222705674"/>
  <tag k="highway" v="footway"/>
 </way>
 <way id="1373161845" visible="true" version="1" changeset="164300738" timestamp="2025-03-30T19:00:03Z" user="Facalderonm" uid="1759764">
  <nd ref="12714286769"/>
  <nd ref="12714286774"/>
  <nd ref="12714286770"/>
  <tag k="highway" v="footway"/>
 </way>
 <way id="1373161846" visible="true" version="1" changeset="164300738" timestamp="2025-03-30T19:00:03Z" user="Facalderonm" uid="1759764">
  <nd ref="12714286771"/>
  <nd ref="12714286774"/>
  <nd ref="12714286772"/>
  <nd ref="7847400167"/>
  <nd ref="7847400175"/>
  <nd ref="7847400177"/>
  <nd ref="12714286785"/>
  <nd ref="12714286773"/>
  <nd ref="12714286771"/>
  <tag k="area" v="yes"/>
  <tag k="highway" v="pedestrian"/>
 </way>
 <way id="1373161847" visible="true" version="1" changeset="164300738" timestamp="2025-03-30T19:00:03Z" user="Facalderonm" uid="1759764">
  <nd ref="12222711211"/>
  <nd ref="12714286778"/>
  <tag k="highway" v="footway"/>
 </way>
 <way id="1373161848" visible="true" version="4" changeset="170502237" timestamp="2025-08-15T23:08:33Z" user="Haeape1" uid="23111686">
  <nd ref="951833639"/>
  <nd ref="12714286799"/>
  <nd ref="12714469857"/>
  <nd ref="12714286776"/>
  <nd ref="2791588714"/>
  <nd ref="7742048558"/>
  <nd ref="12714342656"/>
  <nd ref="12714342660"/>
  <nd ref="12714342613"/>
  <tag k="highway" v="footway"/>
  <tag k="name" v="Sendero Central UIS"/>
  <tag k="surface" v="paving_stones"/>
 </way>
 <way id="1373161849" visible="true" version="1" changeset="164300738" timestamp="2025-03-30T19:00:03Z" user="Facalderonm" uid="1759764">
  <nd ref="12714286776"/>
  <nd ref="12714286794"/>
  <nd ref="12714286778"/>
  <tag k="highway" v="ladder"/>
 </way>
 <way id="1373161852" visible="true" version="2" changeset="175181880" timestamp="2025-11-27T05:40:44Z" user="Haeape1" uid="23111686">
  <nd ref="839094512"/>
  <nd ref="12714342618"/>
  <nd ref="12714342619"/>
  <nd ref="12714342620"/>
  <nd ref="839101646"/>
  <tag k="highway" v="service"/>
  <tag k="name" v="Entrada Central UIS"/>
 </way>
 <way id="1373161853" visible="true" version="2" changeset="170502237" timestamp="2025-08-15T23:08:33Z" user="Haeape1" uid="23111686">
  <nd ref="12714342613"/>
  <nd ref="12714342617"/>
  <nd ref="12714342654"/>
  <nd ref="12714342616"/>
  <nd ref="12714342622"/>
  <nd ref="839094512"/>
  <tag k="highway" v="service"/>
  <tag k="lanes" v="2"/>
  <tag k="mechanical" v="yes"/>
  <tag k="name" v="Entrada Central UIS"/>
  <tag k="oneway" v="no"/>
  <tag k="surface" v="paving_stones"/>
 </way>
 <way id="1373161854" visible="true" version="1" changeset="164300738" timestamp="2025-03-30T19:00:03Z" user="Facalderonm" uid="1759764">
  <nd ref="12714286796"/>
  <nd ref="12714286797"/>
  <nd ref="12714286798"/>
  <nd ref="12714286800"/>
  <nd ref="12714286799"/>
  <tag k="highway" v="footway"/>
 </way>
 <way id="1373169473" visible="true" version="2" changeset="171239218" timestamp="2025-08-30T17:50:33Z" user="tuxcoon19" uid="21886215">
  <nd ref="12238458867"/>
  <nd ref="12238458868"/>
  <tag k="highway" v="footway"/>
  <tag k="surface" v="concrete"/>
 </way>
 <way id="1373169474" visible="true" version="3" changeset="171239531" timestamp="2025-08-30T17:53:03Z" user="tuxcoon19" uid="21886215">
  <nd ref="12714469848"/>
  <nd ref="12714469849"/>
  <nd ref="12714469850"/>
  <nd ref="12714469851"/>
  <nd ref="12714469848"/>
  <tag k="building" v="university"/>
  <tag k="fee" v="yes"/>
  <tag k="museum" v="history"/>
  <tag k="name" v="(UIS) Museo de Historia Natural"/>
  <tag k="tourism" v="museum"/>
 </way>
 <way id="1373169475" visible="true" version="2" changeset="171239218" timestamp="2025-08-30T17:54:22Z" user="tuxcoon19" uid="21886215">
  <nd ref="12714469852"/>
  <nd ref="12714469853"/>
  <nd ref="12238458864"/>
  <nd ref="12238458865"/>
  <nd ref="12714469838"/>
  <tag k="highway" v="footway"/>
  <tag k="surface" v="sett"/>
 </way>
 <way id="1373169477" visible="true" version="1" changeset="164302575" timestamp="2025-03-30T19:41:52Z" user="Facalderonm" uid="1759764">
  <nd ref="12152644134"/>
  <nd ref="12238458862"/>
  <tag k="highway" v="footway"/>
 </way>
 <way id="1373169478" visible="true" version="1" changeset="164302575" timestamp="2025-03-30T19:41:52Z" user="Facalderonm" uid="1759764">
  <nd ref="12714469857"/>
  <nd ref="12714469861"/>
  <nd ref="12714469860"/>
  <nd ref="12714469859"/>
  <nd ref="12714469858"/>
  <tag k="highway" v="footway"/>
 </way>
 <way id="1373191100" visible="true" version="2" changeset="171239218" timestamp="2025-08-30T17:43:54Z" user="tuxcoon19" uid="21886215">
  <nd ref="12152644145"/>
  <nd ref="12714595597"/>
  <nd ref="12152644144"/>
  <tag k="highway" v="footway"/>
  <tag k="surface" v="paving_stones"/>
 </way>
 <way id="1373191101" visible="true" version="1" changeset="164305061" timestamp="2025-03-30T20:53:58Z" user="Facalderonm" uid="1759764">
  <nd ref="12714595598"/>
  <nd ref="12714595599"/>
  <nd ref="12714595600"/>
  <nd ref="12714648901"/>
  <nd ref="12714595598"/>
  <tag k="amenity" v="parking_space"/>
  <tag k="capacity" v="20"/>
  <tag k="parking_space" v="normal"/>
 </way>
 <way id="1373191102" visible="true" version="2" changeset="171239385" timestamp="2025-08-30T17:49:10Z" user="tuxcoon19" uid="21886215">
  <nd ref="12714648902"/>
  <nd ref="12714648903"/>
  <tag k="highway" v="service"/>
  <tag k="surface" v="asphalt"/>
 </way>
 <way id="1373191103" visible="true" version="2" changeset="171239385" timestamp="2025-08-30T17:48:24Z" user="tuxcoon19" uid="21886215">
  <nd ref="12714648904"/>
  <nd ref="4829149553"/>
  <tag k="highway" v="service"/>
  <tag k="surface" v="asphalt"/>
 </way>
 <way id="1373191104" visible="true" version="1" changeset="164305061" timestamp="2025-03-30T20:53:58Z" user="Facalderonm" uid="1759764">
  <nd ref="12714648909"/>
  <nd ref="12714648910"/>
  <nd ref="12714648911"/>
  <nd ref="12714648912"/>
  <nd ref="12714648909"/>
  <tag k="landuse" v="grass"/>
 </way>
 <way id="1373191105" visible="true" version="2" changeset="175338550" timestamp="2025-12-01T02:58:23Z" user="Haeape1" uid="23111686">
  <nd ref="3185164936"/>
  <nd ref="839098435"/>
  <nd ref="12714342629"/>
  <nd ref="12714342630"/>
  <nd ref="3185164920"/>
  <nd ref="13343752942"/>
  <nd ref="12714342614"/>
  <tag k="barrier" v="wall"/>
 </way>
 <way id="1373191106" visible="true" version="1" changeset="164305061" timestamp="2025-03-30T20:53:58Z" user="Facalderonm" uid="1759764">
  <nd ref="3185165274"/>
  <nd ref="12714648956"/>
  <nd ref="12714648913"/>
  <nd ref="12714648909"/>
  <nd ref="12714648912"/>
  <nd ref="12714648915"/>
  <nd ref="12714325366"/>
  <nd ref="12714325369"/>
  <nd ref="12714648914"/>
  <nd ref="12714648920"/>
  <nd ref="3185164936"/>
  <tag k="barrier" v="wall"/>
 </way>
 <way id="1373191107" visible="true" version="2" changeset="171239385" timestamp="2025-08-30T17:49:18Z" user="tuxcoon19" uid="21886215">
  <nd ref="12714648916"/>
  <nd ref="12714648902"/>
  <nd ref="12714648917"/>
  <tag k="highway" v="service"/>
  <tag k="surface" v="asphalt"/>
 </way>
 <way id="1373191108" visible="true" version="2" changeset="171239385" timestamp="2025-08-30T17:48:19Z" user="tuxcoon19" uid="21886215">
  <nd ref="12714648918"/>
  <nd ref="12714648904"/>
  <nd ref="12714648919"/>
  <tag k="highway" v="service"/>
  <tag k="surface" v="asphalt"/>
 </way>
 <way id="1373191109" visible="true" version="1" changeset="164305061" timestamp="2025-03-30T20:53:58Z" user="Facalderonm" uid="1759764">
  <nd ref="12714648920"/>
  <nd ref="12714648921"/>
  <nd ref="12714648922"/>
  <nd ref="12714648923"/>
  <nd ref="12714648924"/>
  <nd ref="12714648925"/>
  <nd ref="5419457004"/>
  <nd ref="839098435"/>
  <nd ref="3185164936"/>
  <nd ref="12714648920"/>
  <tag k="landuse" v="grass"/>
 </way>
 <way id="1373191110" visible="true" version="1" changeset="164305061" timestamp="2025-03-30T20:53:58Z" user="Facalderonm" uid="1759764">
  <nd ref="12714648927"/>
  <nd ref="12714648928"/>
  <nd ref="12238458852"/>
  <tag k="highway" v="footway"/>
 </way>
 <way id="1373191111" visible="true" version="1" changeset="164305061" timestamp="2025-03-30T20:53:58Z" user="Facalderonm" uid="1759764">
  <nd ref="5419457120"/>
  <nd ref="12714648929"/>
  <nd ref="12714648930"/>
  <nd ref="12714648931"/>
  <tag k="highway" v="footway"/>
 </way>
 <way id="1373191112" visible="true" version="1" changeset="164305061" timestamp="2025-03-30T20:53:58Z" user="Facalderonm" uid="1759764">
  <nd ref="3185165284"/>
  <nd ref="3185165310"/>
  <nd ref="12230761844"/>
  <nd ref="12714648957"/>
  <nd ref="12714648958"/>
  <nd ref="12714648946"/>
  <nd ref="12714648947"/>
  <nd ref="12714648948"/>
  <nd ref="12714648949"/>
  <nd ref="12714648950"/>
  <nd ref="12714648951"/>
  <nd ref="12714648952"/>
  <nd ref="12714648953"/>
  <nd ref="12714648954"/>
  <nd ref="12714648955"/>
  <nd ref="12714648956"/>
  <nd ref="3185165274"/>
  <nd ref="3185165280"/>
  <nd ref="3185165284"/>
  <tag k="landuse" v="grass"/>
 </way>
 <way id="1373191114" visible="true" version="1" changeset="164305061" timestamp="2025-03-30T20:53:58Z" user="Facalderonm" uid="1759764">
  <nd ref="12714648975"/>
  <nd ref="12714648976"/>
  <tag k="highway" v="footway"/>
 </way>
 <way id="1373191115" visible="true" version="1" changeset="164305061" timestamp="2025-03-30T20:53:58Z" user="Facalderonm" uid="1759764">
  <nd ref="12714648977"/>
  <nd ref="12714648978"/>
  <tag k="highway" v="footway"/>
 </way>
 <way id="1373191116" visible="true" version="1" changeset="164305061" timestamp="2025-03-30T20:53:58Z" user="Facalderonm" uid="1759764">
  <nd ref="12714648979"/>
  <nd ref="12714648980"/>
  <nd ref="12714648981"/>
  <nd ref="12714648982"/>
  <nd ref="12714648983"/>
  <nd ref="12714648984"/>
  <nd ref="12714648985"/>
  <nd ref="12714648986"/>
  <nd ref="12714648979"/>
 </way>
 <way id="1373191117" visible="true" version="1" changeset="164305061" timestamp="2025-03-30T20:53:58Z" user="Facalderonm" uid="1759764">
  <nd ref="6364071193"/>
  <nd ref="6364071045"/>
  <nd ref="12222493551"/>
  <tag k="access" v="private"/>
  <tag k="highway" v="footway"/>
  <tag k="lanes" v="2"/>
  <tag k="mechanical" v="yes"/>
  <tag k="oneway" v="no"/>
  <tag k="surface" v="paving_stones"/>
 </way>
 <way id="1373191118" visible="true" version="1" changeset="164305061" timestamp="2025-03-30T20:53:58Z" user="Facalderonm" uid="1759764">
  <nd ref="12222493555"/>
  <nd ref="12222493556"/>
  <nd ref="6364071048"/>
  <tag k="access" v="private"/>
  <tag k="highway" v="footway"/>
  <tag k="lanes" v="2"/>
  <tag k="mechanical" v="yes"/>
  <tag k="oneway" v="no"/>
  <tag k="surface" v="paving_stones"/>
 </way>
 <way id="1373191119" visible="true" version="1" changeset="164305061" timestamp="2025-03-30T20:53:58Z" user="Facalderonm" uid="1759764">
  <nd ref="12714649007"/>
  <nd ref="12714649008"/>
  <nd ref="12714649009"/>
  <nd ref="12714649010"/>
  <nd ref="12714649007"/>
  <tag k="amenity" v="theatre"/>
  <tag k="building" v="yes"/>
  <tag k="name" v="(UIS 63) Auditorio Jorge Salamea"/>
 </way>
 <way id="1373191120" visible="true" version="1" changeset="164305061" timestamp="2025-03-30T20:53:58Z" user="Facalderonm" uid="1759764">
  <nd ref="12714649028"/>
  <nd ref="12714649029"/>
  <nd ref="12714649030"/>
  <nd ref="12714649031"/>
  <nd ref="12714649032"/>
  <nd ref="12714649033"/>
  <nd ref="12714649017"/>
  <nd ref="12714649021"/>
  <nd ref="12714649015"/>
  <nd ref="12714649022"/>
  <nd ref="12714649023"/>
  <nd ref="12714649024"/>
  <nd ref="12714649025"/>
  <nd ref="12714649026"/>
  <nd ref="12714649027"/>
  <nd ref="12714649019"/>
  <nd ref="12714649016"/>
  <nd ref="12714649018"/>
  <nd ref="12714649020"/>
  <nd ref="12714649028"/>
  <tag k="building" v="university"/>
  <tag k="name" v="(UIS 64) Módulo de Psicorientación"/>
 </way>
 <way id="1373191121" visible="true" version="1" changeset="164305061" timestamp="2025-03-30T20:53:58Z" user="Facalderonm" uid="1759764">
  <nd ref="12714649034"/>
  <nd ref="12714649035"/>
  <nd ref="12714649036"/>
  <nd ref="12714649037"/>
  <nd ref="12714649034"/>
  <tag k="leisure" v="outdoor_seating"/>
 </way>
 <way id="1373191122" visible="true" version="2" changeset="164305227" timestamp="2025-03-30T20:59:43Z" user="Facalderonm" uid="1759764">
  <nd ref="12714649038"/>
  <nd ref="12714649031"/>
  <nd ref="12714649030"/>
  <nd ref="12714649029"/>
  <nd ref="12714649028"/>
  <nd ref="12714649020"/>
  <nd ref="12714649018"/>
  <nd ref="12714649016"/>
  <nd ref="12714649019"/>
  <nd ref="12714649027"/>
  <nd ref="12714649026"/>
  <nd ref="12714649039"/>
  <nd ref="3185165325"/>
  <nd ref="3185165278"/>
  <nd ref="12714649040"/>
  <nd ref="12714649041"/>
  <nd ref="12714649042"/>
  <nd ref="12714649038"/>
  <tag k="landuse" v="grass"/>
 </way>
 <way id="1373191123" visible="true" version="1" changeset="164305061" timestamp="2025-03-30T20:53:58Z" user="Facalderonm" uid="1759764">
  <nd ref="6364071067"/>
  <nd ref="6364071069"/>
  <nd ref="6364071071"/>
  <nd ref="12714649043"/>
  <nd ref="6364071072"/>
  <nd ref="6364071073"/>
  <nd ref="6364071075"/>
  <tag k="highway" v="footway"/>
 </way>
 <way id="1373191126" visible="true" version="1" changeset="164305061" timestamp="2025-03-30T20:53:58Z" user="Facalderonm" uid="1759764">
  <nd ref="12714649045"/>
  <nd ref="12714649046"/>
  <nd ref="12714649047"/>
  <nd ref="12714649048"/>
  <nd ref="12714649045"/>
  <tag k="leisure" v="pitch"/>
  <tag k="name" v="(UIS 41) Mesas de Ping Pong"/>
  <tag k="sport" v="table_tennis"/>
 </way>
 <way id="1373192111" visible="true" version="1" changeset="164305227" timestamp="2025-03-30T20:59:43Z" user="Facalderonm" uid="1759764">
  <nd ref="3185164940"/>
  <nd ref="3185164944"/>
  <nd ref="3185164947"/>
  <nd ref="3185164948"/>
  <nd ref="3185164951"/>
  <nd ref="3185164952"/>
  <nd ref="12714648873"/>
  <nd ref="12714120970"/>
  <nd ref="5407959898"/>
  <nd ref="5407959900"/>
  <nd ref="12714648874"/>
  <nd ref="12714648875"/>
  <nd ref="12714648876"/>
  <nd ref="12714648877"/>
  <nd ref="12714648878"/>
  <nd ref="12714648879"/>
  <nd ref="3185164940"/>
  <tag k="landuse" v="grass"/>
 </way>
 <way id="1373192112" visible="true" version="1" changeset="164305227" timestamp="2025-03-30T20:59:43Z" user="Facalderonm" uid="1759764">
  <nd ref="5407959900"/>
  <nd ref="12714648880"/>
  <nd ref="12714648881"/>
  <nd ref="12714648882"/>
  <nd ref="12714648883"/>
  <nd ref="12714648884"/>
  <nd ref="12714648885"/>
  <nd ref="12714648886"/>
  <nd ref="12714648887"/>
  <nd ref="12714648888"/>
  <nd ref="12714649041"/>
  <nd ref="12714649040"/>
  <nd ref="3185165278"/>
  <nd ref="9275652997"/>
  <nd ref="3185165273"/>
  <nd ref="5407959900"/>
  <tag k="landuse" v="grass"/>
 </way>
 <way id="1373192113" visible="true" version="1" changeset="164305227" timestamp="2025-03-30T20:59:43Z" user="Facalderonm" uid="1759764">
  <nd ref="12714648889"/>
  <nd ref="12714648890"/>
  <nd ref="12714648991"/>
  <nd ref="7847297648"/>
  <nd ref="5419438920"/>
  <nd ref="5419438923"/>
  <nd ref="12714648989"/>
  <nd ref="3185165289"/>
  <nd ref="7847432251"/>
  <nd ref="12714648889"/>
  <tag k="landuse" v="grass"/>
 </way>
 <way id="1373192114" visible="true" version="1" changeset="164305227" timestamp="2025-03-30T20:59:43Z" user="Facalderonm" uid="1759764">
  <nd ref="12714649035"/>
  <nd ref="7847432255"/>
  <nd ref="7847432256"/>
  <nd ref="12714649039"/>
  <nd ref="12714649026"/>
  <nd ref="12714649025"/>
  <nd ref="12714649024"/>
  <nd ref="12714649023"/>
  <nd ref="12714649022"/>
  <nd ref="12714649015"/>
  <nd ref="12714649021"/>
  <nd ref="12714649017"/>
  <nd ref="12714649033"/>
  <nd ref="12714648891"/>
  <nd ref="12714648892"/>
  <nd ref="12714648893"/>
  <nd ref="12714649036"/>
  <nd ref="12714649037"/>
  <nd ref="12714649034"/>
  <nd ref="12714649035"/>
  <tag k="landuse" v="grass"/>
 </way>
 <way id="1373209007" visible="true" version="1" changeset="164307755" timestamp="2025-03-30T22:43:53Z" user="Facalderonm" uid="1759764">
  <nd ref="12714801949"/>
  <nd ref="12714801960"/>
  <nd ref="12714801950"/>
  <nd ref="12714801958"/>
  <nd ref="12708734175"/>
  <tag k="highway" v="footway"/>
 </way>
 <way id="1373209008" visible="true" version="1" changeset="164307755" timestamp="2025-03-30T22:43:53Z" user="Facalderonm" uid="1759764">
  <nd ref="12714801959"/>
  <nd ref="12714801960"/>
  <tag k="highway" v="footway"/>
 </way>
 <way id="1373209009" visible="true" version="1" changeset="164307755" timestamp="2025-03-30T22:43:53Z" user="Facalderonm" uid="1759764">
  <nd ref="12714801966"/>
  <nd ref="12714801950"/>
  <nd ref="12714801965"/>
  <nd ref="7230869071"/>
  <tag k="highway" v="footway"/>
 </way>
 <way id="1373209010" visible="true" version="1" changeset="164307755" timestamp="2025-03-30T22:43:53Z" user="Facalderonm" uid="1759764">
  <nd ref="12714120929"/>
  <nd ref="12714801965"/>
  <nd ref="12714801950"/>
  <nd ref="12714801958"/>
  <nd ref="12714120933"/>
  <nd ref="12714120932"/>
  <nd ref="3185164929"/>
  <nd ref="12714120930"/>
  <nd ref="12714120929"/>
  <tag k="area" v="yes"/>
  <tag k="highway" v="pedestrian"/>
 </way>
 <way id="1373209011" visible="true" version="1" changeset="164307755" timestamp="2025-03-30T22:43:53Z" user="Facalderonm" uid="1759764">
  <nd ref="6364071067"/>
  <nd ref="7612565024"/>
  <nd ref="6364071063"/>
  <nd ref="12714801972"/>
  <nd ref="12714801973"/>
  <tag k="highway" v="footway"/>
 </way>
 <way id="1373209012" visible="true" version="1" changeset="164307755" timestamp="2025-03-30T22:43:53Z" user="Facalderonm" uid="1759764">
  <nd ref="12714801974"/>
  <nd ref="12714801975"/>
  <nd ref="12714801976"/>
  <nd ref="12714801977"/>
  <nd ref="12714801978"/>
  <nd ref="12714801979"/>
  <nd ref="12714801980"/>
  <nd ref="12714801981"/>
  <nd ref="12714801982"/>
  <nd ref="12714801983"/>
  <nd ref="12714801984"/>
  <nd ref="12714801989"/>
  <nd ref="12714801985"/>
  <nd ref="12714801986"/>
  <nd ref="12714801987"/>
  <nd ref="12714801988"/>
  <nd ref="12714801974"/>
  <tag k="leisure" v="stadium"/>
  <tag k="name" v="(UIS 40) Estadio 1° de Mayo"/>
 </way>
 <way id="1373209013" visible="true" version="1" changeset="164307755" timestamp="2025-03-30T22:43:53Z" user="Facalderonm" uid="1759764">
  <nd ref="12714801986"/>
  <nd ref="12714801985"/>
  <nd ref="12714801989"/>
  <nd ref="12714801984"/>
  <nd ref="12714801983"/>
  <nd ref="12714801982"/>
  <nd ref="12714801981"/>
  <nd ref="12714801980"/>
  <nd ref="12714801990"/>
  <nd ref="12714801991"/>
  <nd ref="12714801992"/>
  <nd ref="12714801993"/>
  <nd ref="12714801994"/>
  <nd ref="12714801974"/>
  <nd ref="12714801988"/>
  <nd ref="12714801987"/>
  <nd ref="12714801986"/>
  <tag k="landuse" v="grass"/>
 </way>
 <way id="1373209014" visible="true" version="1" changeset="164307755" timestamp="2025-03-30T22:43:53Z" user="Facalderonm" uid="1759764">
  <nd ref="12714801995"/>
  <nd ref="12714801996"/>
  <nd ref="12714801997"/>
  <nd ref="12714801998"/>
  <nd ref="12714801999"/>
  <nd ref="12714802000"/>
  <nd ref="12714806601"/>
  <nd ref="12714806602"/>
  <nd ref="12714806603"/>
  <nd ref="12714806604"/>
  <nd ref="12714806605"/>
  <nd ref="12714806606"/>
  <nd ref="12714806607"/>
  <nd ref="12714806608"/>
  <nd ref="12714806609"/>
  <nd ref="12714806610"/>
  <nd ref="12714806611"/>
  <nd ref="12714806612"/>
  <nd ref="12714806613"/>
  <nd ref="12714806614"/>
  <nd ref="12714806615"/>
  <nd ref="12714806616"/>
  <nd ref="12714801995"/>
  <tag k="landuse" v="grass"/>
 </way>
 <way id="1374264558" visible="true" version="3" changeset="175608602" timestamp="2025-12-07T03:58:08Z" user="Haeape1" uid="23111686">
  <nd ref="9925469178"/>
  <nd ref="9925469179"/>
  <nd ref="9925469180"/>
  <nd ref="9925469181"/>
  <nd ref="9925469182"/>
  <nd ref="9925469183"/>
  <nd ref="9925469184"/>
  <nd ref="9925469185"/>
  <nd ref="9925469186"/>
  <nd ref="9925469187"/>
  <nd ref="9925469188"/>
  <nd ref="9925469189"/>
  <nd ref="9925469190"/>
  <nd ref="13358666660"/>
  <nd ref="13358666661"/>
  <nd ref="4829149618"/>
  <tag k="access" v="private"/>
  <tag k="highway" v="path"/>
  <tag k="name" v="Ejército Nacional - Batallón de Ingenieros"/>
 </way>
 <way id="1374264560" visible="true" version="5" changeset="173151020" timestamp="2025-10-11T18:48:12Z" user="BigKev97" uid="3782655">
  <nd ref="12724301392"/>
  <nd ref="9925469213"/>
  <nd ref="9925469214"/>
  <nd ref="12714744077"/>
  <nd ref="12714744076"/>
  <nd ref="12714744075"/>
  <nd ref="12714744074"/>
  <nd ref="12714744073"/>
  <nd ref="12714120942"/>
  <nd ref="12714120943"/>
  <nd ref="12714120944"/>
  <nd ref="12714120954"/>
  <nd ref="12714120945"/>
  <nd ref="12714120946"/>
  <nd ref="12714120947"/>
  <nd ref="12714120948"/>
  <nd ref="12714120949"/>
  <nd ref="12714120950"/>
  <nd ref="12714120951"/>
  <nd ref="12714120952"/>
  <nd ref="9275533532"/>
  <nd ref="9275533531"/>
  <nd ref="9275533530"/>
  <nd ref="9275533529"/>
  <nd ref="9275533528"/>
  <nd ref="12724301371"/>
  <nd ref="12724334317"/>
  <nd ref="12724329300"/>
  <nd ref="12724301370"/>
  <nd ref="12724301393"/>
  <nd ref="12724301392"/>
  <tag k="landuse" v="military"/>
  <tag k="name" v="Ejército Nacional - Batallón de Ingenieros Nº 5 Francisco José de Caldas"/>
 </way>
 <way id="1374826580" visible="true" version="2" changeset="175221340" timestamp="2025-11-28T03:01:29Z" user="Haeape1" uid="23111686">
  <nd ref="12729586527"/>
  <nd ref="12729586522"/>
  <nd ref="12729586523"/>
  <nd ref="12729586524"/>
  <nd ref="12729586525"/>
  <nd ref="12729586537"/>
  <nd ref="12729586526"/>
  <nd ref="12729586528"/>
  <nd ref="12729586529"/>
  <nd ref="12729586530"/>
  <nd ref="12729586531"/>
  <nd ref="12729586532"/>
  <nd ref="12729586539"/>
  <nd ref="9925469148"/>
  <nd ref="13337486925"/>
  <nd ref="12729586533"/>
  <nd ref="13337486926"/>
  <nd ref="13337486927"/>
  <nd ref="12729586536"/>
  <nd ref="12729586544"/>
  <nd ref="13337486928"/>
  <nd ref="12729586534"/>
  <nd ref="12729586546"/>
  <nd ref="13337486929"/>
  <nd ref="12729586540"/>
  <nd ref="12729586541"/>
  <nd ref="12729586542"/>
  <nd ref="12729586543"/>
  <nd ref="12729586547"/>
  <nd ref="12729586548"/>
  <nd ref="13337486930"/>
  <nd ref="13337486931"/>
  <nd ref="12729586509"/>
  <nd ref="13337486949"/>
  <nd ref="13337486932"/>
  <nd ref="12222443473"/>
  <nd ref="12222443472"/>
  <nd ref="1329838998"/>
  <nd ref="4715393315"/>
  <nd ref="13337486933"/>
  <nd ref="4715393316"/>
  <nd ref="9652154445"/>
  <nd ref="9925473105"/>
  <nd ref="9925473111"/>
  <nd ref="7847532285"/>
  <nd ref="12729586510"/>
  <nd ref="9925473112"/>
  <nd ref="7847515984"/>
  <nd ref="9925473115"/>
  <nd ref="7847515983"/>
  <nd ref="9925473122"/>
  <nd ref="7847515982"/>
  <tag k="barrier" v="wall"/>
 </way>
 <way id="1374826585" visible="true" version="1" changeset="164525254" timestamp="2025-04-04T19:15:50Z" user="Facalderonm" uid="1759764">
  <nd ref="12729586526"/>
  <nd ref="5419421314"/>
  <nd ref="5419421311"/>
  <nd ref="5419421312"/>
  <nd ref="5419421313"/>
  <nd ref="12729586538"/>
  <nd ref="12729586539"/>
  <nd ref="12729586532"/>
  <nd ref="12729586531"/>
  <nd ref="12729586529"/>
  <nd ref="12729586528"/>
  <nd ref="12729586526"/>
  <tag k="landuse" v="grass"/>
 </way>
 <way id="1376605493" visible="true" version="1" changeset="164791217" timestamp="2025-04-10T23:19:41Z" user="Facalderonm" uid="1759764">
  <nd ref="12745716373"/>
  <nd ref="12745716374"/>
  <nd ref="12745716375"/>
  <nd ref="12745716376"/>
  <nd ref="12745716373"/>
  <tag k="landuse" v="residential"/>
 </way>
 <way id="1376605494" visible="true" version="1" changeset="164791217" timestamp="2025-04-10T23:19:41Z" user="Facalderonm" uid="1759764">
  <nd ref="12745716377"/>
  <nd ref="12745716378"/>
  <nd ref="12745716379"/>
  <nd ref="12745716380"/>
  <nd ref="12745716377"/>
  <tag k="landuse" v="residential"/>
 </way>
 <way id="1376606881" visible="true" version="1" changeset="164791312" timestamp="2025-04-10T23:24:04Z" user="Facalderonm" uid="1759764">
  <nd ref="12745760207"/>
  <nd ref="12745760208"/>
  <nd ref="12745760209"/>
  <nd ref="12745760210"/>
  <nd ref="12745760207"/>
  <tag k="landuse" v="residential"/>
 </way>
 <way id="1376611686" visible="true" version="1" changeset="164791739" timestamp="2025-04-10T23:45:51Z" user="Facalderonm" uid="1759764">
  <nd ref="12745786974"/>
  <nd ref="12745786975"/>
  <nd ref="12745786976"/>
  <nd ref="12745786977"/>
  <nd ref="12745786978"/>
  <nd ref="12745786979"/>
  <nd ref="12745786980"/>
  <nd ref="12714325361"/>
  <nd ref="12714325344"/>
  <nd ref="12714325343"/>
  <nd ref="12714325342"/>
  <nd ref="12714325340"/>
  <nd ref="9275653016"/>
  <nd ref="9276029738"/>
  <nd ref="12714190503"/>
  <nd ref="12714190504"/>
  <nd ref="12745786981"/>
  <nd ref="12745786982"/>
  <nd ref="12745786983"/>
  <nd ref="12745786984"/>
  <nd ref="12745786985"/>
  <nd ref="12745786986"/>
  <nd ref="12745786974"/>
  <tag k="landuse" v="residential"/>
 </way>
 <way id="1377799036" visible="true" version="1" changeset="164988338" timestamp="2025-04-15T14:29:36Z" user="Facalderonm" uid="1759764">
  <nd ref="839103737"/>
  <nd ref="839092984"/>
  <nd ref="839100278"/>
  <nd ref="12714325360"/>
  <tag k="highway" v="residential"/>
  <tag k="name" v="Calle 6"/>
  <tag k="oneway" v="yes"/>
 </way>
 <way id="1378103277" visible="true" version="1" changeset="165037046" timestamp="2025-04-16T16:33:47Z" user="Facalderonm" uid="1759764">
  <nd ref="12714469854"/>
  <nd ref="12760078148"/>
  <tag k="highway" v="footway"/>
 </way>
 <way id="1378103278" visible="true" version="1" changeset="165037046" timestamp="2025-04-16T16:33:47Z" user="Facalderonm" uid="1759764">
  <nd ref="12760078148"/>
  <nd ref="12760078149"/>
  <tag k="covered" v="yes"/>
  <tag k="highway" v="footway"/>
 </way>
 <way id="1422380646" visible="true" version="1" changeset="170457800" timestamp="2025-08-14T22:18:12Z" user="Lolj" uid="14546644">
  <nd ref="13071629720"/>
  <nd ref="13071629721"/>
  <nd ref="13071629722"/>
  <nd ref="13071629723"/>
  <nd ref="13071629720"/>
  <tag k="amenity" v="planetarium"/>
  <tag k="building" v="yes"/>
  <tag k="name" v="Planetario UIS"/>
 </way>
 <way id="1422380647" visible="true" version="1" changeset="170457800" timestamp="2025-08-14T22:18:12Z" user="Lolj" uid="14546644">
  <nd ref="13071629724"/>
  <nd ref="6364071055"/>
  <nd ref="13071629725"/>
  <nd ref="13071629726"/>
  <nd ref="13071629727"/>
  <nd ref="13071629728"/>
  <nd ref="5380836454"/>
  <nd ref="13071629724"/>
  <tag k="tourism" v="picnic_site"/>
 </way>
 <way id="1422380648" visible="true" version="1" changeset="170457800" timestamp="2025-08-14T22:18:12Z" user="Lolj" uid="14546644">
  <nd ref="9732098279"/>
  <nd ref="13071629729"/>
  <nd ref="13071629730"/>
  <nd ref="13071629731"/>
  <nd ref="13071629732"/>
  <nd ref="13071629733"/>
  <nd ref="13071629734"/>
  <nd ref="13071629735"/>
  <nd ref="13071629736"/>
  <nd ref="13071629737"/>
  <nd ref="13071629738"/>
  <nd ref="13071629739"/>
  <nd ref="13071629740"/>
  <nd ref="13071629741"/>
  <nd ref="13071629742"/>
  <nd ref="13071629743"/>
  <nd ref="9732098279"/>
  <tag k="landuse" v="landfill"/>
 </way>
 <way id="1422380649" visible="true" version="1" changeset="170457800" timestamp="2025-08-14T22:18:12Z" user="Lolj" uid="14546644">
  <nd ref="13071629744"/>
  <nd ref="12714648994"/>
  <nd ref="13071629745"/>
  <nd ref="13071629746"/>
  <nd ref="13071629744"/>
  <tag k="amenity" v="place_of_worship"/>
  <tag k="building" v="yes"/>
  <tag k="name" v="Iglesia - Lugar de Adoración UIS"/>
  <tag k="religion" v="christian"/>
 </way>
 <way id="1422380650" visible="true" version="1" changeset="170457800" timestamp="2025-08-14T22:18:12Z" user="Lolj" uid="14546644">
  <nd ref="12222723049"/>
  <nd ref="13071629747"/>
  <nd ref="7847297662"/>
  <nd ref="7847297661"/>
  <nd ref="13071629748"/>
  <nd ref="8875392103"/>
  <nd ref="12222723049"/>
  <tag k="name" v="Tortugas y Morrocoyos"/>
  <tag k="tourism" v="zoo"/>
  <tag k="zoo" v="wildlife_park"/>
 </way>
 <way id="1422380651" visible="true" version="1" changeset="170457800" timestamp="2025-08-14T22:18:12Z" user="Lolj" uid="14546644">
  <nd ref="13071629749"/>
  <nd ref="13071629750"/>
  <nd ref="13071629751"/>
  <nd ref="13071629752"/>
  <nd ref="13071629753"/>
  <nd ref="13071629754"/>
  <nd ref="13071629755"/>
  <nd ref="13071629756"/>
  <tag k="highway" v="footway"/>
 </way>
 <way id="1422380652" visible="true" version="1" changeset="170457800" timestamp="2025-08-14T22:18:12Z" user="Lolj" uid="14546644">
  <nd ref="13071629770"/>
  <nd ref="13071629771"/>
  <nd ref="13071629772"/>
  <nd ref="13071629773"/>
  <nd ref="13071629770"/>
  <tag k="leisure" v="pitch"/>
  <tag k="sport" v="table_tennis"/>
 </way>
 <way id="1422380653" visible="true" version="1" changeset="170457800" timestamp="2025-08-14T22:18:12Z" user="Lolj" uid="14546644">
  <nd ref="13071629774"/>
  <nd ref="13071629775"/>
  <nd ref="13071629776"/>
  <nd ref="13071629777"/>
  <nd ref="13071629774"/>
  <tag k="leisure" v="pitch"/>
  <tag k="sport" v="table_tennis"/>
 </way>
 <way id="1422380654" visible="true" version="1" changeset="170457800" timestamp="2025-08-14T22:18:12Z" user="Lolj" uid="14546644">
  <nd ref="13071629778"/>
  <nd ref="13071629779"/>
  <nd ref="13071629780"/>
  <nd ref="13071629781"/>
  <nd ref="13071629778"/>
  <tag k="leisure" v="pitch"/>
  <tag k="sport" v="table_tennis"/>
 </way>
 <way id="1422380655" visible="true" version="1" changeset="170457800" timestamp="2025-08-14T22:18:12Z" user="Lolj" uid="14546644">
  <nd ref="13071629782"/>
  <nd ref="13071629783"/>
  <nd ref="13071629784"/>
  <nd ref="13071629785"/>
  <nd ref="13071629782"/>
  <tag k="leisure" v="pitch"/>
  <tag k="name" v="(UIS 44,1) Campo de Rugby"/>
  <tag k="sport" v="rugby_union"/>
 </way>
 <way id="1481893826" visible="true" version="1" changeset="178901985" timestamp="2026-02-22T14:48:43Z" user="Karol VRC" uid="23819593">
  <nd ref="9275653016"/>
  <nd ref="5407961863"/>
  <nd ref="3185164951"/>
  <nd ref="4829149640"/>
  <nd ref="2791599646"/>
  <nd ref="12714325361"/>
  <nd ref="9275653016"/>
  <tag k="area" v="yes"/>
  <tag k="natural" v="UNI"/>
 </way>
 <relation id="7208961" visible="true" version="3" changeset="85162263" timestamp="2020-05-13T19:43:45Z" user="Andres9601" uid="11171531">
  <member type="way" ref="490726112" role="outer"/>
  <member type="way" ref="118214824" role="inner"/>
  <tag k="lanes" v="8"/>
  <tag k="leisure" v="track"/>
  <tag k="lit" v="yes"/>
  <tag k="sport" v="atletismo"/>
  <tag k="surface" v="paved"/>
  <tag k="type" v="multipolygon"/>
 </relation>
 <relation id="8031342" visible="true" version="6" changeset="164305061" timestamp="2025-03-30T20:53:58Z" user="Facalderonm" uid="1759764">
  <member type="way" ref="562117142" role="outer"/>
  <tag k="addr:city" v="Bucaramanga"/>
  <tag k="addr:street" v="Carrera 27"/>
  <tag k="building" v="university"/>
  <tag k="building:levels" v="3"/>
  <tag k="height" v="12"/>
  <tag k="name" v="(UIS 21) Edificio Federico Mamitza Bayer"/>
  <tag k="type" v="multipolygon"/>
 </relation>
 <relation id="13469212" visible="true" version="8" changeset="162680168" timestamp="2025-02-18T22:53:06Z" user="Spaghetti Monster🍝" uid="8758904">
  <member type="way" ref="1005326618" role="outer"/>
  <member type="way" ref="1005337052" role="outer"/>
  <member type="way" ref="1005326616" role="outer"/>
  <member type="way" ref="1005337050" role="outer"/>
  <member type="way" ref="1005323741" role="outer"/>
  <member type="way" ref="1005323740" role="outer"/>
  <member type="way" ref="1005341853" role="outer"/>
  <tag k="admin_level" v="8"/>
  <tag k="boundary" v="administrative"/>
  <tag k="name" v="Comuna 13 - Oriental"/>
  <tag k="source" v="Alcaldía de Bucaramanga"/>
  <tag k="type" v="boundary"/>
  <tag k="wikidata" v="Q20056043"/>
  <tag k="wikipedia" v="es:Comuna 13 (Bucaramanga)"/>
 </relation>
 <relation id="13469339" visible="true" version="9" changeset="164791739" timestamp="2025-04-10T23:45:51Z" user="Facalderonm" uid="1759764">
  <member type="node" ref="9275688454" role="label"/>
  <member type="way" ref="1005341855" role="outer"/>
  <member type="way" ref="1005323740" role="outer"/>
  <member type="way" ref="1005364544" role="outer"/>
  <member type="way" ref="1005384741" role="outer"/>
  <member type="way" ref="1005341854" role="outer"/>
  <member type="way" ref="1005384742" role="outer"/>
  <tag k="admin_level" v="8"/>
  <tag k="boundary" v="administrative"/>
  <tag k="name" v="Comuna 3 - San Francisco"/>
  <tag k="source" v="Alcaldía de Bucaramanga"/>
  <tag k="type" v="boundary"/>
  <tag k="wikidata" v="Q20055755"/>
  <tag k="wikipedia" v="es:Comuna 3 (Bucaramanga)"/>
 </relation>
 <relation id="13469813" visible="true" version="5" changeset="164791739" timestamp="2025-04-10T23:45:51Z" user="Facalderonm" uid="1759764">
  <member type="node" ref="9276029782" role="label"/>
  <member type="way" ref="1005384739" role="outer"/>
  <member type="way" ref="1005341854" role="outer"/>
  <member type="way" ref="1005384743" role="outer"/>
  <member type="way" ref="1005384744" role="outer"/>
  <tag k="admin_level" v="8"/>
  <tag k="boundary" v="administrative"/>
  <tag k="name" v="Comuna 2 - Nororiental"/>
  <tag k="source" v="Alcaldía de Bucaramanga"/>
  <tag k="type" v="boundary"/>
  <tag k="wikidata" v="Q20055618"/>
  <tag k="wikipedia" v="es:Comuna 2 (Bucaramanga)"/>
 </relation>
 <relation id="13473403" visible="true" version="7" changeset="176197357" timestamp="2025-12-20T21:30:10Z" user="luisma1795" uid="14416317">
  <member type="way" ref="1005647223" role="outer"/>
  <member type="way" ref="1005364547" role="outer"/>
  <member type="way" ref="1005384740" role="outer"/>
  <member type="way" ref="1005384739" role="outer"/>
  <member type="way" ref="1005384741" role="outer"/>
  <member type="way" ref="1005364543" role="outer"/>
  <member type="way" ref="1005647221" role="outer"/>
  <member type="way" ref="1005654037" role="outer"/>
  <member type="way" ref="1387387076" role="outer"/>
  <member type="way" ref="1005671877" role="outer"/>
  <member type="way" ref="1005671879" role="outer"/>
  <member type="way" ref="1005665579" role="outer"/>
  <member type="way" ref="100086921" role="outer"/>
  <member type="way" ref="1005662686" role="outer"/>
  <member type="way" ref="1460144042" role="outer"/>
  <member type="way" ref="1005660628" role="outer"/>
  <member type="way" ref="1460144017" role="outer"/>
  <member type="way" ref="1444737207" role="outer"/>
  <member type="way" ref="1005660629" role="outer"/>
  <member type="way" ref="1005667492" role="outer"/>
  <member type="way" ref="1459690982" role="outer"/>
  <member type="way" ref="1005667491" role="outer"/>
  <member type="way" ref="1005337051" role="outer"/>
  <member type="way" ref="1005337052" role="outer"/>
  <member type="way" ref="1005326617" role="outer"/>
  <member type="way" ref="1005341853" role="outer"/>
  <member type="way" ref="1005384742" role="outer"/>
  <member type="way" ref="1005384743" role="outer"/>
  <member type="way" ref="1005384737" role="outer"/>
  <member type="way" ref="1005384738" role="outer"/>
  <member type="way" ref="1005364548" role="outer"/>
  <member type="way" ref="1005647224" role="outer"/>
  <member type="node" ref="1282585464" role="label"/>
  <tag k="admin_level" v="7"/>
  <tag k="boundary" v="administrative"/>
  <tag k="name" v="Perímetro Urbano Bucaramanga"/>
  <tag k="type" v="boundary"/>
 </relation>
 <relation id="18916185" visible="true" version="2" changeset="176881588" timestamp="2026-01-05T22:45:58Z" user="Haeape1" uid="23111686">
  <member type="way" ref="1321740334" role="outer"/>
  <member type="way" ref="1321847226" role="outer"/>
  <tag k="building" v="university"/>
  <tag k="building:levels" v="3"/>
  <tag k="name" v="(UIS 10) Ingeniería Mecánica"/>
  <tag k="type" v="multipolygon"/>
 </relation>
 <relation id="18916619" visible="true" version="1" changeset="164305061" timestamp="2025-03-30T20:53:58Z" user="Facalderonm" uid="1759764">
  <member type="way" ref="1373191116" role="outer"/>
  <tag k="building" v="university"/>
  <tag k="building:levels" v="5"/>
  <tag k="height" v="16"/>
  <tag k="name" v="(UIS 15) Ingeniería Industrial"/>
  <tag k="type" v="multipolygon"/>
 </relation>
 <relation id="18916907" visible="true" version="1" changeset="164307755" timestamp="2025-03-30T22:43:53Z" user="Facalderonm" uid="1759764">
  <member type="way" ref="490726109" role="outer"/>
  <member type="way" ref="1320771992" role="outer"/>
  <tag k="access" v="permissive"/>
  <tag k="leisure" v="pitch"/>
  <tag k="lit" v="yes"/>
  <tag k="name" v="(UIS 39) Canchas de Tenis"/>
  <tag k="sport" v="tennis"/>
  <tag k="surface" v="paved"/>
  <tag k="type" v="multipolygon"/>
 </relation>
</osm>
